key,lat,lon,type,units,source,addr,status
053-1612-017-00,37.85270175,-122.27854887,ADU,1,v4,,
052-1516-033-00,37.8511691,-122.28144336,ADU,1,v4,,
052-1564-067-00,37.85577728,-122.24788877,ADU,1,v4,,
059-2330-010-00,37.87656622,-122.29608293,ADU,1,v4,,
054-1739-028-00,37.85793265,-122.28369945,ADU,1,v4,,
054-1802-014-00,37.85903174,-122.27950283,ADU,1,v4,,
062-2922-032-00,37.89877786,-122.27912114,ADU,1,v4,,
062-2870-024-00,37.89176549,-122.28628063,ADU,1,v4,,
060-2409-026-00,37.88252396,-122.29249007,ADU,1,v4,,
060-2417-006-00,37.88221247,-122.2876417,ADU,1,v4,,
058-2124-023-00,37.8732191,-122.2967012,ADU,1,v4,,
058-2186-011-00,37.87852357,-122.26413438,ADU,1,v4,,
058-2133-009-00,37.8736343,-122.28871945,ADU,1,v4,,
056-2012-029-00,37.8696882,-122.27582235,ADU,1,v4,,
053-1601-030-00,37.85392973,-122.27176614,ADU,1,v4,,
052-1527-010-02,37.84817598,-122.27055141,ADU,1,v4,,
062-2888-031-00,37.89358472,-122.27765195,ADU,1,v4,,
052-1564-054-00,37.85563928,-122.24967888,ADU,1,v4,,
054-1781-007-00,37.86073648,-122.28781707,ADU,1,v4,,
062-2922-027-00,37.89868329,-122.2783311,ADU,1,v4,,
060-2406-016-00,37.8812075,-122.2944092,ADU,1,v4,,
060-2417-056-00,37.87833366,-122.28947538,ADU,1,v4,,
064-4251-032-00,37.85335545,-122.24293789,ADU,1,v4,,
054-1783-020-00,37.86140926,-122.28524764,ADU,1,v4,,
062-2868-013-00,37.89509534,-122.28585384,ADU,1,v4,,
053-1697-002-00,37.85973344,-122.25181026,ADU,1,v4,,
052-1574-049-00,37.8541571,-122.25687843,ADU,1,v4,,
060-2423-031-00,37.87916421,-122.28608139,ADU,1,v4,,
059-2292-017-02,37.87557897,-122.28911218,ADU,1,v4,,
053-1669-004-00,37.85555685,-122.28058794,ADU,1,v4,,
052-1584-030-00,37.85438437,-122.26396246,ADU,1,v4,,
054-1782-023-00,37.86127205,-122.28652244,ADU,1,v4,,
053-1608-033-00,37.85427023,-122.27593832,ADU,1,v4,,
052-1567-037-00,37.85723587,-122.2510264,ADU,1,v4,,
060-2415-026-00,37.88159916,-122.28870886,ADU,1,v4,,
056-2008-005-00,37.86793675,-122.2775507,ADU,1,v4,,
059-2249-023-01,37.8825245,-122.26279049,ADU,1,v4,,
057-2013-015-00,37.86704223,-122.27513568,ADU,1,v4,,
062-2874-005-00,37.89230935,-122.28509245,ADU,1,v4,,
053-1594-004-00,37.85322962,-122.26695811,ADU,1,v4,,
057-2083-029-00,37.87052036,-122.28933806,ADU,1,v4,,
054-1802-002-00,37.85953956,-122.27836478,ADU,1,v4,,
055-1851-018-00,37.86454753,-122.25111122,ADU,1,v4,,
052-1542-008-00,37.85099117,-122.27727926,ADU,1,v4,,
052-1564-069-00,37.85585196,-122.24746752,ADU,1,v4,,
052-1550-013-00,37.8516694,-122.27170472,ADU,1,v4,,
059-2336-014-00,37.87667777,-122.3001924,ADU,1,v4,,
058-2232-022-00,37.88117817,-122.25398282,ADU,1,v4,,
055-1831-029-00,37.86448254,-122.26118609,ADU,1,v4,,
055-1905-021-00,37.86498853,-122.27523569,ADU,1,v4,,
061-2588-025-00,37.88917514,-122.26708789,ADU,1,v4,,
060-2398-010-00,37.87816765,-122.29263962,ADU,1,v4,,
055-1914-036-00,37.86538489,-122.28070777,ADU,1,v4,,
052-1577-028-00,37.85567919,-122.26108633,ADU,1,v4,,
056-1965-020-00,37.86587917,-122.29659441,ADU,1,v4,,
054-1794-014-01,37.85959574,-122.28220382,ADU,1,v4,,
057-2076-002-00,37.87266821,-122.28316649,ADU,1,v4,,
058-2247-008-00,37.88122821,-122.26063982,ADU,1,v4,,
055-1913-027-00,37.86482278,-122.27992163,ADU,1,v4,,
061-2613-019-00,37.89065754,-122.28083875,ADU,1,v4,,
052-1564-004-00,37.85544603,-122.24786826,ADU,1,v4,,
058-2157-022-00,37.8748971,-122.27965548,ADU,1,v4,,
054-1742-009-00,37.85637033,-122.28714855,ADU,1,v4,,
058-2123-015-00,37.87135656,-122.29588235,ADU,1,v4,,
060-2462-015-00,37.88314357,-122.26588163,ADU,1,v4,,
063-3140-063-00,37.89391655,-122.25596634,ADU,1,v4,,
057-2117-015-00,37.873511,-122.30029053,ADU,1,v4,,
064-4295-046-00,37.85165807,-122.24932888,ADU,1,v4,,
053-1607-015-00,37.85300524,-122.27591203,ADU,1,v4,,
063-2987-013-00,37.89050952,-122.26261048,ADU,1,v4,,
059-2288-006-00,37.87556132,-122.29265979,ADU,1,v4,,
060-2423-014-00,37.87953636,-122.28676524,ADU,1,v4,,
058-2158-030-00,37.87399484,-122.27922417,ADU,1,v4,,
060-2489-025-00,37.88297668,-122.24984514,ADU,1,v4,,
060-2489-024-00,37.88282837,-122.24979672,ADU,1,v4,,
052-1564-056-00,37.85565408,-122.24942171,ADU,1,v4,,
056-1968-008-00,37.86646524,-122.29519252,ADU,1,v4,,
054-1742-072-00,37.85702875,-122.28586036,ADU,1,v4,,
059-2332-017-00,37.8775824,-122.29561268,ADU,1,v4,,
059-2270-005-04,37.88090948,-122.2743987,ADU,1,v4,,
052-1580-001-00,37.85712716,-122.26236546,ADU,1,v4,,
056-1998-040-00,37.86625356,-122.28276751,ADU,1,v4,,
054-1733-041-00,37.85758587,-122.2792252,ADU,1,v4,,
052-1571-019-00,37.85680048,-122.25763563,ADU,1,v4,,
054-1805-033-00,37.86157862,-122.27670688,ADU,1,v4,,
052-1448-005-00,37.84839263,-122.28183997,ADU,1,v4,,
055-1816-013-00,37.86190815,-122.27089287,ADU,1,v4,,
064-4245-017-00,37.85443652,-122.24354118,ADU,1,v4,,
052-1519-022-00,37.84833304,-122.27912573,ADU,1,v4,,
058-2158-005-00,37.87398568,-122.27816202,ADU,1,v4,,
057-2117-016-00,37.87366131,-122.30034027,ADU,1,v4,,
054-1708-015-00,37.86168347,-122.25320207,ADU,1,v4,,
053-1698-006-00,37.85964895,-122.2504689,ADU,1,v4,,
054-1719-009-00,37.86020921,-122.26549688,ADU,1,v4,,
060-2416-007-00,37.88175259,-122.28662611,ADU,1,v4,,
055-1856-014-00,37.86651481,-122.24920439,ADU,1,v4,,
054-1793-014-00,37.85893318,-122.28228788,ADU,1,v4,,
052-1563-036-00,37.85459664,-122.25233795,ADU,1,v4,,
060-2485-041-00,37.88376053,-122.25089479,ADU,1,v4,,
056-1934-002-00,37.8640049,-122.29246582,ADU,1,v4,,
056-1974-020-00,37.86624812,-122.29319634,ADU,1,v4,,
060-2489-042-00,37.88342759,-122.24965525,ADU,1,v4,,
060-2453-018-00,37.88300794,-122.27161641,ADU,1,v4,,
060-2429-024-00,37.88200572,-122.28250231,ADU,1,v4,,
058-2130-033-00,37.87211227,-122.29201885,ADU,1,v4,,
056-1926-003-00,37.86445397,-122.28881571,ADU,1,v4,,
063-2951-023-03,37.90428278,-122.27010034,ADU,1,v4,,
060-2436-003-00,37.88429382,-122.27978291,ADU,1,v4,,
057-2095-004-00,37.8705077,-122.29772681,ADU,1,v4,,
060-2482-016-00,37.88526767,-122.25266832,ADU,1,v4,,
053-1607-032-00,37.85345907,-122.27511203,ADU,1,v4,,
053-1663-020-00,37.85429289,-122.28608486,ADU,1,v4,,
056-1919-006-00,37.86343837,-122.28249076,ADU,1,v4,,
061-2612-013-00,37.8901063,-122.27962288,ADU,1,v4,,
053-1589-007-00,37.8561505,-122.26586828,ADU,1,v4,,
063-2962-013-00,37.89682356,-122.26463878,ADU,1,v4,,
062-2911-022-00,37.89799869,-122.27824131,ADU,1,v4,,
052-1448-003-00,37.8485494,-122.28189971,ADU,1,v4,,
064-4240-017-00,37.8554978,-122.24604552,ADU,1,v4,,
058-2191-002-00,37.87549432,-122.26054768,ADU,1,v4,,
059-2248-014-00,37.88227109,-122.26119769,ADU,1,v4,,
057-2063-007-00,37.87261521,-122.27364866,ADU,1,v4,,
061-2605-007-00,37.88718619,-122.27644271,ADU,1,v4,,
052-1566-013-00,37.85803883,-122.25009137,ADU,1,v4,,
056-1940-026-00,37.86134472,-122.29513478,ADU,1,v4,,
061-2563-008-00,37.88932787,-122.27069954,ADU,1,v4,,
058-2125-035-00,37.8743224,-122.29579274,ADU,1,v4,,
057-2076-007-00,37.87277795,-122.28251488,ADU,1,v4,,
055-1848-023-00,37.86305413,-122.25327297,ADU,1,v4,,
057-2013-032-00,37.86799759,-122.2756448,ADU,1,v4,,
053-1680-012-00,37.85740673,-122.27058679,ADU,1,v4,,
061-2563-014-00,37.88855444,-122.27112709,ADU,1,v4,,
060-2398-013-00,37.87831691,-122.29292509,ADU,1,v4,,
058-2120-023-01,37.87355043,-122.29904027,ADU,1,v4,,
064-4251-024-00,37.85354663,-122.24428967,ADU,1,v4,,
052-1554-020-00,37.8527501,-122.266934,ADU,1,v4,,
054-1784-024-00,37.86011383,-122.28782996,ADU,1,v4,,
056-1924-019-00,37.86361096,-122.28649197,ADU,1,v4,,
060-2451-014-00,37.8822552,-122.27230332,ADU,1,v4,,
058-2121-007-00,37.87399878,-122.29772213,ADU,1,v4,,
053-1701-003-00,37.86057312,-122.25063701,ADU,1,v4,,
055-1822-024-00,37.8635524,-122.26860018,ADU,1,v4,,
060-2415-012-00,37.88226626,-122.28844557,ADU,1,v4,,
061-2605-013-00,37.88638473,-122.27610137,ADU,1,v4,,
056-1971-009-00,37.86657691,-122.29408092,ADU,1,v4,,
055-1840-009-00,37.86237376,-122.2577529,ADU,1,v4,,
058-2119-015-00,37.87113105,-122.29788024,ADU,1,v4,,
056-2007-008-01,37.86766137,-122.27863779,ADU,1,v4,,
060-2393-015-00,37.87648431,-122.29214153,ADU,1,v4,,
062-2868-006-00,37.89595416,-122.28582318,ADU,1,v4,,
058-2157-012-00,37.87460039,-122.27949123,ADU,1,v4,,
052-1556-003-00,37.85321433,-122.2621925,ADU,1,v4,,
060-2408-019-00,37.88132963,-122.29302385,ADU,1,v4,,
059-2258-008-00,37.88156562,-122.26757845,ADU,1,v4,,
054-1783-011-00,37.86110005,-122.28446101,ADU,1,v4,,
064-4251-029-00,37.85376168,-122.24341559,ADU,1,v4,,
063-2961-033-00,37.89454609,-122.26478785,ADU,1,v4,,
063-3130-016-00,37.89607972,-122.2562602,ADU,1,v4,,
060-2428-027-00,37.88102455,-122.28494184,ADU,1,v4,,
057-2081-007-00,37.8709904,-122.28705432,ADU,1,v4,,
054-1726-015-00,37.85797777,-122.27302426,ADU,1,v4,,
057-2067-017-00,37.87241152,-122.2819302,ADU,1,v4,,
052-1559-019-00,37.85363801,-122.25808959,ADU,1,v4,,
053-1627-018-00,37.85179686,-122.2853938,ADU,1,v4,,
060-2433-018-00,37.87993376,-122.28081657,ADU,1,v4,,
060-2469-018-00,37.88639641,-122.25617962,ADU,1,v4,,
052-1526-010-00,37.84727075,-122.27037766,ADU,1,v4,,
052-1545-029-00,37.85161709,-122.27517477,ADU,1,v4,,
060-2429-018-00,37.88282837,-122.2823625,ADU,1,v4,,
059-2280-007-00,37.87961249,-122.27999933,ADU,1,v4,,
058-2245-009-03,37.88075789,-122.25910422,ADU,1,v4,,
063-3150-059-00,37.89168832,-122.25323126,ADU,1,v4,,
058-2144-009-00,37.8757993,-122.2854227,ADU,1,v4,,
060-2436-007-00,37.88389873,-122.27972473,ADU,1,v4,,
058-2187-019-00,37.87781671,-122.26392169,ADU,1,v4,,
063-3140-010-01,37.89423218,-122.25339467,ADU,1,v4,,
055-1909-026-00,37.86509144,-122.27762545,ADU,1,v4,,
054-1792-029-00,37.85883234,-122.28373003,ADU,1,v4,,
055-1912-031-00,37.86491864,-122.27873349,ADU,1,v4,,
058-2159-031-00,37.8743584,-122.27672733,ADU,1,v4,,
060-2462-018-00,37.88356186,-122.26593075,ADU,1,v4,,
056-1984-016-00,37.8652489,-122.2889757,ADU,1,v4,,
059-2270-006-00,37.88081263,-122.27433845,ADU,1,v4,,
060-2433-007-00,37.88062072,-122.28059687,ADU,1,v4,,
054-1791-010-00,37.85945611,-122.2837256,ADU,1,v4,,
058-2177-003-00,37.87657672,-122.26800199,ADU,1,v4,,
054-1702-095-02,37.85913324,-122.24630586,ADU,1,v4,,
055-1816-023-00,37.86220553,-122.27128298,ADU,1,v4,,
060-2400-008-00,37.88061978,-122.29158068,ADU,1,v4,,
054-1717-010-00,37.8592537,-122.26314768,ADU,1,v4,,
055-1865-007-00,37.86700829,-122.25002615,ADU,1,v4,,
060-2437-028-00,37.88329002,-122.27941733,ADU,1,v4,,
054-1797-024-01,37.86209262,-122.279404,ADU,1,v4,,
063-2961-032-00,37.8945392,-122.26465308,ADU,1,v4,,
062-2874-017-00,37.89226777,-122.2853826,ADU,1,v4,,
055-1841-021-00,37.86184924,-122.25705557,ADU,1,v4,,
062-2939-004-00,37.90093418,-122.27304865,ADU,1,v4,,
057-2060-016-00,37.87203425,-122.27399124,ADU,1,v4,,
052-1517-015-00,37.84971509,-122.28251465,ADU,1,v4,,
060-2465-020-00,37.88334577,-122.26397722,ADU,1,v4,,
060-2489-032-00,37.88366295,-122.24945016,ADU,1,v4,,
057-2060-008-00,37.87182099,-122.27502789,ADU,1,v4,,
058-2164-010-00,37.87693998,-122.27615422,ADU,1,v4,,
062-2868-009-00,37.89554913,-122.28582209,ADU,1,v4,,
061-2573-018-00,37.88818124,-122.27577563,ADU,1,v4,,
054-1786-001-00,37.85845609,-122.28688734,ADU,1,v4,,
054-1742-067-00,37.85643943,-122.28657651,ADU,1,v4,,
061-2629-005-00,37.88627945,-122.28151128,ADU,1,v4,,
060-2489-023-00,37.88269723,-122.24974192,ADU,1,v4,,
056-2008-035-00,37.86763729,-122.27788078,ADU,1,v4,,
060-2415-017-00,37.88176868,-122.28864225,ADU,1,v4,,
052-1580-013-00,37.85623168,-122.26163417,ADU,1,v4,,
060-2423-036-00,37.87925315,-122.28559692,ADU,1,v4,,
055-1827-005-00,37.86111852,-122.2628975,ADU,1,v4,,
060-2436-009-00,37.88366204,-122.27977317,ADU,1,v4,,
063-2958-015-00,37.89852361,-122.26962446,ADU,1,v4,,
062-2871-004-00,37.8917693,-122.2820945,ADU,1,v4,,
063-2991-001-00,37.88768773,-122.25476804,ADU,1,v4,,
060-2430-009-00,37.87986763,-122.28385974,ADU,1,v4,,
056-1919-046-00,37.86301542,-122.28153162,ADU,1,v4,,
059-2289-039-00,37.87499233,-122.2918577,ADU,1,v4,,
059-2286-039-00,37.87667556,-122.28615009,ADU,1,v4,,
055-1847-028-00,37.86503641,-122.253428,ADU,1,v4,,
062-2922-018-00,37.89886189,-122.27730035,ADU,1,v4,,
054-1802-010-00,37.85914391,-122.27891204,ADU,1,v4,,
057-2081-001-00,37.87100226,-122.2879446,ADU,1,v4,,
058-2125-008-00,37.87453961,-122.29548016,ADU,1,v4,,
061-2554-003-00,37.88744677,-122.26477198,ADU,1,v4,,
063-2951-013-00,37.9027599,-122.27007768,ADU,1,v4,,
063-2983-013-01,37.89000593,-122.25435162,ADU,1,v4,,
059-2279-003-00,37.87839592,-122.28005308,ADU,1,v4,,
062-2869-008-00,37.89397867,-122.28588969,ADU,1,v4,,
064-4242-006-00,37.85616423,-122.24300999,ADU,1,v4,,
060-2407-014-00,37.88166505,-122.29369798,ADU,1,v4,,
052-1526-004-00,37.84741023,-122.26959877,ADU,1,v4,,
053-1673-026-00,37.85603869,-122.27676793,ADU,1,v4,,
056-1915-032-00,37.86519676,-122.28218826,ADU,1,v4,,
061-2604-007-00,37.88804095,-122.27678111,ADU,1,v4,,
060-2397-019-00,37.87869356,-122.29394176,ADU,1,v4,,
053-1686-033-00,37.85760286,-122.26461697,ADU,1,v4,,
060-2405-018-00,37.88090444,-122.29521002,ADU,1,v4,,
055-1895-009-00,37.86589656,-122.26913015,ADU,1,v4,,
058-2135-003-00,37.87299789,-122.28771203,ADU,1,v4,,
059-2292-029-00,37.87463762,-122.28890463,ADU,1,v4,,
053-1619-026-00,37.8537611,-122.28112078,ADU,1,v4,,
052-1565-013-00,37.85859276,-122.24608487,ADU,1,v4,,
063-2984-019-00,37.88949851,-122.2552417,ADU,1,v4,,
060-2490-025-00,37.88221599,-122.24907594,ADU,1,v4,,
060-2434-017-00,37.88090136,-122.28264499,ADU,1,v4,,
054-1787-008-00,37.85821028,-122.2859228,ADU,1,v4,,
058-2155-015-00,37.87640588,-122.27990826,ADU,1,v4,,
052-1518-008-00,37.84781334,-122.28030825,ADU,1,v4,,
052-1566-030-00,37.85753074,-122.25002922,ADU,1,v4,,
058-2167-004-00,37.87542345,-122.2737469,ADU,1,v4,,
058-2181-018-00,37.87437231,-122.26577087,ADU,1,v4,,
062-2920-028-00,37.89594375,-122.27614835,ADU,1,v4,,
052-1571-016-00,37.85672417,-122.25718149,ADU,1,v4,,
060-2466-080-00,37.88284249,-122.26768702,ADU,1,v4,,
058-2183-003-00,37.87829482,-122.26596838,ADU,1,v4,,
053-1602-003-00,37.8538619,-122.27246459,ADU,1,v4,,
060-2409-051-00,37.88210129,-122.29143845,ADU,1,v4,,
060-2489-041-00,37.88359925,-122.24983987,ADU,1,v4,,
052-1567-052-00,37.85612528,-122.25101862,ADU,1,v4,,
054-1791-024-00,37.85966357,-122.28447323,ADU,1,v4,,
054-1785-022-00,37.85922749,-122.28789573,ADU,1,v4,,
056-1969-016-00,37.86426004,-122.29453205,ADU,1,v4,,
052-1563-101-00,37.85354857,-122.25130452,ADU,1,v4,,
062-2868-016-00,37.89494708,-122.28602971,ADU,1,v4,,
052-1563-104-00,37.85312965,-122.25100566,ADU,1,v4,,
059-2285-006-00,37.87868594,-122.28205183,ADU,1,v4,,
054-1787-005-00,37.85826274,-122.28551526,ADU,1,v4,,
059-2253-003-00,37.88283544,-122.26441706,ADU,1,v4,,
054-1709-035-00,37.86120173,-122.25377688,ADU,1,v4,,
056-1970-002-00,37.86522283,-122.2936958,ADU,1,v4,,
061-2562-007-00,37.8867954,-122.27159159,ADU,1,v4,,
060-2391-074-03,37.88044926,-122.28982201,ADU,1,v4,,
054-1783-017-00,37.86097679,-122.28515582,ADU,1,v4,,
057-2074-012-00,37.87091706,-122.28578232,ADU,1,v4,,
060-2435-041-00,37.88340156,-122.28139411,ADU,1,v4,,
052-1561-009-00,37.85499312,-122.25416502,ADU,1,v4,,
053-1606-026-00,37.85254653,-122.275291,ADU,1,v4,,
056-1936-005-00,37.86208784,-122.29271435,ADU,1,v4,,
058-2155-027-00,37.87676464,-122.27949138,ADU,1,v4,,
059-2251-005-00,37.8807502,-122.26279481,ADU,1,v4,,
055-1833-007-00,37.86230723,-122.26064377,ADU,1,v4,,
053-1626-018-00,37.8509848,-122.28502696,ADU,1,v4,,
054-1806-023-00,37.86231208,-122.27784969,ADU,1,v4,,
056-1933-021-00,37.86287379,-122.29099892,ADU,1,v4,,
060-2438-034-00,37.88106507,-122.2799077,ADU,1,v4,,
055-1913-059-00,37.86299784,-122.27973788,ADU,1,v4,,
056-1970-020-00,37.86518568,-122.29403924,ADU,1,v4,,
062-2923-005-00,37.90233141,-122.27713319,ADU,1,v4,,
055-1847-012-00,37.8645475,-122.25298992,ADU,1,v4,,
055-1904-033-00,37.86646708,-122.27442571,ADU,1,v4,,
060-2436-001-00,37.88446549,-122.28003245,ADU,1,v4,,
061-2559-015-00,37.88849511,-122.27048487,ADU,1,v4,,
053-1663-003-00,37.85484869,-122.28613635,ADU,1,v4,,
054-1727-010-00,37.85900867,-122.27241005,ADU,1,v4,,
060-2391-067-00,37.880348,-122.29011456,ADU,1,v4,,
062-2915-031-00,37.89860439,-122.27372938,ADU,1,v4,,
064-4237-009-00,37.85667103,-122.24469328,ADU,1,v4,,
059-2268-025-00,37.87845406,-122.27335752,ADU,1,v4,,
056-1942-020-00,37.86215725,-122.29662242,ADU,1,v4,,
055-1886-003-00,37.86751191,-122.26391979,ADU,1,v4,,
052-1528-021-00,37.84948338,-122.27012972,ADU,1,v4,,
056-1998-026-00,37.86597228,-122.28242656,ADU,1,v4,,
061-2602-027-00,37.8925256,-122.27761644,ADU,1,v4,,
055-1816-011-00,37.86197453,-122.27065066,ADU,1,v4,,
054-1800-028-00,37.8612247,-122.27917934,ADU,1,v4,,
052-1563-100-01,37.85377959,-122.25140013,ADU,1,v4,,
054-1780-011-00,37.860185,-122.29012642,ADU,1,v4,,
061-2558-010-00,37.88857794,-122.26840174,ADU,1,v4,,
055-1903-023-00,37.86391542,-122.27407653,ADU,1,v4,,
054-1702-089-00,37.86036765,-122.24644735,ADU,1,v4,,
054-1787-016-00,37.85851257,-122.28642348,ADU,1,v4,,
054-1787-010-00,37.85818501,-122.28623291,ADU,1,v4,,
060-2487-031-00,37.8841437,-122.24943548,ADU,1,v4,,
060-2489-026-00,37.8830251,-122.25004655,ADU,1,v4,,
060-2423-040-00,37.87895518,-122.28594092,ADU,1,v4,,
059-2255-019-00,37.87958064,-122.26544748,ADU,1,v4,,
056-2010-003-00,37.86976238,-122.27682161,ADU,1,v4,,
053-1673-012-00,37.85569983,-122.27578494,ADU,1,v4,,
059-2332-023-00,37.877908,-122.29584062,ADU,1,v4,,
062-2869-033-00,37.89414345,-122.28617066,ADU,1,v4,,
056-1931-018-00,37.86194411,-122.28618394,ADU,1,v4,,
053-1677-009-00,37.8576991,-122.27181022,ADU,1,v4,,
060-2423-049-00,37.87847303,-122.28711158,ADU,1,v4,,
061-2560-015-00,37.88690137,-122.27063871,ADU,1,v4,,
064-4247-017-00,37.85279348,-122.24774948,ADU,1,v4,,
054-1800-022-00,37.86112046,-122.27996706,ADU,1,v4,,
054-1787-023-00,37.85863878,-122.28545155,ADU,1,v4,,
054-1739-035-00,37.85808398,-122.28274533,ADU,1,v4,,
054-1718-012-00,37.86018405,-122.26331362,ADU,1,v4,,
062-2869-006-00,37.89417915,-122.28595349,ADU,1,v4,,
060-2408-005-00,37.88254158,-122.29309797,ADU,1,v4,,
053-1609-002-01,37.85531948,-122.27468399,ADU,1,v4,,
058-2124-031-00,37.87407902,-122.29696594,ADU,1,v4,,
055-1909-016-00,37.86493109,-122.27723405,ADU,1,v4,,
052-1559-013-00,37.85347774,-122.25766229,ADU,1,v4,,
061-2574-002-00,37.89016385,-122.27307865,ADU,1,v4,,
053-1602-008-00,37.85331227,-122.27240642,ADU,1,v4,,
060-2437-022-00,37.88364862,-122.27861325,ADU,1,v4,,
058-2151-018-01,37.87452901,-122.28181897,ADU,1,v4,,
058-2129-002-00,37.87315426,-122.29084738,ADU,1,v4,,
060-2435-017-00,37.88315762,-122.2809198,ADU,1,v4,,
060-2417-037-01,37.87943912,-122.28867128,ADU,1,v4,,
053-1608-023-00,37.85405426,-122.27669847,ADU,1,v4,,
061-2578-026-00,37.89161258,-122.27246659,ADU,1,v4,,
060-2489-034-00,37.88384195,-122.24917238,ADU,1,v4,,
057-2030-002-00,37.86918562,-122.26700375,ADU,1,v4,,
052-1563-168-00,37.85293238,-122.25010003,ADU,1,v4,,
052-1536-004-00,37.84918871,-122.27625853,ADU,1,v4,,
060-2409-009-02,37.88218798,-122.29205991,ADU,1,v4,,
052-1565-040-00,37.85827993,-122.24811033,ADU,1,v4,,
052-1536-011-00,37.8491695,-122.27744405,ADU,1,v4,,
062-2942-030-00,37.90143863,-122.27434401,ADU,1,v4,,
052-1528-022-00,37.84947763,-122.26998179,ADU,1,v4,,
054-1796-026-00,37.86169206,-122.28245942,ADU,1,v4,,
056-1987-028-00,37.86555916,-122.28840104,ADU,1,v4,,
061-2563-002-00,37.88984732,-122.27134114,ADU,1,v4,,
052-1582-002-00,37.85676815,-122.26448272,ADU,1,v4,,
056-1969-030-00,37.86468775,-122.29509545,ADU,1,v4,,
053-1604-012-00,37.85484922,-122.27357931,ADU,1,v4,,
056-1938-003-00,37.86351577,-122.29460411,ADU,1,v4,,
064-4295-012-00,37.85236045,-122.24782255,ADU,1,v4,,
052-1564-044-00,37.85557519,-122.25120397,ADU,1,v4,,
060-2391-038-00,37.87731758,-122.29099931,ADU,1,v4,,
057-2018-027-00,37.86800454,-122.27335846,ADU,1,v4,,
058-2123-019-00,37.87163011,-122.29617235,ADU,1,v4,,
060-2492-009-02,37.88283242,-122.24755099,ADU,1,v4,,
060-2403-022-00,37.87958559,-122.29422007,ADU,1,v4,,
059-2334-015-00,37.87734906,-122.29803715,ADU,1,v4,,
054-1792-026-00,37.85878464,-122.2841221,ADU,1,v4,,
057-2075-002-01,37.87156332,-122.28246132,ADU,1,v4,,
063-3140-002-04,37.89585385,-122.25481381,ADU,1,v4,,
055-1880-022-01,37.86652952,-122.25910993,ADU,1,v4,,
059-2288-035-00,37.87446558,-122.2925848,ADU,1,v4,,
061-2560-009-00,37.88727959,-122.27070209,ADU,1,v4,,
053-1679-022-00,37.85680824,-122.27049479,ADU,1,v4,,
059-2311-010-00,37.87528894,-122.29569218,ADU,1,v4,,
054-1739-025-00,37.85788213,-122.28410416,ADU,1,v4,,
057-2094-016-00,37.86978533,-122.29680579,ADU,1,v4,,
052-1563-071-00,37.8529608,-122.25188014,ADU,1,v4,,
054-1792-008-00,37.85855012,-122.28325779,ADU,1,v4,,
052-1438-029-00,37.84784861,-122.27669476,ADU,1,v4,,
064-4229-003-00,37.85551007,-122.23801836,ADU,1,v4,,
058-2246-038-00,37.88027754,-122.25930167,ADU,1,v4,,
053-1612-018-00,37.85265283,-122.27862922,ADU,1,v4,,
058-2155-017-01,37.87628906,-122.28021313,ADU,1,v4,,
060-2430-028-00,37.8801675,-122.28411994,ADU,1,v4,,
056-1938-019-03,37.86231639,-122.29393194,ADU,1,v4,,
054-1738-025-01,37.85639189,-122.28195995,ADU,1,v4,,
059-2256-007-00,37.88003183,-122.2662569,ADU,1,v4,,
061-2618-021-03,37.8869022,-122.2816465,ADU,1,v4,,
054-1779-010-00,37.85992777,-122.29064231,ADU,1,v4,,
061-2569-009-00,37.88631747,-122.27444145,ADU,1,v4,,
057-2095-013-02,37.86991916,-122.29797438,ADU,1,v4,,
052-1448-011-00,37.84762393,-122.28154685,ADU,1,v4,,
054-1708-005-00,37.86172834,-122.25180506,ADU,1,v4,,
064-4295-026-00,37.85250044,-122.24930613,ADU,1,v4,,
060-2409-008-00,37.88229916,-122.29209436,ADU,1,v4,,
057-2083-002-00,37.87054942,-122.28914894,ADU,1,v4,,
052-1582-004-00,37.85680336,-122.26416306,ADU,1,v4,,
059-2257-012-00,37.88141245,-122.26637965,ADU,1,v4,,
058-2141-010-00,37.87278266,-122.28611634,ADU,1,v4,,
052-1516-001-00,37.85135512,-122.28122358,ADU,1,v4,,
061-2576-007-00,37.89555541,-122.27646003,ADU,1,v4,,
052-1565-039-00,37.858163,-122.2480798,ADU,1,v4,,
056-1938-029-00,37.86303289,-122.29450932,ADU,1,v4,,
052-1564-022-00,37.85527797,-122.25054249,ADU,1,v4,,
053-1686-024-00,37.85744006,-122.2657601,ADU,1,v4,,
056-1941-021-00,37.86289741,-122.29563593,ADU,1,v4,,
063-3110-069-00,37.90068318,-122.26199034,ADU,1,v4,,
059-2292-033-00,37.87421128,-122.28908058,ADU,1,v4,,
056-1917-013-00,37.8643263,-122.28361561,ADU,1,v4,,
052-1364-002-00,37.84883905,-122.26872911,ADU,1,v4,,
052-1434-003-00,37.8464149,-122.27198493,ADU,1,v4,,
056-1989-003-00,37.86840708,-122.28777747,ADU,1,v4,,
063-2961-047-00,37.89563657,-122.26642177,ADU,1,v4,,
053-1669-026-00,37.85521637,-122.27983494,ADU,1,v4,,
061-2610-009-00,37.88811549,-122.2778248,ADU,1,v4,,
053-1658-014-00,37.85423249,-122.29126181,ADU,1,v4,,
061-2620-021-00,37.88530588,-122.28215701,ADU,1,v4,,
056-2012-023-00,37.86887496,-122.27575871,ADU,1,v4,,
054-1716-027-00,37.85990621,-122.2608039,ADU,1,v4,,
055-1828-012-00,37.86192738,-122.26374789,ADU,1,v4,,
053-1627-007-00,37.85208773,-122.28410656,ADU,1,v4,,
060-2428-028-00,37.88115141,-122.28492716,ADU,1,v4,,
054-1807-002-00,37.86277438,-122.27452448,ADU,1,v4,,
062-2890-039-00,37.89640458,-122.28298858,ADU,1,v4,,
058-2159-033-00,37.87441366,-122.27648645,ADU,1,v4,,
054-1786-020-00,37.85834604,-122.28771512,ADU,1,v4,,
063-2991-014-00,37.88762102,-122.2562713,ADU,1,v4,,
059-2325-011-00,37.87509746,-122.30150563,ADU,1,v4,,
064-4234-014-00,37.85699031,-122.241796,ADU,1,v4,,
060-2478-014-00,37.88308809,-122.25300696,ADU,1,v4,,
056-1985-012-00,37.86726754,-122.28937914,ADU,1,v4,,
055-1905-012-00,37.86582128,-122.27503999,ADU,1,v4,,
055-1826-011-00,37.8608201,-122.26548428,ADU,1,v4,,
053-1686-005-00,37.857345,-122.26404602,ADU,1,v4,,
054-1785-005-00,37.8589869,-122.2872726,ADU,1,v4,,
058-2165-025-00,37.87640666,-122.27543799,ADU,1,v4,,
053-1692-020-00,37.85903985,-122.2580848,ADU,1,v4,,
061-2609-007-00,37.88681551,-122.27754722,ADU,1,v4,,
060-2392-022-00,37.87895338,-122.29123461,ADU,1,v4,,
060-2433-024-00,37.88058982,-122.28117882,ADU,1,v4,,
062-2886-007-00,37.89303762,-122.2812632,ADU,1,v4,,
055-1830-015-00,37.86396648,-122.2649955,ADU,1,v4,,
061-2570-021-00,37.88691357,-122.27530957,ADU,1,v4,,
055-1869-016-00,37.86814451,-122.25351381,ADU,1,v4,,
060-2404-002-00,37.8804674,-122.29506775,ADU,1,v4,,
055-1848-005-00,37.86338253,-122.25287404,ADU,1,v4,,
062-2945-028-00,37.90222286,-122.27174326,ADU,1,v4,,
060-2417-044-00,37.8783045,-122.28913392,ADU,1,v4,,
060-2391-055-00,37.8791257,-122.29059327,ADU,1,v4,,
053-1673-014-00,37.85598103,-122.27568931,ADU,1,v4,,
056-1919-028-00,37.8628366,-122.28280544,ADU,1,v4,,
061-2611-023-00,37.89046881,-122.27869483,ADU,1,v4,,
062-2882-025-00,37.89409465,-122.28299993,ADU,1,v4,,
063-2958-004-00,37.89924995,-122.26954127,ADU,1,v4,,
057-2013-017-00,37.86686721,-122.27510978,ADU,1,v4,,
064-4295-023-01,37.85217709,-122.24901198,ADU,1,v4,,
058-2124-028-00,37.87375702,-122.2968625,ADU,1,v4,,
063-2963-059-00,37.89699281,-122.26414589,ADU,1,v4,,
060-2404-015-00,37.87912575,-122.29464068,ADU,1,v4,,
056-1987-014-00,37.86572215,-122.2880138,ADU,1,v4,,
061-2556-024-00,37.88639021,-122.26624694,ADU,1,v4,,
058-2232-012-01,37.88155782,-122.25297178,ADU,1,v4,,
053-1619-012-00,37.85359063,-122.28045546,ADU,1,v4,,
055-1849-022-00,37.86274909,-122.25208253,ADU,1,v4,,
059-2327-011-00,37.87580623,-122.2994104,ADU,1,v4,,
052-1515-046-00,37.8508012,-122.28383649,ADU,1,v4,,
053-1695-021-01,37.85913941,-122.25404756,ADU,1,v4,,
058-2163-014-00,37.87668524,-122.27786721,ADU,1,v4,,
053-1688-011-00,37.85841116,-122.26288173,ADU,1,v4,,
053-1689-025-00,37.85898606,-122.26114924,ADU,1,v4,,
056-1924-016-00,37.86382556,-122.28659524,ADU,1,v4,,
055-1914-054-00,37.86458812,-122.28092627,ADU,1,v4,,
058-2120-006-00,37.8736711,-122.29872238,ADU,1,v4,,
054-1791-009-00,37.8594491,-122.28357133,ADU,1,v4,,
054-1702-023-00,37.86127057,-122.24725992,ADU,1,v4,,
054-1740-006-00,37.85769668,-122.28553743,ADU,1,v4,,
060-2406-033-00,37.88224723,-122.29508786,ADU,1,v4,,
054-1785-025-00,37.85928005,-122.28749061,ADU,1,v4,,
052-1563-037-00,37.85462349,-122.25218095,ADU,1,v4,,
059-2282-029-00,37.88021775,-122.27836809,ADU,1,v4,,
060-2435-049-00,37.88429001,-122.28107661,ADU,1,v4,,
054-1813-013-00,37.86159121,-122.27332335,ADU,1,v4,,
054-1741-014-00,37.85627937,-122.28252003,ADU,1,v4,,
060-2474-001-02,37.88347596,-122.25943573,ADU,1,v4,,
064-4231-012-00,37.85406404,-122.23468269,ADU,1,v4,,
056-1917-026-00,37.86448516,-122.28400046,ADU,1,v4,,
054-1730-021-02,37.85797531,-122.277116,ADU,1,v4,,
055-1851-022-00,37.86495763,-122.25111998,ADU,1,v4,,
053-1676-012-00,37.85592766,-122.27480835,ADU,1,v4,,
060-2416-052-00,37.87891435,-122.28790541,ADU,1,v4,,
053-1697-014-00,37.85902593,-122.25184783,ADU,1,v4,,
053-1701-018-00,37.86080299,-122.2479011,ADU,1,v4,,
060-2437-008-00,37.88449557,-122.27721661,ADU,1,v4,,
054-1781-004-00,37.86072751,-122.28751242,ADU,1,v4,,
053-1594-022-00,37.85345026,-122.26708174,ADU,1,v4,,
059-2311-002-00,37.87576023,-122.29632039,ADU,1,v4,,
054-1792-031-00,37.85889034,-122.28346518,ADU,1,v4,,
056-1931-014-00,37.86237448,-122.28626419,ADU,1,v4,,
052-1521-009-00,37.8487077,-122.2742899,ADU,1,v4,,
060-2466-030-00,37.88523895,-122.26678096,ADU,1,v4,,
052-1548-011-00,37.85075161,-122.27173823,ADU,1,v4,,
052-1563-072-00,37.8528227,-122.25186614,ADU,1,v4,,
059-2252-025-00,37.88056979,-122.26444463,ADU,1,v4,,
052-1563-182-00,37.85137261,-122.25125506,ADU,1,v4,,
053-1689-009-00,37.85871243,-122.2603428,ADU,1,v4,,
060-2391-029-00,37.87762599,-122.29081992,ADU,1,v4,,
059-2277-022-00,37.8783669,-122.2782998,ADU,1,v4,,
055-1825-024-01,37.86203968,-122.26556585,ADU,1,v4,,
052-1556-024-00,37.85309825,-122.26352173,ADU,1,v4,,
060-2402-003-00,37.880677,-122.29334942,ADU,1,v4,,
060-2485-011-00,37.88613597,-122.25182164,ADU,1,v4,,
060-2423-085-00,37.87826849,-122.28749218,ADU,1,v4,,
064-4247-021-00,37.85323221,-122.24820237,ADU,1,v4,,
056-1998-047-00,37.86645828,-122.28344622,ADU,1,v4,,
060-2465-006-00,37.88623992,-122.26313042,ADU,1,v4,,
060-2423-001-00,37.88044531,-122.28643777,ADU,1,v4,,
058-2209-016-00,37.87837606,-122.25794501,ADU,1,v4,,
053-1628-032-00,37.85295532,-122.2857097,ADU,1,v4,,
053-1680-024-00,37.85767981,-122.27079386,ADU,1,v4,,
060-2490-024-00,37.88215513,-122.24926793,ADU,1,v4,,
054-1800-017-00,37.86066512,-122.28020298,ADU,1,v4,,
054-1784-011-00,37.85973088,-122.2881379,ADU,1,v4,,
058-2162-014-00,37.87579445,-122.27676072,ADU,1,v4,,
056-1988-002-03,37.86663914,-122.28746212,ADU,1,v4,,
056-1931-012-00,37.86256304,-122.28634201,ADU,1,v4,,
054-1733-007-00,37.85737258,-122.27789566,ADU,1,v4,,
055-1867-010-00,37.86605299,-122.25298084,ADU,1,v4,,
052-1579-014-00,37.8572445,-122.26130329,ADU,1,v4,,
060-2394-016-00,37.87734032,-122.29351195,ADU,1,v4,,
064-4242-025-00,37.85563234,-122.24314975,ADU,1,v4,,
053-1696-012-00,37.85887551,-122.2524826,ADU,1,v4,,
056-2000-005-00,37.86909358,-122.28112828,ADU,1,v4,,
054-1783-013-00,37.86110962,-122.28468615,ADU,1,v4,,
053-1694-014-00,37.85844871,-122.25494845,ADU,1,v4,,
052-1584-024-00,37.85371608,-122.26389946,ADU,1,v4,,
062-2889-021-00,37.89390467,-122.28110009,ADU,1,v4,,
052-1520-017-00,37.84864481,-122.27700032,ADU,1,v4,,
060-2466-044-00,37.88562842,-122.26728844,ADU,1,v4,,
056-1922-009-00,37.86426473,-122.28539286,ADU,1,v4,,
052-1564-058-00,37.85567592,-122.24908359,ADU,1,v4,,
052-1435-006-00,37.84617529,-122.27416891,ADU,1,v4,,
063-2972-070-00,37.89393802,-122.26577499,ADU,1,v4,,
062-2874-008-00,37.89197477,-122.28511608,ADU,1,v4,,
061-2609-023-00,37.88678341,-122.27796126,ADU,1,v4,,
060-2445-045-00,37.88183237,-122.27922953,ADU,1,v4,,
058-2160-013-00,37.87483286,-122.27749839,ADU,1,v4,,
052-1535-028-00,37.84987022,-122.27460158,ADU,1,v4,,
060-2417-063-00,37.87902229,-122.28925173,ADU,1,v4,,
053-1669-024-00,37.85541808,-122.27995618,ADU,1,v4,,
052-1569-024-00,37.85778367,-122.25522583,ADU,1,v4,,
059-2336-005-00,37.87738246,-122.29989502,ADU,1,v4,,
054-1726-012-00,37.85807992,-122.27264879,ADU,1,v4,,
061-2605-017-00,37.8858359,-122.27612929,ADU,1,v4,,
055-1887-010-00,37.86638892,-122.26495994,ADU,1,v4,,
055-1849-013-00,37.86277734,-122.25162206,ADU,1,v4,,
056-1937-014-00,37.86253706,-122.29270938,ADU,1,v4,,
060-2484-004-03,37.88342285,-122.25108126,ADU,1,v4,,
055-1816-012-00,37.86195875,-122.27077905,ADU,1,v4,,
058-2121-013-00,37.87325622,-122.29742291,ADU,1,v4,,
060-2394-030-00,37.87693389,-122.29308369,ADU,1,v4,,
053-1602-021-00,37.85262996,-122.27269365,ADU,1,v4,,
055-1902-024-00,37.86397406,-122.27297563,ADU,1,v4,,
057-2018-007-00,37.86819855,-122.27301157,ADU,1,v4,,
054-1800-005-00,37.86105151,-122.27878484,ADU,1,v4,,
061-2611-013-00,37.88979934,-122.27822262,ADU,1,v4,,
052-1517-011-00,37.84993738,-122.28209592,ADU,1,v4,,
058-2129-017-00,37.87314657,-122.29153493,ADU,1,v4,,
055-1912-034-00,37.86527052,-122.27880043,ADU,1,v4,,
058-2181-023-00,37.87505126,-122.2661138,ADU,1,v4,,
059-2313-008-00,37.87524211,-122.29793603,ADU,1,v4,,
056-2006-010-00,37.86878259,-122.27758958,ADU,1,v4,,
058-2172-003-01,37.87793111,-122.27164138,ADU,1,v4,,
059-2292-021-00,37.87531284,-122.28898696,ADU,1,v4,,
052-1563-079-00,37.85191732,-122.25179834,ADU,1,v4,,
055-1913-029-00,37.86503311,-122.27994539,ADU,1,v4,,
056-1934-008-00,37.86381924,-122.29204414,ADU,1,v4,,
052-1563-171-00,37.85328361,-122.250356,ADU,1,v4,,
056-1971-024-00,37.86648907,-122.29451918,ADU,1,v4,,
052-1537-016-00,37.84912391,-122.27947541,ADU,1,v4,,
055-1830-022-00,37.86409318,-122.26384973,ADU,1,v4,,
057-2078-024-00,37.87223458,-122.2853487,ADU,1,v4,,
058-2153-028-00,37.87563794,-122.28103478,ADU,1,v4,,
058-2179-008-00,37.87778105,-122.26705623,ADU,1,v4,,
055-1832-014-00,37.86300613,-122.26221389,ADU,1,v4,,
054-1789-009-00,37.85996924,-122.28628319,ADU,1,v4,,
056-1935-030-00,37.86188199,-122.29177548,ADU,1,v4,,
062-2869-025-00,37.89335501,-122.28620135,ADU,1,v4,,
052-1582-005-00,37.8568243,-122.26400281,ADU,1,v4,,
060-2466-053-00,37.88289927,-122.26656215,ADU,1,v4,,
059-2332-021-00,37.87771814,-122.29579366,ADU,1,v4,,
056-1919-041-00,37.86350818,-122.28158549,ADU,1,v4,,
060-2449-003-00,37.88494188,-122.27380614,ADU,1,v4,,
052-1552-010-00,37.85141762,-122.2691348,ADU,1,v4,,
060-2392-054-00,37.87794546,-122.29194361,ADU,1,v4,,
062-2887-012-00,37.89354,-122.27864287,ADU,1,v4,,
060-2493-013-03,37.88596157,-122.24822971,ADU,1,v4,,
055-1847-020-00,37.86410722,-122.25353479,ADU,1,v4,,
060-2391-057-01,37.87923122,-122.29055389,ADU,1,v4,,
055-1822-027-00,37.86359766,-122.26897043,ADU,1,v4,,
056-1927-026-00,37.86360709,-122.28885741,ADU,1,v4,,
062-2923-004-00,37.90240022,-122.27729017,ADU,1,v4,,
053-1673-020-00,37.85565662,-122.27696119,ADU,1,v4,,
060-2435-010-00,37.88394589,-122.28067724,ADU,1,v4,,
058-2137-001-00,37.87492246,-122.28832637,ADU,1,v4,,
053-1689-006-02,37.85882932,-122.25993503,ADU,1,v4,,
054-1803-009-00,37.8594242,-122.2767237,ADU,1,v4,,
064-4240-002-00,37.85520844,-122.24381334,ADU,1,v4,,
053-1696-001-00,37.85967042,-122.25300379,ADU,1,v4,,
052-1515-026-00,37.85051156,-122.28523861,ADU,1,v4,,
060-2438-020-00,37.88082512,-122.27921453,ADU,1,v4,,
055-1901-016-00,37.8654927,-122.27310414,ADU,1,v4,,
056-1926-004-00,37.86430282,-122.28880316,ADU,1,v4,,
056-2011-004-00,37.87052125,-122.27543567,ADU,1,v4,,
052-1545-031-00,37.85165334,-122.27488811,ADU,1,v4,,
058-2153-026-00,37.87562495,-122.28132232,ADU,1,v4,,
057-2063-011-00,37.8725459,-122.27418841,ADU,1,v4,,
052-1560-013-00,37.85454225,-122.25516177,ADU,1,v4,,
053-1688-010-00,37.85842968,-122.26273753,ADU,1,v4,,
052-1563-047-00,37.85472998,-122.2508078,ADU,1,v4,,
056-1919-025-00,37.86254803,-122.28277876,ADU,1,v4,,
061-2575-023-00,37.89266494,-122.27659255,ADU,1,v4,,
054-1795-015-00,37.86043876,-122.2825978,ADU,1,v4,,
056-1998-031-00,37.86576004,-122.28313493,ADU,1,v4,,
054-1783-006-00,37.86118036,-122.2838362,ADU,1,v4,,
061-2612-008-00,37.89019883,-122.27932257,ADU,1,v4,,
060-2397-009-00,37.87812052,-122.29342998,ADU,1,v4,,
063-3140-049-00,37.89292357,-122.25418929,ADU,1,v4,,
055-1840-007-00,37.86262918,-122.25790192,ADU,1,v4,,
061-2615-023-00,37.8895348,-122.28094935,ADU,1,v4,,
052-1438-023-00,37.84779603,-122.27708728,ADU,1,v4,,
054-1736-010-00,37.85788328,-122.28200559,ADU,1,v4,,
052-1566-047-00,37.85663565,-122.25018069,ADU,1,v4,,
060-2445-043-00,37.88167865,-122.27909554,ADU,1,v4,,
060-2396-009-00,37.87798455,-122.29427009,ADU,1,v4,,
063-2969-034-35,37.89391408,-122.25891224,ADU,1,v4,,
058-2153-012-00,37.87521796,-122.28155338,ADU,1,v4,,
060-2484-007-01,37.88342122,-122.25044404,ADU,1,v4,,
062-2886-002-00,37.89334249,-122.28108005,ADU,1,v4,,
060-2398-009-00,37.87831354,-122.29262698,ADU,1,v4,,
060-2432-003-03,37.87971056,-122.28126484,ADU,1,v4,,
056-1935-026-03,37.86145698,-122.29163296,ADU,1,v4,,
056-1997-052-00,37.86810224,-122.28301942,ADU,1,v4,,
055-1853-004-00,37.86859624,-122.24964527,ADU,1,v4,,
055-1817-010-00,37.86109202,-122.27060415,ADU,1,v4,,
052-1559-012-00,37.85349722,-122.25750657,ADU,1,v4,,
053-1677-008-00,37.85778628,-122.27182428,ADU,1,v4,,
055-1884-005-00,37.86667817,-122.26240838,ADU,1,v4,,
060-2484-005-00,37.88345301,-122.25077718,ADU,1,v4,,
052-1566-014-00,37.85789707,-122.25039119,ADU,1,v4,,
053-1624-006-00,37.85246284,-122.28158274,ADU,1,v4,,
054-1742-043-00,37.85629514,-122.28618226,ADU,1,v4,,
054-1739-017-00,37.85759709,-122.28423645,ADU,1,v4,,
056-1934-004-00,37.86408677,-122.29212092,ADU,1,v4,,
060-2490-022-01,37.88214449,-122.2496609,ADU,1,v4,,
063-2964-044-00,37.89680395,-122.26246929,ADU,1,v4,,
058-2184-014-00,37.87795254,-122.2649965,ADU,1,v4,,
059-2337-004-00,37.87725041,-122.3013218,ADU,1,v4,,
056-2008-011-01,37.86734878,-122.27743036,ADU,1,v4,,
063-3110-048-00,37.9015234,-122.26544569,ADU,1,v4,,
052-1425-020-00,37.8524206,-122.26406346,ADU,1,v4,,
054-1795-018-00,37.8607983,-122.28266257,ADU,1,v4,,
061-2608-011-00,37.88621464,-122.27905255,ADU,1,v4,,
061-2575-064-00,37.89425279,-122.27666253,ADU,1,v4,,
052-1433-010-00,37.84670398,-122.27042825,ADU,1,v4,,
060-2429-041-00,37.88165708,-122.28313645,ADU,1,v4,,
058-2167-022-00,37.87546356,-122.27514481,ADU,1,v4,,
061-2559-020-00,37.88906405,-122.26997031,ADU,1,v4,,
054-1736-009-00,37.85789918,-122.28188472,ADU,1,v4,,
052-1565-057-00,37.85774066,-122.24631434,ADU,1,v4,,
060-2450-025-01,37.88455434,-122.27293633,ADU,1,v4,,
057-2062-010-00,37.87225035,-122.27658352,ADU,1,v4,,
055-1841-024-00,37.86231473,-122.25705972,ADU,1,v4,,
056-1976-020-00,37.86462897,-122.29164243,ADU,1,v4,,
053-1599-009-00,37.8554823,-122.27039964,ADU,1,v4,,
061-2558-012-00,37.88828832,-122.26858498,ADU,1,v4,,
060-2423-018-00,37.87995272,-122.28659132,ADU,1,v4,,
055-1870-008-00,37.86849294,-122.25404664,ADU,1,v4,,
055-1852-006-00,37.86359192,-122.25056268,ADU,1,v4,,
054-1729-017-00,37.85776419,-122.27487194,ADU,1,v4,,
058-2171-019-00,37.87631026,-122.27277463,ADU,1,v4,,
052-1526-024-00,37.8478326,-122.26954447,ADU,1,v4,,
061-2550-004-00,37.88704436,-122.26290119,ADU,1,v4,,
054-1794-027-00,37.86014275,-122.2809513,ADU,1,v4,,
055-1910-029-00,37.86376243,-122.27746742,ADU,1,v4,,
056-1919-011-00,37.862956,-122.28243828,ADU,1,v4,,
060-2409-055-00,37.8825507,-122.2916049,ADU,1,v4,,
055-1912-013-00,37.86554254,-122.27837524,ADU,1,v4,,
061-2570-025-00,37.88680525,-122.27553869,ADU,1,v4,,
056-1994-033-00,37.86781187,-122.2845526,ADU,1,v4,,
055-1913-015-00,37.86474658,-122.27947423,ADU,1,v4,,
054-1786-009-00,37.85798971,-122.28779551,ADU,1,v4,,
062-2869-015-00,37.89330095,-122.2859167,ADU,1,v4,,
060-2451-009-00,37.88279666,-122.27239803,ADU,1,v4,,
060-2447-010-00,37.88219143,-122.27454287,ADU,1,v4,,
060-2465-003-00,37.88616331,-122.26367139,ADU,1,v4,,
055-1911-007-00,37.8639337,-122.27822885,ADU,1,v4,,
052-1428-008-00,37.8520199,-122.26688054,ADU,1,v4,,
052-1545-008-00,37.85138825,-122.2745548,ADU,1,v4,,
054-1784-004-00,37.85985275,-122.28720126,ADU,1,v4,,
052-1563-137-00,37.85392624,-122.24998598,ADU,1,v4,,
053-1625-006-00,37.85176585,-122.28132698,ADU,1,v4,,
054-1720-029-00,37.85940806,-122.26481659,ADU,1,v4,,
054-1789-016-00,37.86031467,-122.28678821,ADU,1,v4,,
052-1517-007-00,37.85001553,-122.28156503,ADU,1,v4,,
054-1797-023-00,37.86204691,-122.27958058,ADU,1,v4,,
060-2487-027-00,37.8846797,-122.24971529,ADU,1,v4,,
063-2983-025-00,37.88851862,-122.25294562,ADU,1,v4,,
053-1660-024-00,37.85437404,-122.2889596,ADU,1,v4,,
059-2312-001-00,37.87549878,-122.29760954,ADU,1,v4,,
063-2983-011-00,37.89009394,-122.25464594,ADU,1,v4,,
052-1548-008-00,37.85122217,-122.27173595,ADU,1,v4,,
052-1564-034-00,37.8553454,-122.25250806,ADU,1,v4,,
053-1606-021-00,37.8524556,-122.27597647,ADU,1,v4,,
055-1894-016-00,37.86714035,-122.26868615,ADU,1,v4,,
055-1887-011-00,37.86633723,-122.26515274,ADU,1,v4,,
053-1628-037-00,37.85306127,-122.28512681,ADU,1,v4,,
053-1667-003-00,37.85542045,-122.28234697,ADU,1,v4,,
053-1600-027-00,37.85535716,-122.27194763,ADU,1,v4,,
062-2914-034-00,37.89731549,-122.27058612,ADU,1,v4,,
053-1688-028-00,37.85872438,-122.26286839,ADU,1,v4,,
061-2577-006-00,37.89221248,-122.27461795,ADU,1,v4,,
061-2565-006-00,37.88734063,-122.27293883,ADU,1,v4,,
052-1544-002-00,37.85055683,-122.27664601,ADU,1,v4,,
058-2164-016-00,37.87665844,-122.276762,ADU,1,v4,,
059-2249-030-02,37.8815426,-122.26336195,ADU,1,v4,,
054-1800-011-00,37.8608828,-122.27943994,ADU,1,v4,,
060-2485-027-00,37.88531943,-122.25060928,ADU,1,v4,,
060-2429-009-00,37.88404988,-122.28183085,ADU,1,v4,,
060-2485-039-00,37.88369173,-122.25038476,ADU,1,v4,,
052-1561-013-00,37.85452209,-122.25416185,ADU,1,v4,,
056-1924-005-00,37.86489475,-122.2869118,ADU,1,v4,,
060-2394-002-01,37.8777117,-122.29329609,ADU,1,v4,,
060-2492-010-01,37.88263083,-122.24749772,ADU,1,v4,,
056-2009-006-00,37.86799711,-122.27632083,ADU,1,v4,,
055-1912-018-00,37.86501157,-122.27836903,ADU,1,v4,,
064-4245-012-00,37.85448064,-122.24268412,ADU,1,v4,,
063-2964-052-00,37.89724597,-122.26300409,ADU,1,v4,,
060-2451-023-00,37.88179575,-122.27283668,ADU,1,v4,,
055-1832-026-01,37.86350694,-122.26133053,ADU,1,v4,,
052-1562-038-00,37.85572717,-122.25367693,ADU,1,v4,,
064-4246-010-00,37.85424254,-122.24584935,ADU,1,v4,,
053-1616-036-00,37.8528808,-122.28096627,ADU,1,v4,,
054-1742-081-00,37.85631414,-122.28526223,ADU,1,v4,,
059-2315-002-00,37.87488056,-122.30067723,ADU,1,v4,,
054-1790-025-00,37.86066639,-122.28370327,ADU,1,v4,,
053-1594-023-00,37.8534828,-122.26697985,ADU,1,v4,,
053-1610-020-00,37.85473486,-122.27872175,ADU,1,v4,,
063-2974-004-00,37.89108164,-122.26686428,ADU,1,v4,,
059-2330-006-00,37.87704356,-122.29611285,ADU,1,v4,,
060-2438-028-00,37.88041279,-122.27956109,ADU,1,v4,,
052-1565-124-00,37.85633758,-122.2487013,ADU,1,v4,,
052-1563-038-00,37.85463102,-122.25205261,ADU,1,v4,,
060-2437-018-00,37.88389574,-122.27813606,ADU,1,v4,,
058-2184-006-00,37.87862184,-122.26480128,ADU,1,v4,,
055-1909-023-00,37.86467445,-122.27766182,ADU,1,v4,,
057-2086-009-00,37.87114938,-122.28996888,ADU,1,v4,,
058-2119-009-00,37.8718332,-122.2981257,ADU,1,v4,,
060-2433-002-00,37.88064744,-122.28092481,ADU,1,v4,,
054-1742-035-00,37.85691395,-122.28667489,ADU,1,v4,,
057-2066-027-00,37.87317112,-122.27899025,ADU,1,v4,,
059-2282-037-00,37.88027577,-122.27767835,ADU,1,v4,,
059-2287-020-00,37.87365904,-122.29298223,ADU,1,v4,,
061-2563-013-00,37.88878546,-122.27121578,ADU,1,v4,,
056-1915-007-00,37.86548222,-122.28173777,ADU,1,v4,,
057-2014-019-01,37.86737222,-122.27443639,ADU,1,v4,,
052-1526-009-00,37.84728817,-122.27024159,ADU,1,v4,,
058-2209-005-00,37.87871821,-122.25801653,ADU,1,v4,,
056-1940-002-00,37.86158815,-122.29521205,ADU,1,v4,,
059-2278-015-00,37.87773188,-122.27919489,ADU,1,v4,,
052-1556-006-00,37.8528349,-122.26215334,ADU,1,v4,,
052-1547-006-00,37.85081969,-122.27320012,ADU,1,v4,,
052-1573-009-00,37.8562236,-122.25371534,ADU,1,v4,,
057-2064-003-00,37.87377226,-122.27354994,ADU,1,v4,,
053-1588-020-00,37.85644021,-122.26536833,ADU,1,v4,,
062-2849-004-00,37.89419911,-122.28681947,ADU,1,v4,,
060-2448-016-00,37.88169911,-122.27348218,ADU,1,v4,,
060-2489-033-00,37.88373755,-122.24928497,ADU,1,v4,,
057-2082-049-00,37.87188723,-122.28940562,ADU,1,v4,,
056-1938-008-00,37.86336116,-122.29428193,ADU,1,v4,,
052-1563-126-00,37.85287239,-122.25122044,ADU,1,v4,,
062-2888-008-00,37.89304442,-122.27799426,ADU,1,v4,,
053-1698-015-00,37.85886494,-122.25077304,ADU,1,v4,,
060-2429-002-00,37.88482091,-122.28168108,ADU,1,v4,,
053-1609-008-00,37.85488005,-122.27535763,ADU,1,v4,,
062-2899-030-00,37.89700136,-122.27907443,ADU,1,v4,,
055-1845-010-00,37.86283546,-122.25408974,ADU,1,v4,,
056-1929-022-00,37.86177023,-122.28856435,ADU,1,v4,,
061-2620-003-00,37.88569668,-122.28228429,ADU,1,v4,,
060-2466-059-00,37.88260518,-122.26687452,ADU,1,v4,,
055-1913-043-00,37.86342918,-122.27934008,ADU,1,v4,,
052-1522-003-00,37.84780653,-122.2737989,ADU,1,v4,,
053-1697-008-00,37.85921428,-122.25149543,ADU,1,v4,,
056-1994-014-00,37.86833863,-122.28428137,ADU,1,v4,,
063-3150-082-00,37.89095498,-122.25274602,ADU,1,v4,,
053-1590-018-00,37.85608795,-122.26722135,ADU,1,v4,,
053-1667-017-00,37.8548953,-122.28259903,ADU,1,v4,,
055-1852-023-00,37.86373285,-122.25102438,ADU,1,v4,,
052-1516-010-00,37.8507545,-122.28150846,ADU,1,v4,,
059-2284-037-00,37.87704756,-122.28136479,ADU,1,v4,,
055-1863-008-00,37.86814629,-122.25046958,ADU,1,v4,,
063-2952-016-00,37.90126658,-122.26903892,ADU,1,v4,,
060-2393-001-00,37.87783291,-122.29277332,ADU,1,v4,,
059-2270-029-01,37.88062246,-122.27475542,ADU,1,v4,,
059-2327-004-00,37.87630682,-122.2997101,ADU,1,v4,,
052-1559-006-00,37.85360462,-122.25648268,ADU,1,v4,,
059-2292-005-00,37.87635949,-122.28918258,ADU,1,v4,,
062-2868-001-00,37.89642894,-122.28608418,ADU,1,v4,,
054-1792-017-00,37.85841416,-122.28434791,ADU,1,v4,,
058-2121-026-00,37.87348779,-122.29789964,ADU,1,v4,,
058-2207-005-01,37.87812625,-122.25587788,ADU,1,v4,,
055-1848-024-00,37.86315024,-122.25328167,ADU,1,v4,,
060-2417-018-00,37.88109787,-122.28806501,ADU,1,v4,,
054-1708-009-00,37.86167329,-122.2524,ADU,1,v4,,
058-2134-018-00,37.87244052,-122.28917439,ADU,1,v4,,
060-2434-004-00,37.88070156,-122.28214081,ADU,1,v4,,
055-1850-006-00,37.86484581,-122.25186804,ADU,1,v4,,
056-1963-004-00,37.86486184,-122.29720581,ADU,1,v4,,
057-2080-014-00,37.87155574,-122.28754377,ADU,1,v4,,
053-1691-024-00,37.85850556,-122.2577004,ADU,1,v4,,
059-2285-038-00,37.87828418,-122.28242822,ADU,1,v4,,
054-1725-021-00,37.85871259,-122.27124688,ADU,1,v4,,
058-2183-015-00,37.87720996,-122.26632426,ADU,1,v4,,
058-2128-016-00,37.87342245,-122.29436508,ADU,1,v4,,
054-1702-075-00,37.86171582,-122.24550623,ADU,1,v4,,
060-2469-038-01,37.88587778,-122.25500343,ADU,1,v4,,
061-2560-012-00,37.88672047,-122.27030023,ADU,1,v4,,
055-1828-011-00,37.86194197,-122.26363564,ADU,1,v4,,
057-2013-025-00,37.8672266,-122.27555755,ADU,1,v4,,
060-2406-011-00,37.88167208,-122.2945992,ADU,1,v4,,
062-2923-024-00,37.8995539,-122.27805696,ADU,1,v4,,
062-2899-008-00,37.89685076,-122.2797587,ADU,1,v4,,
055-1906-015-00,37.86341589,-122.2748118,ADU,1,v4,,
059-2338-010-00,37.87652761,-122.30195954,ADU,1,v4,,
052-1562-023-00,37.85399959,-122.25347328,ADU,1,v4,,
061-2609-014-00,37.8857249,-122.27722079,ADU,1,v4,,
055-1839-015-01,37.86449722,-122.25797579,ADU,1,v4,,
052-1569-017-00,37.85703301,-122.25519991,ADU,1,v4,,
060-2433-001-00,37.88070703,-122.2812082,ADU,1,v4,,
064-4240-003-00,37.85524992,-122.24404281,ADU,1,v4,,
058-2150-003-00,37.87379872,-122.28041366,ADU,1,v4,,
058-2137-019-00,37.87443797,-122.28823768,ADU,1,v4,,
056-1931-023-00,37.8616892,-122.2865699,ADU,1,v4,,
053-1624-002-00,37.85290977,-122.28161737,ADU,1,v4,,
059-2291-037-01,37.87413894,-122.28977875,ADU,1,v4,,
PLN2026-0034,37.87727578,-122.28122518,fourplex,4,MH,1521 Holly,Approved
PLN2026-0030,37.86474658,-122.27947423,duplex,2,MH,2332 California,Approved
PLN2026-0081,37.85877121,-122.27746009,triplex,3,MH,1606 Derby,Awaiting Documents
PLN2026-0082,37.85884449,-122.26149718,triplex,3,MH,2807 Ellsworth,Approved
PLN2025-0101,37.87953795,-122.2933254,triplex,3,MH,1339 Stannage,Approved
PLN2025-0079,37.85563802,-122.28513609,duplex,2,MH,2780 Mabel,Approved
PLN2026-0131,37.85474774,-122.25017952,duplex,2,MH,2800 Prince,Under Review
PLN2026-0058,37.86866419,-122.28563984,triplex,3,MH,1314 Addison,Approved
PLN2026-0049,37.87919486,-122.28972254,fourplex,4,MH,1357 Neilson,Approved
PLN2026-0047,37.87078691,-122.29605943,duplex,2,MH,1803 Eighth,Incomplete
PLN2026-0043,37.8541724,-122.25659321,duplex,2,MH,3036 Regent,Approved
PLN2026-0039,37.86039634,-122.27646372,duplex,2,MH,1639 Carleton,Closed
PLN2026-0113,37.87251945,-122.29149482,fourplex,4,MH,1136 Francisco,Approved
PLN2026-0112,37.86038555,-122.28326742,duplex,2,MH,1345 Parker,Closed
PLN2026-0111,37.85290501,-122.26271338,duplex,2,MH,2227 Woolsey,Approved
PLN2026-0110,37.8679753,-122.27452861,duplex,2,MH,2215 Grant,Under Review
PLN2025-0126,37.88112113,-122.28615306,fourplex,4,MH,1235 Ord,Approved
PLN2025-0118,37.86269427,-122.29401856,fourplex,4,MH,2336 Eighth,Approved
PLN2025-0117,37.85145946,-122.28379925,triplex,3,MH,3032 Mabel,Under Review
PLN2025-0116,37.86103672,-122.25963141,triplex,3,MH,2709 Dana,Withdrawn
PLN2025-0107,37.86850591,-122.27319024,triplex,3,MH,1872 Allston,Under Review
PLN2025-0106,37.86072972,-122.28811603,duplex,2,MH,1123 Blake,Closed
PLN2026-0143,37.85783056,-122.26008629,fourplex,4,MH,2335 Russell,Filed
PLN2026-0087,37.85410969,-122.29127051,fourplex,4,MH,2834 Eighth,Under Review
PLN2026-0014,37.853147,-122.26737474,duplex,2,MH,2015 Prince,Approved
PLN2025-0083,37.85527428,-122.29055474,triplex,3,MH,2808 Ninth,Under Review
