id,address_display,apn,owner,net_units,new_units,old_units,year,permits,description,status,num_permits,project_size_category,slug,address_norm,latitude,longitude,unit_category,tenure,sb35_flag,sb330_flag,ab2011_flag,density_bonus,density_bonus_pct,vli_units_extracted,height_stories,height_feet,app_filed_date,app_complete_date,entitled_date,total_processing_days,accela_status,accela_status_date,bp_issued_date,co_date,construction_start_date,estimated_completion_date,construction_status,app_packet_size_mb
1,1750 SACRAMENTO St,058 214901904,,739.0,739.0,0.0,2024.0,"B2025-05534, PLN2024-0010","AB 2011 Ministerial Application. The proposed project is a transit-oriented in-fill development of 13 mixed-use and multi-family residential buildings totaling approximately 769,300 SF and one wrap garage structure with approximately 296 parking spaces in parking lots surrounding the North Berkeley BART Station. Buildings range in height from 3 to 8 stories and consist of 739 units with over 50% of the homes at affordable rent levels. The project includes improvements to the Ohlone Greenway and over 6,000 SF of community-serving ground floor uses as well as street and public realm upgrades, and over 48,000 SF of publicly accessible open space.",Under Review,2.0,Mega (100+),1750-sacramento-st,1750 SACRAMENTO ST,37.87431211415104,-122.2829585340012,5+,Renter,False,False,True,False,,0.0,8.0,,2025-12-03,,2026-03-03,90.0,Consolidated Comments: Corrections List Issued,2026-03-03,,,,,,0.0
2,2276 SHATTUCK Ave,057 202800400,,336.0,336.0,0.0,2024.0,"LMSAP2024-0005, ZP2024-0067","SB330 Preliminary Application: Retaining of the existing east and south facades of the existing morse block building; Reduction of existing 32,350 square feet of commercial space to 7,486 square feet; and addition of 105,237 square feet of multi-family residential space. Through utilizing a 50 percent density bonus, 28 density bonus maximum units will be included and 15 percent of the base project units (56 units) are dedicated to nine Very Low-Income households.",In Review,2.0,Mega (100+),2276-shattuck-ave,2276 SHATTUCK AVE,37.86773770249066,-122.26824034145176,5+,Renter,False,True,False,True,50.0,0.0,,,2025-08-07,2025-08-07,2025-12-04,119.0,CEQA Determination - LPC Staff Report: Completed,2025-12-23,,,,,,134.09
3,2700 SHATTUCK Ave,054 172300100,,359.0,359.0,0.0,2024.0,ZP2024-0058,SB330 project to demolish an existing commercial structure and construct a eight-story mixed-use housing development with 276 dwelling units. [Updated: 359 units per SFYimby],In Review,1.0,Mega (100+),2700-shattuck-ave,2700 SHATTUCK AVE,37.85978024166641,-122.26782803899088,5+,Renter,False,True,False,False,,0.0,,,2024-06-13,2024-10-10,,,Application Processing: Corrections - Pending Applicant,2024-11-07,,,,,,0.0
4,1914 FIFTH St,057 210000702,,257.0,257.0,0.0,2020.0,"PLN2023-0025, ZP2020-0104","demolish an existing parking lot and portions of an existing commercial building and construct a new seven-story mixed-use building with 5,500 square feet of commercial area and 257 dwelling units, including 26 Very Low-Income Units, pursuant to State Density Bonus law.",Under Review,2.0,Mega (100+),1914-fifth-st,1914 FIFTH ST,37.86823001458789,-122.29929592368056,5+,Renter,False,False,False,True,,26.0,,,2023-06-20,2023-06-20,,,Case Closed: Research Completed,2023-06-20,,,,,,0.0
5,2425 DURANT Ave,055 187800701,2425 Durant Avenue LLC,250.0,250.0,19.0,2024.0,"ZP2024-0162, PLN2024-0049","SB-330 PROJECT - Demolition of all existing buildings on site to construct a 20-story residential building with a total floor area of approximately 145,000 square feet. The building height will be 200-ft with zero vehicle parking spaces. The State Density Bonus Project will have 13 affordable housing units designated for VLI households and 13 for moderate-income households. All 19 existing dwelling units, when replaced, will be below-market-rate rentals.",Pending Final Action,2.0,Mega (100+),2425-durant-ave,2425 DURANT AVE,37.8679506825664,-122.2601418162647,5+,Renter,False,True,False,True,,0.0,20.0,200.0,2024-11-15,2025-03-13,2025-10-09,328.0,Completeness Review: Application Complete,2025-12-26,,,,,,0.0
6,2029 UNIVERSITY Ave,057 205300801,Talai Mohammad E & Kokab S Trs,240.0,240.0,0.0,2024.0,"ZP2024-0181, ZP2024-0182, PLN2024-0069, PLN2024-0070","The project is the construction of a new 23-story (256'-0""), 240-unit housing development with 190,878_sf of new residential use and parking garage for up to 29 spaces. The project includes removal of existing non-landmarked 2-story commercial structure and surface parking. 15% (18 units) of the base project's units will be affordable to very-low-income households, and 15% (18 units) will be affordable to moderate income households, making the project eligible for a 100% density bonus, waivers, and up to 4 concessions as a State Density Bonus Law development per California Government Code § 65915.",Pending Final Action,4.0,Mega (100+),2029-university-ave,2029 UNIVERSITY AVE,37.87226180309335,-122.26983809759253,5+,Renter,False,False,False,True,,0.0,23.0,256.0,2024-12-19,2025-06-03,2025-11-13,329.0,Application Processing: Pending Final Action,2025-11-17,,,,,,0.0
7,2601 SAN PABLO Ave,054 178501700,,223.0,223.0,0.0,2022.0,ZP2022-0171,"Demolish existing development (includes vacant residential) to construct an 8-story mixed-use building 223 dwelling units over a 1,940 commercial space, utilizing density bonus.",In Review,1.0,Mega (100+),2601-san-pablo-ave,2601 SAN PABLO AVE,37.859267643513995,-122.2886634855373,5+,Renter,False,False,False,True,,0.0,8.0,,2023-01-13,2023-11-17,,,Completeness Review: Application Complete,2023-11-17,,,,,,112.97
8,2920 SHATTUCK Ave,053 159000501,,221.0,221.0,0.0,2022.0,ZP2022-0116,"Demolish two commercial buildings and construct a 10-story mixed-use residential building with 221 dwelling units, ground-floor retail, and nine uncovered parking spaces utilizing State Density Bonus.",In Review,1.0,Mega (100+),2920-shattuck-ave,2920 SHATTUCK AVE,37.856347300047105,-122.26693200991916,5+,Renter,False,False,False,True,,0.0,10.0,,2022-10-04,2022-12-15,,,Completeness Review: Application Complete,2022-12-15,,,,,,132.07
9,1899 OXFORD St,058 218101905,,212.0,220.0,8.0,2024.0,ZP2024-0075,"SB-330 Project -  Use Permit to demolish a two-story multifamily building (8 units), merge two lots, and construct a 7-story, (78 feet, 9 inches in maximum height) mixed-use building with 94,140 residential floor area, 3,873 commercial floor area, 15 off-street parking spaces, and 80 bicycle parking spaces. The project would utilize a 96.3 percent density bonus and provide 17 very-low-income units and 16 middle-income units.",Pending Final Action,1.0,Mega (100+),1899-oxford-st,1899 OXFORD ST,37.87449601168048,-122.26605902083782,5+,Renter,False,False,False,True,3.0,0.0,7.0,78.0,2024-07-03,2024-10-31,2026-02-11,588.0,CEQA Determination: No Appeal,2026-02-11,,,,,,18.87
10,3000 SHATTUCK Ave,053 159200100,,166.0,166.0,0.0,2022.0,ZP2022-0046,"Demolish the existing gas station, and construct a 10-story (114 feet) mixed-use building utilizing a Density Bonus, with 166 dwellings, including 17 Very Low-Income units, and 1,043 square-feet of commercial space.",In Review,1.0,Mega (100+),3000-shattuck-ave,3000 SHATTUCK AVE,37.855008098375635,-122.2667720415266,5+,Renter,False,False,False,True,,17.0,10.0,114.0,2022-05-11,2022-08-03,2025-03-11,1035.0,[COMPLETE] Hearing Notice: as: Notice Issued |,2025-03-11,,,,,,25.2
11,1581 UNIVERSITY Ave,057 207100601,,158.0,158.0,0.0,2024.0,ZP2024-0074,"SB-330 Project - Demolition of 2 existing non-landmarked mixed-use structures and surface parking to 
construct a new 88'6"", 7-story, 158-unit mixed-use housing development with 96,256 sq ft of new residential space, 1788 sq ft of commercial space, and 32 parking spaces. 

14 units (15%) of base project units are VLI; 9 units (10%) are moderate-income households; project entitled to 82.5% density bonus, waviers, and up to 4 concessions under the State Density Bonus Law.",Corrections Pending Applicant,1.0,Mega (100+),1581-university-ave,1581 UNIVERSITY AVE,37.870882755452506,-122.28064826022822,5+,Renter,False,False,False,True,,0.0,7.0,158.0,2024-07-12,2024-11-07,,,Application Processing: Corrections - Pending Applicant,2024-12-05,,,,,,0.0
12,2115 KITTREDGE St,057 203000900,Aquarius Twins Inc,148.0,148.0,0.0,2024.0,ZP2024-0131,Construction of a twenty-three-story building with a live performance theater and 148 dwelling units that will retain the original primary south facade of the building.  The density bonus project includes 24 affordable units (12 VLI + 12 MI units) with residential amenity space and usable open space.,Incomplete Pending Applicant,1.0,Mega (100+),2115-kittredge-st,2115 KITTREDGE ST,37.868856897471,-122.26718328846704,5+,Renter,False,False,False,True,,12.0,,,2024-09-17,,,,Completeness Review: Incomplete Pending Applicant,2024-10-16,,,,,,0.0
13,2420 SHATTUCK Ave,055 189600300,,132.0,132.0,0.0,2022.0,ZP2022-0149,Demolish two non-residential buildings and construct a 17-story mixed-use residential building with ground-floor commercial and 132 dwelling units utilizing State Density Bonus.,In Review,1.0,Mega (100+),2420-shattuck-ave,2420 SHATTUCK AVE,37.86528832390181,-122.26798878801938,5+,Renter,False,False,False,True,,0.0,17.0,,2022-10-04,2023-12-01,,,"Due 12/02/2023, assigned to TBD | Marked as: Resubmittal Pending Staff | on 11/02/2023 by Niloufar Karimzadegan: as: Application Complete |",2023-12-01,,,,,,117.96
14,2847 SHATTUCK Ave,053 168602000,,132.0,136.0,4.0,2024.0,"ZP2022-0132, ZP2024-0077","SB-330 Project - Demolition of existing non-landmarked mixed-use structure and surface parking to construct a new 9-story, 102'0"" in height, 136-unit mixed-use housing development with 55,849 sq ft of residential space and 2,503 sq ft commercial space.

14% of the base project's units will be VLI income households; Entitled to 46.25% density bonus, waivers, and up to 3 concessions  under the State Density Bonus Law.",Incomplete Pending Applicant,2.0,Mega (100+),2847-shattuck-ave,2847 SHATTUCK AVE,37.85697777002751,-122.26638589710848,5+,Renter,False,False,False,True,,0.0,9.0,136.0,2022-11-23,,,,Completeness Review: Incomplete Pending Applicant,2023-07-05,,,,,,0.0
15,2109 VIRGINIA St,058 217801800,,131.0,131.0,0.0,2024.0,ZP2024-0066,"Demolition of existing non-landmarked 2-story commercial structure and surface parking. Construction of a new 8-story(88'-4"" tall), 131-unit mixed-use housing development with 107,935sf of new residential use, parking garage for up to 103 spots, and 1,200 sf new commercial space.  15% (11 units) of the base project's units will be affordable to very-low-income households, and 13% (9 units) will be Moderate Income households, entitling it to 92.5% density bonus, waivers, and up to 4 concessions under the state density bonus law.",Approved,1.0,Mega (100+),2109-virginia-st,2109 VIRGINIA ST,37.87677757653766,-122.26852368805868,5+,Renter,False,False,False,True,,0.0,2.0,131.0,2024-07-03,2024-07-03,2026-02-26,603.0,Case Closed: Approved,2026-02-26,,,,,,0.0
16,2720 SAN PABLO Ave,054 174400700,,113.0,117.0,4.0,2024.0,"ZP2023-0058, ZP2024-0076","SB-330 Project - Demolition of existing non-landmarked mixed-use structure and surface parking for the construction of a new eight-story, 88'10"" in height, 117-unit mixed-use housing development with 49,465 sf of new residential space and 1,244 sf commercial space.  

10 units (15%) of the base project will be VLI household; 6 units (9%) will be moderate income household.
Entitled to 80% density bonus, waivers, and up to 4 concessions under the State Density Bonus Law.",Under Review,2.0,Mega (100+),2720-san-pablo-ave,2720 SAN PABLO AVE,37.85731033724472,-122.2886908095933,5+,Renter,False,False,False,True,,9.0,,117.0,2023-06-20,,,,Completeness Review: Incomplete Pending Applicant,2023-10-16,,,,,,0.0
17,2109 MILVIA St,057 202301601,,105.0,105.0,0.0,2023.0,ZP2023-0099,"SB-330 Project: Removal of existing parking lot to construct a new 14-story mixed-use building with 105 dwelling, ground level lobbies and commercial space.  This is a State of California Density Bonus Project.",In Review,1.0,Mega (100+),2109-milvia-st,2109 MILVIA ST,37.870579505333055,-122.27034111282912,5+,Renter,False,False,False,True,,0.0,14.0,,2023-09-13,2024-04-11,,,Completeness Review: Application Complete,2024-04-11,,,,,,0.0
18,2655 SHATTUCK Ave,055 182601802,,97.0,97.0,0.0,2024.0,ZP2024-0057,"Demolish an existing 1-story commercial building to construct an 85-foot tall, 83,479 square foot, 8-story Mixed Use residential/commercial building.  Total of 97 units, with 10 VLI. 41 on-site automobile parking spaces and 48 on-site bicycle parking spaces.",Pending Final Action,1.0,Very Large (51-100),2655-shattuck-ave,2655 SHATTUCK AVE,37.86069065352949,-122.26644102671744,5+,Renter,False,False,False,False,,0.0,,85.0,2024-06-12,2024-08-19,2025-08-14,428.0,Case Closed: Approved,2025-08-14,,,,,,0.0
19,2450 SHATTUCK Ave,055 189700600,,94.0,94.0,0.0,2024.0,ZP2024-0047,"SB-330 Mixed-Use Housing Development Project for the construction of an eight story building with 94 residential units, 2,438-sqft of retail space; 4,653-sqft of residential amenities and lobbies. Amenity roof terrace provided on top level. A total of 134,115-sqft.",Corrections Pending Applicant,1.0,Very Large (51-100),2450-shattuck-ave,2450 SHATTUCK AVE,37.864568726306736,-122.26795078029971,5+,Renter,False,False,False,False,,0.0,,,2024-05-16,2024-09-06,,,Application Processing: Corrections - Pending Applicant,2024-11-01,,,,,,0.0
20,2036 BANCROFT Way,055 189401704,,85.0,87.0,2.0,2024.0,ZP2024-0079,"SB-330 Project - Demolition of two existing landmarked buildings and a partial landmarked commercial office building to construct an 85', 8-story, multi-family building.  Residential project will have 87 units including 4 VLI units, 19 vehicle parking spaces and 63 bicycle parking spaces.",In Review,1.0,Very Large (51-100),2036-bancroft-way,2036 BANCROFT WAY,37.86723084716148,-122.2685166605382,5+,Renter,False,False,False,False,,4.0,8.0,85.0,2024-07-19,2024-11-15,,,Completeness Review: Application Complete,2024-11-15,,,,,,60.27
21,2660 BANCROFT Way,55-1871-20,AMI LLC &,78.0,78.0,0.0,2023.0,ZP2023-0095,"Construction of an 8-story residential development with 78 studio units in a 32,632 SF building.  This project will include 8 affordable units for VLI households. Does not have vehicle parking, only bicycle parking is provided with residential amenities and useable open space.  This is a State Density Bonus project.",Incomplete Pending Applicant,1.0,Very Large (51-100),2660-bancroft-way,2660 BANCROFT WAY,37.868939,-122.255291,5+,Renter,False,False,False,True,,0.0,8.0,,2023-07-28,,,,Completeness Review: Incomplete Pending Applicant,2023-07-28,,,,,,0.0
22,2955 SHATTUCK Ave,053 158901801,,74.0,74.0,0.0,2024.0,ZP2024-0071,"State Density Bonus Project to merge two lots and demolish (2) existing 2-story commercial structures and (1) existing 1-story commercial structure. The proposed project is an 8-story, 75-feet, 80,682-sqft mixed-use building with 74 dwelling units, ground level retail space, and a ground level parking garage with 24 parking spaces. This will include 4 affordable units.",Corrections Pending Applicant,1.0,Very Large (51-100),2955-shattuck-ave,2955 SHATTUCK AVE,37.85577704614729,-122.26623093862028,5+,Renter,False,False,False,True,,0.0,2.0,75.0,2024-07-03,2024-08-21,,,Application Processing: Corrections - Pending Applicant,2025-07-25,,,,,,24.11
23,2326 DURANT Ave,055 188401600,,70.0,70.0,0.0,2024.0,PLN2024-0023,"Pre App requesting feedback on a project proposing a six-story, 70 unit development consisting of 100% affordable housing to low income households (80% AMI). Applicant would like to discuss the project description, applicable zoning requirements, and the use of state density bonus with associated waivers and incentives/concessions, applicability of state streamlined housing laws to entitle the project, and discuss the associated processes.",Pending,1.0,Very Large (51-100),2326-durant-ave,2326 DURANT AVE,37.86708906005523,-122.26226004280632,5+,Renter,False,False,False,True,,0.0,,,,,,,,,,,,,,0.0
24,2330 DURANT Ave,055 188401700,,68.0,68.0,,2025.0,"PLN2025-0038, PLN2025-0053, PLN2025-0100","Removal of all of existing structures and new construction of a 100% affordable 65,585 sq. ft. 6-story housing development with 68 dwelling units using a state of California Density Bonus (per SB 330 provisions) and no parking.",Under Review,3.0,Very Large (51-100),2330-durant-ave,2330 DURANT AVE,37.86711180220465,-122.26208128704796,5+,Renter,False,True,False,True,,0.0,6.0,,,,,,,,,,,,,0.47
25,2455 TELEGRAPH Ave,055 187502900,,68.0,68.0,0.0,2025.0,PLN2025-0066,"SB 330 preliminary application to retain historic mural and front facade of the non-residential building at 2455 Telegraph Ave, while demolishing the rest of the building and the existing non-residential building at 2506 Haste St to construct a 93,000 8-story mixed used building, including a ground floor retail space and 68 units (including 7 Very Low-Income units)",Under Review,1.0,Very Large (51-100),2455-telegraph-ave,2455 TELEGRAPH AVE,37.86586841351819,-122.25828811123488,5+,Renter,False,True,False,False,,7.0,8.0,,2026-03-09,2026-03-17,,,ness Review: as: Application Complete |,2026-03-17,,,,,,0.0
26,2298 DURANT Ave,055 188700100,,65.0,65.0,0.0,2024.0,ZP2024-0126,"The proposed project entails the demolition of all existing buildings, merger of two lots, and
construction of a new, 8-Story, 79,522sf, 91'-6"" tall building with 65 total units, 5 of which will be
offered at Very Low Income rates. Density bonus.",Pending Final Action,1.0,Very Large (51-100),2298-durant-ave,2298 DURANT AVE,37.86694967603458,-122.26376833393134,5+,Renter,False,False,False,True,,0.0,8.0,91.0,2024-10-04,2024-10-21,,,"Due 10/09/2025, assigned to TBD  Marked as Resubmittal - Pending Staff Review on 09/11/2025 by Allison Riemer: Pending Final Action",2025-10-09,,,,,,0.0
27,2441 LE CONTE Ave,058 219300600,,65.0,65.0,0.0,2023.0,ZP2023-0089,"Change the use from educational/religious facility to a residential hotel with 65 group living accommodations (7 Very-Low Income Units), and construct a five-story (48 feet average height) major residential addition for a total of 24,300 square feet gross floor feet, utilizing State Density Bonus",Incomplete Pending Applicant,1.0,Very Large (51-100),2441-le-conte-ave,2441 LE CONTE AVE,37.8770218450383,-122.26186635613308,5+,Renter,False,False,False,True,,0.0,,,2023-07-21,,,,ness Review [ACTIVE]: Incomplete Pending Applicant,2023-11-21,,,,,,162.05
28,2372 ELLSWORTH St,055 188700300,,63.0,63.0,0.0,2024.0,PLN2024-0054,"SB-330 Project: Demolition of existing building to construct a seven-story, 49,900-square-foot residential building. A total of 63 units comprised of studios, two, three, and four bedrooms.",Under Review,1.0,Very Large (51-100),2372-ellsworth-st,2372 ELLSWORTH ST,37.86654982460947,-122.26364792015735,5+,Renter,False,False,False,False,,0.0,,,,,,,,,,,,,,6.82
29,2138 KITTREDGE St,057 202901500,,63.0,66.0,3.0,2024.0,PLN2024-0011,"SB 330 Pre-Application to demolish an existing 3-unit residential building and construct an 8 story 42,951 square-foot residential building; Density Bonus Project with 66 units total, 5 VLI units",Under Review,1.0,Very Large (51-100),2138-kittredge-st,2138 KITTREDGE ST,37.86834064720663,-122.26699773246196,5+,Renter,False,True,False,True,,5.0,8.0,,2024-09-05,2024-09-05,2025-10-20,410.0,Application Processing: Pending Final Action,2025-10-20,,,,,,0.0
30,2001 CENTER St,057 202301300,,58.0,58.0,0.0,2025.0,"ZP2025-0107, PLN2025-0039","To convert the existing 7-story,  ~35,904 sq.ft. office building in Berkeley, converting Levels 2–7 into ~58 residential units and keeping ground-floor retail. The mechanical penthouse (86'-4"") will become a roof garden, with height unchanged at 100'-0"". Includes interior demolition only, 10% very-low-income units (~6), and no on-site parking per AB-2097.",In Review,2.0,Very Large (51-100),2001-center-st,2001 CENTER ST,37.87021091021583,-122.27030719783389,5+,Renter,False,False,False,False,,0.0,7.0,100.0,2025-11-26,2026-01-09,,,Application Processing: Corrections - Pending Applicant,2026-02-06,,,,,,6.74
31,2712 TELEGRAPH Ave,054 171400501,,57.0,57.0,0.0,2025.0,ZP2025-0105,"Modification of Use Permit ZP2022-0179 for the demolition of two existing two-story commercial structures & construction, with the state of California density bonus, of a new 6-story residential building, with 50 residential units, 6 ADUs, 1 live-work unit, a ground level lobby, and 1 parking space.",Corrections Pending Applicant,1.0,Very Large (51-100),2712-telegraph-ave,2712 TELEGRAPH AVE,37.86100751672245,-122.25934930814802,ADU,Renter,False,False,False,True,,0.0,6.0,,2025-11-26,2026-01-15,,,Stage: Application Processing [COMPLETE]: Corrections - Pending Applicant,2026-02-14,,,,,,29.61
32,1740 SAN PABLO Ave,058 212701403,,54.0,54.0,0.0,2023.0,PLN2023-0065,"SB 35 Preliminary Development Application (Modification): Demolition of existing 1 story commercial structure.  Construction of a 6-story, 54 units, Mixed-Use Residential building with 100% affordable housing, processing under SB-35 and State Density Bonus for additional height of 33"" and no density limit.",Under Review,1.0,Very Large (51-100),1740-san-pablo-ave,1740 SAN PABLO AVE,37.87189306747787,-122.29344912366952,5+,Renter,True,False,False,True,,0.0,,,,,,,,,,,,,,26.7
33,130 BERKELEY Sq,57-2032-17,,50.0,50.0,0.0,2021.0,ZP2021-0158,50 unit multi-family mixed-use project,In Review,1.0,Large (21-50),130-berkeley-sq,130 BERKELEY SQ,37.870858,-122.267959,5+,Renter,False,False,False,False,,0.0,,,2021-11-19,2021-11-19,,,ness Review [COMPLETE]: Application Complete,2021-11-19,,,,,,0.84
34,2680 BANCROFT Way,055 187100103,,37.0,37.0,0.0,2023.0,"ZP2023-0096, ZP2024-0029","Conversion of the Bancroft Hotel (17,466 SF) into a residential building, with 15 dwelling units and 22 Group Living Accommodation rooms for a total of 37 units.  This project will retain & rehabilitate the original facades of the historic building.",Approved,2.0,Large (21-50),2680-bancroft-way,2680 BANCROFT WAY,37.86897721110546,-122.25493601002294,5+,Renter,False,False,False,False,,0.0,,,2024-03-19,2024-04-30,2025-06-13,451.0,Case Closed: Approved,2025-06-13,,,,,,0.0
35,2190 SHATTUCK Ave,057 202600405,LMP Shattuck Property Owner LL,452.0,452.0,0.0,2025.0,"ZP2016-0117, ZP2025-0101","SB-330: 34-story mixed-use tower with 452 units. Originally approved as 25-story (ZP2016-0117), modified 2025 to increase density bonus to 34 stories (ZP2025-0101).",Under Review,1.0,Mega (100+),2190-shattuck-ave,2190 SHATTUCK AVE,37.86948860426455,-122.26864608441446,5+,Renter,False,True,False,True,,0.0,34.0,,2025-11-21,,,,Completeness Review: Incomplete Pending Applicant,2025-11-21,,,,,,0.0
36,2733 SAN PABLO Ave,054 174203200,,32.0,32.0,0.0,2023.0,ZP2023-0090,Demolition of existing non-landmarked structures. Construction of a new 8-story mixed-use residential development with ground level lobbies and commercial spaces with a State of California Density.,In Review,1.0,Large (21-50),2733-san-pablo-ave,2733 SAN PABLO AVE,37.85634825542909,-122.28761614513743,5+,Renter,False,False,False,False,,0.0,8.0,,2023-09-18,2024-05-09,,,"Due 05/10/2024, assigned to Niloufar Karimzadegan  Marked as Resubmittal Pending Staff on 04/10/2024 by Niloufar Karimzadegan: Application Complete",2024-05-09,,,,,,0.0
37,2614 TELEGRAPH Ave,055 183600800,,31.0,32.0,1.0,2024.0,ZP2024-0027,"SB-330 Mixed-Use Housing Development Project. Use Permit to merge two parcels, demolish a single-family dwelling (2614 Telegraph) and a commercial office (2417 Carleton), and construct a 38,000 square-foot, 5-story (57-foot) mixed-use building with 32 dwelling units (3 Very Low-Income, 2 Low-Income), and 605 sq. ft. of commercial space, using a State Density Bonus.",Corrections Pending Applicant,1.0,Large (21-50),2614-telegraph-ave,2614 TELEGRAPH AVE,37.86268272962413,-122.25913983449848,5+,Renter,False,False,False,True,,3.0,5.0,57.0,,2025-04-30,,,,,,,,,,0.0
38,2449 DWIGHT Way,055 188100400,,39.0,63.0,24.0,2022.0,ZP2022-0021,"Renovation of existing 4-story 27,456 square foot, mixed-use building, and add 4 additional stories of residential dwelling units, resulting in an 8-story, 56,217 square foot, mixed-use building, containing 51 residential dwelling units (24 replacement units, plus 27 new dwelling units including 2 Very Low Income units), a 3,600 square-foot ground-floor commercial space. [Updated: project now shows 63 total units per ZAB review 2025]",ZAB Review,1.0,Large (21-50),2449-dwight-way,2449 DWIGHT WAY,37.86530920217209,-122.25876941598769,5+,Renter,False,False,False,False,,2.0,4.0,,,,,,,,,,,,,0.0
39,1790 UNIVERSITY Ave,056 201102800,,17.0,17.0,0.0,2023.0,ZP2023-0070,"Demolish two nonresidential structures and one single-family residence, and construct a 5-story (56 feet) mixed-use building with 17 dwelling units (two VLI) and 950 square feet of ground-floor retail, utilizing State Density Bonus",Under Review,1.0,Medium (6-20),1790-university-ave,1790 UNIVERSITY AVE,37.870939186310096,-122.27560444807996,5+,Renter,False,False,False,True,,0.0,5.0,56.0,,,,,,,,,,,,0.0
40,1710 UNIVERSITY Ave,056 201102000,,16.0,16.0,0.0,2021.0,ZP2021-0127,"Demolish existing commercial building. Construct 4-story, mixed-use building for non-profit religious education and living spaces",Incomplete Pending Applicant,1.0,Medium (6-20),1710-university-ave,1710 UNIVERSITY AVE,37.87074957709555,-122.27712191190231,5+,Renter,False,False,False,False,,0.0,4.0,,,,,,,,,,,,,0.0
41,2147 SAN PABLO Ave,056 198304201,,15.0,141.0,128.0,2024.0,ZP2024-0096,"Use Permit Modification to modify approved Use Permit #ZP2022-0113, to increase the number of Group Living Accommodation (GLA) units from 128 to 141, increase the height from 70 feet to 75 feet, reduce the ground-level commercial space from 1,873 square feet to 1,804 square feet, remove the 14 parking spaces, and increase the number of Very Low Income (VLI) units from 12 to 15, utilizing a State Density Bonus.",Pending Final Action,1.0,Medium (6-20),2147-san-pablo-ave,2147 SAN PABLO AVE,37.867047132190656,-122.29108188862271,5+,Renter,False,False,False,True,,0.0,,70.0,2024-07-17,2024-08-28,2025-09-09,419.0,Stage: CEQA Determination: Categorically Exempt,2025-09-09,,,,,,0.0
42,1740 UNIVERSITY Ave,056 201102200,,12.0,12.0,0.0,2025.0,ZP2025-0079,"Use Permit with Public Hearing to convert an existing 12,503 SF, 31 feet in maximum height two story commercial building into a mixed-use building with 12 residential apartments and 3 ground floor retail tenant spaces with a proposed total gross area of 9,666 square feet",Approved,1.0,Medium (6-20),1740-university-ave,1740 UNIVERSITY AVE,37.87075586989641,-122.2766144338354,5+,Renter,False,False,False,False,,0.0,,,,2025-09-15,,,,,,,,,,0.0
43,1015 UNIVERSITY Ave,057 208801200,,9.0,9.0,0.0,2022.0,ZP2022-0120,Legalize nine residential dwelling units and ground floor commercial space.,Incomplete Pending Applicant,1.0,Medium (6-20),1015-university-ave,1015 UNIVERSITY AVE,37.86918327203636,-122.29313416355114,5+,Renter,False,False,False,False,,0.0,,,,,,,,,,,,,,0.0
44,2428 MILVIA St,055 189800100,,8.0,14.0,6.0,2024.0,PLN2024-0025,"SB-330 pre-application, the project proposes to demolish the existing buildings with six units, and to relocate landmarked ""Broad Buildings"" (from 2030-32 Bancroft) to this site, preserve exteriors and create eight new units.",Under Review,1.0,Medium (6-20),2428-milvia-st,2428 MILVIA ST,37.864352295468784,-122.27008426562476,5+,Renter,False,False,False,False,,0.0,,,,,,,,,,,,,,0.0
45,2200 FIFTH St,056 195800301,,8.0,8.0,0.0,2025.0,ZP2025-0085,"Use Permit with Public Hearing to construct a total of eight three story townhouses 34 feet tall with a gross floor area of 19,064 square feet and 45 feet tall two-unit Research & Development, 3 story building with a gross floor area of 4,956 square feet with 10 proposed off-street shared parking spaces on a split zoned MUR and MU-LI site that is an existing parking lot.",Withdrawn,1.0,Medium (6-20),2200-fifth-st,2200 FIFTH ST,37.86468278837405,-122.29819481731433,5+,Renter,False,False,False,False,,0.0,3.0,,,2025-11-24,,,,,,,,,,0.0
46,1745 CEDAR St,059 227501600,,6.0,6.0,0.0,2025.0,PLN2025-0040,"The project is the construction of a new 3-story (35'-0""), 6-unit housing development with 8,976 sf of
new residential use and 6 parking spots. Project includes removal of an existing non-landmarked
commercial structure and surface parking.",Under Review,1.0,Medium (6-20),1745-cedar-st,1745 CEDAR ST,37.877760424522904,-122.27612903096824,5+,Renter,False,False,False,False,,0.0,3.0,,,,,,,,,,,,,0.0
47,1850 BERRYMAN St,60-2447-36,,6.0,6.0,0.0,2025.0,"ZP2023-0063, PLN2025-0050, PLN2025-0052","Preliminary application for the construction of a new 3-story residential development with 7,272 sf of new residential use, 6 dwelling units and ground level parking, in compliance with state of California SB-684 - Subdivision Homeownership project.",Incomplete Pending Applicant,3.0,Medium (6-20),1850-berryman-st,1850 BERRYMAN ST,37.883008,-122.274763,5+,Owner,False,False,False,False,,0.0,3.0,,,,,,,,,,,,,0.0
48,2317 CHANNING Way,055 188400600,,5.0,22.0,17.0,2024.0,PLN2024-0018,"The proposed project is a modification to approved UPPH - ZP2020-0090.  The modification includes raising the building out of the ground, increasing the max building height from 45' to 50', increasing the gross square footage from 15,695 sf to 17,033 sf, and increasing the unit count from 17 to 22 units to meet the new R-SMU requirements for minimum unit count.",Under Review,1.0,Small (1-5),2317-channing-way,2317 CHANNING WAY,37.866685538738,-122.26258050690248,5+,Renter,False,False,False,False,,0.0,,50.0,2024-03-29,2024-04-18,,,"Due 10/23/2024, assigned to Katrina Lapira  Marked as Resubmittal - Pending Staff Review on 09/24/2024 by Katrina Lapira: Pending Final Action",2024-09-30,,,,,,0.0
49,1618 SIXTH St,057 211700402,,4.0,4.0,0.0,2025.0,PLN2025-0068,"The project proposes the construction of (2) Type V-B, fully-sprinklered, (3) story, single family homes on the front of a 50’X130’ lot in the MU-R district and (2) Type V-B, fully sprinklered, (2) story, single-family homes within an existing warehouse footprint on the rear of the lot. The resultant project will be (4) new single family homes.",Under Review,1.0,Small (1-5),1618-sixth-st,1618 SIXTH ST,37.8733361034196,-122.2997586207306,2-4,Owner,False,False,False,False,,0.0,,,,,,,,,,,,,,0.0
50,2420 ASHBY Ave,052 157307802,,4.0,4.0,0.0,2024.0,ZP2024-0147,"Use Permit to convert a nonconforming medical office use to a multifamily residential use by reconfiguring interior space to create 4 dwelling units, establish 5 off street parking spaces, and create new window openings within a nonconforming side setback on a site located within the Environmental Management Area",Under Review,1.0,Small (1-5),2420-ashby-ave,2420 ASHBY AVE,37.85598198929716,-122.25863499029197,2-4,Owner,False,False,False,False,,0.0,,,,,,,,,,,,,,0.0
51,2942 COLLEGE Ave,052 156800900,,4.0,4.0,0.0,2021.0,ZP2021-0072,"demolish and existing non-residential building and construct a new two-story mixed-use development containing 1,296 sq.ft. of ground floor commercial space and 3,278 sq.ft. of residential space, including four dwelling units, in two seperate buildings.",In Review,1.0,Small (1-5),2942-college-ave,2942 COLLEGE AVE,37.857443359739634,-122.25346690790224,2-4,Owner,False,False,False,False,,0.0,,,,,,,,,,,,,,0.0
52,2437 WARRING St,055 186501401,,4.0,4.0,0.0,2025.0,PLN2025-0031,"Pre-application request for an interdepartmental meeting to discuss a proposed addition of square footage, stories and units to a multi-family building with an additional 2 stories using variances.",Under Review,1.0,Small (1-5),2437-warring-st,2437 WARRING ST,37.86659549787281,-122.2502747589132,2-4,Owner,False,False,False,False,,0.0,2.0,,,,,,,,,,,,,0.0
53,2641 COLLEGE Ave,055 184801800,,3.0,5.0,2.0,2025.0,PLN2025-0061,"Demolish the existing garage in the rear of the lot and utilize SB 684/SB 1123 to subdivide the existing 5,400 square-feet R2A lot (APN# 055 184801800) into one 2,994 square-feet lot in the front with an existing duplex building, and one new 2,406 square-feet lot in the rear and construct a new 3,310 square feet, three-story (39 feet) residential building including three units.",Under Review,1.0,Small (1-5),2641-college-ave,2641 COLLEGE AVE,37.86248777798028,-122.2532388705674,2-4,Owner,False,False,False,False,,0.0,,,,,,,,,,,,,,0.0
54,2205 BLAKE St,055 183001400,,3.0,3.0,0.0,2024.0,PLN2024-0001,"Pre-application meeting for a proposal of a new 3-story duplex and new 371 sq ft residential unit at the rear of the sit at 2201/2205 Blake Street.  The existing property contains two landmarked Victorian homes.  Owner intends to subdivide the lot into two parcels, and wants to discuss methodology for lot split.",Under Review,1.0,Small (1-5),2205-blake-st,2205 BLAKE ST,37.86364315221662,-122.264826999392,2-4,Owner,False,False,False,False,,0.0,3.0,,,,,,,,,,,,,0.0
55,2221 FIFTH St,056 196301503,,3.0,3.0,0.0,2022.0,ZP2022-0106,"To establish three detached dwelling units, totaling 6,790 square feet, on 5,640 square foot vacant lot.",In Review,1.0,Small (1-5),2221-fifth-st,2221 FIFTH ST,37.864346138994605,-122.29734734038708,2-4,Owner,False,False,False,False,,0.0,,,,,,,,,,,,,,0.0
56,1650 FIFTH St,057 211602200,,3.0,4.0,1.0,2025.0,PLN2025-0041,"SB 684 pre-application to determine eligibility to subdivide an existing lot into four lots and construct three detached single-family houses and renovate an existing 1,618 single-family residence in the MU-R zoning district.",Under Review,1.0,Small (1-5),1650-fifth-st,1650 FIFTH ST,37.87224667983113,-122.30062613188532,2-4,Owner,False,False,False,False,,0.0,,,,,,,,,,,,,,0.0
57,3101 SACRAMENTO St,052 154201700,,3.0,3.0,0.0,2025.0,ZP2025-0069,"Create a first-floor building shell for a future tenant. Remove (e) partial second floor framing (1st floor ceiling frame), fire-damaged framing, and replace in-kind. Remove all interior partitions, doors, electrical components, and plumbing. Install (n) accessible all gender toilets. Accessible upgrade exterior stairs to the 2nd floor. Infill exterior CMU opening. Replace two entries in the storefront system. Extend the scope of work to the second floor - create three living space units. Propose 3 living units on second floor with MEP. Change of use - occupancy: First floor - original M-mercantile (no documents) to B-Business. Second floor - original business (no documents) to R-2 (3 units). Install a 2nd exit, 1-hr rated stairwell (104 sq. ft.) on the south side of the building, per Table 1006.3.4(2).",Corrections Pending Applicant,1.0,Small (1-5),3101-sacramento-st,3101 SACRAMENTO ST,37.85135359536251,-122.2782664913384,2-4,Owner,False,False,False,False,,0.0,,,,,,,,,,,,,,0.0
58,1449 CORNELL Ave,060 239205100,,3.0,3.0,0.0,2025.0,PLN2025-0046,"The proposed project is to demolish an existing church building and drive aisle and utilizing SB684, subdivide the 8,147 square-foot lots (total for APN#60-2392-50 & APN#60-2392-51) into three separate lots (2,740, 2,667, 2,740 sq. ft.) and construct one new,1,865 sq. ft. (1,750 net habitable sq. ft.), 2-story, single-family dwelling on each lot. Each unit will include 4 bedrooms and 3 bathrooms, one off-street parking space and 763-813 sq. ft. of usable open space",Under Review,1.0,Small (1-5),1449-cornell-ave,1449 CORNELL AVE,37.87758018681299,-122.29188859371416,2-4,Owner,False,False,False,False,,0.0,2.0,60.0,,,,,,,,,,,,0.0
59,1514 WALNUT St,059 226000500,,3.0,5.0,2.0,2025.0,PLN2025-0075,"Proposed subdivision of existing 4,770 SF R2A lot into one 2,600 SF lot, which contains an
existing duplex building. Propose new three story three unit residential building on new
2,170 SF subdivided lot utilizing SB 684/SB 1123. Gross area of the new building is
3,292SF.",Under Review,1.0,Small (1-5),1514-walnut-st,1514 WALNUT ST,37.87969317878099,-122.2684464140796,2-4,Owner,False,False,False,False,,0.0,,,,,,,,,,,,,,0.0
60,1464 SIXTH St,059 232601100,,3.0,6.0,3.0,2025.0,"PLN2025-0017, PLN2025-0037","SB 35 Preliminary Development Application to add three dwelling units to the second floor of an existing mixed-use residential building, and make all six dwellings permanently affordable.",Under Review,2.0,Small (1-5),1464-sixth-st,1464 SIXTH ST,37.87534021260611,-122.30040498822191,2-4,Owner,True,False,False,False,,0.0,,,,,,,,,,,,,,0.0
61,2812 EIGHTH St,053 165800503,,3.0,4.0,1.0,2025.0,"PLN2025-0058, PLN2025-0089","Demolish unoccupied single-family residence and a garden shed and construct 4 residential units in 3 separate buildings, each 3 stories. There is a total square footage of 8,172sf, including the garages, in all 4 units. The height of the buildings are 35’ at the peak of the pitched roofs. Each unit has a dedicated open space on the ground floor exceeding the zoning requirement.",Under Review,2.0,Small (1-5),2812-eighth-st,2812 EIGHTH ST,37.854976338255966,-122.29152998984598,2-4,Owner,False,False,False,False,,0.0,3.0,,,,,,,,,,,,,0.0
62,2201 BLAKE St,055 183001400,,3.0,7.0,4.0,2024.0,PLN2024-0013,"SB 330 Pre-App which includes a project scope of: (1)the construction of three units for a total of seven units on a landmarked lot -- Construction of a three story - 3,551 SF duplex, relocation of an existing 371 SF accessory building and conversion to one residential unit; and retaining of four existing residential units in two landmarked buildings; and (2) three new proposed parking spaces (2 car garage and one surface space)",Approved,1.0,Small (1-5),2201-blake-st,2201 BLAKE ST,37.86364315221662,-122.264826999392,2-4,Owner,False,True,False,False,,0.0,,,,,,,,,,,,,,0.0
63,1716 SEVENTH St,058 211900900,,2.0,2.0,0.0,2025.0,PLN2025-0060,SB 684 Eligibility Review: Create two-lot subdivsion and two-unit housing development,Under Review,1.0,Small (1-5),1716-seventh-st,1716 SEVENTH ST,37.87183254077922,-122.2981143120952,2-4,Owner,False,False,False,False,,0.0,,,,,,,,,,,,,,0.0
64,1515 DERBY St,054 180201400,,2.0,4.0,2.0,2025.0,PLN2025-0064,SB 684 pre-application to determine eligibility for 2 new single family homes on separate fee simple lots. Existing single family home and ADU will remain at front of existing lot.,Under Review,1.0,Small (1-5),1515-derby-st,1515 DERBY ST,37.85906158251609,-122.2795147651044,ADU,Owner,False,False,False,False,,0.0,,,,,,,,,,,,,,0.0
65,1922 FRANCISCO St,058 216902900,,2.0,2.0,0.0,2025.0,PLN2025-0073,"Storage building removed, two new 1,653s.f. 3-story units with SB684 Lot Split, so each new house will be on separate lot and existing house will be on its own lot. No new parking proposed. Max height 31'-2"", Max Avg Height 28'.",Under Review,1.0,Small (1-5),1922-francisco-st,1922 FRANCISCO ST,37.874979870264376,-122.27222721380303,2-4,Owner,False,False,False,False,,0.0,3.0,,,,,,,,,,,,,0.0
66,2204 DWIGHT Way,055 183001600,,2.0,2.0,0.0,2024.0,ZP2024-0059,SB330. Demolish existing 1-story (4-car) garage and construct a new 3-story residential duplex.,Pending Final Action,1.0,Small (1-5),2204-dwight-way,2204 DWIGHT WAY,37.864014244633104,-122.26486524336856,2-4,Owner,False,True,False,False,,0.0,,,2024-06-06,2024-06-06,,,Stage: CEQA Determination: Categorically Exempt,2026-02-27,,,,,,0.0
67,1419 GRANT St,059 227303000,,2.0,2.0,0.0,2025.0,"PLN2025-0065, PLN2025-0091","Utilizing Senate Bills SB 330 and SB 684, this project proposes to subdivide an existing 5,389-square-foot R-2 zoned lot into: 

1)  A 3,249-square-foot front lot containing an existing 3,483 square-foot, two-story (X- feet tall) single-family dwelling; and

2) A 2,140-square-foot rear lot containing a new 1,655-square-foot (GFA), two-story single-family dwelling (23 feet to T.O shed roof)",Pending,2.0,Small (1-5),1419-grant-st,1419 GRANT ST,37.88042822672098,-122.27593470111776,2-4,Owner,False,True,False,False,,0.0,,,,,,,,,,,,,,0.0
68,1236 DWIGHT Way,054 178202900,,2.0,3.0,1.0,2025.0,PLN2025-0081,"Demolish existing single-family home, subdivide the existing single-family lot into three parcels, and develop three new single-family homes.",Pending,1.0,Small (1-5),1236-dwight-way,1236 DWIGHT WAY,37.861371781292114,-122.2857268632291,2-4,Owner,False,False,False,False,,0.0,,,,,,,,,,,,,,0.0
69,2808 NINTH St,053 165900900,,2.0,3.0,1.0,2025.0,PLN2025-0083,"Middle Housing project to demolish an inhabitable single-family home and construct a two-story duplex with a detached two-story garage with a living unit, for a total of three living units.",Under Review,1.0,Small (1-5),2808-ninth-st,2808 NINTH ST,37.85528776387431,-122.29048156428124,2-4,Owner,False,False,False,False,,0.0,,,,,,,,,,,,,,0.0
70,3001 BENVENUE Ave,052 156200100,,1.0,2.0,1.0,2025.0,ZP2025-0068,"Administrative Use Permit #ZP2025-0068 to raise an existing approximate 1,860 square-foot, 18 feet, 10 inches in average height, two-story residential dwelling to approximately 21 feet, 4 inches in height resulting in a three-story, single-family dwelling with a basement converted 700 square foot accessory dwelling unit.",Pending Final Action,1.0,Small (1-5),3001-benvenue-ave,3001 BENVENUE AVE,37.85584052170821,-122.25370441887011,ADU,Owner,False,False,False,False,,0.0,,,,,,,,,,,,,,0.0
71,40 HILL Rd,063 316100200,,1.0,1.0,0.0,2020.0,ZP2020-0006,New Single Family Dwelling on new parcel at 36 Hill Road,Incomplete Pending Applicant,1.0,Small (1-5),40-hill-rd,40 HILL RD,37.88932954629859,-122.25132555603028,SFD,Owner,False,False,False,False,,0.0,,,,,,,,,,,,,,0.0
72,5 W PARNASSUS Ct,058 224204829,,1.0,1.0,,2025.0,PLN2025-0048,Zoning Research Letter: Remove the prior ADU deed restriction with incorrect building permit and replace with current deed restriction. NOL RESCISSION. Related to B2025-01579.,Under Review,1.0,Small (1-5),5-w-parnassus-ct,5 W PARNASSUS CT,37.88108918027722,-122.25404589545909,ADU,Owner,False,False,False,False,,0.0,,,,,,,,,,,,,,0.0
73,0 LE ROY Ave,,,1.0,1.0,0.0,2024.0,PLN2024-0024,SB 9 Preliminary Eligibility Determination to construct a three-story single family residence with an attached 2 car garage.,Under Review,1.0,Small (1-5),0-le-roy-ave,0 LE ROY AVE,37.8785,-122.265,SFD,Owner,False,False,False,False,,0.0,,,,,,,,,,,,,,0.0
74,2328 GRANT St,055 190501200,,1.0,1.0,0.0,2024.0,PLN2024-0062,"Payment of the City Arborist fees for the Building Permit B2024-01452 to install an 800 SF, HUD-Approved Manufactured Accessory Dwelling Unit (ADU) on a permanent foundation.",Under Review,1.0,Small (1-5),2328-grant-st,2328 GRANT ST,37.86581937973142,-122.27502629326142,ADU,Owner,False,False,False,False,,0.0,,,,,,,,,,,,,,0.0
75,1939 MARIN Ave,061 257401300,,1.0,1.0,0.0,2024.0,PLN2024-0061,Payment of the City Arborist fees for the Building Permit B2024-02225 to add new detached Accessory Dwelling Unit and upgrade Main Electrical Service to 225 Amps.,Under Review,1.0,Small (1-5),1939-marin-ave,1939 MARIN AVE,37.88963351679258,-122.27483822017692,ADU,Owner,False,False,False,False,,0.0,,,,,,,,,,,,,,0.0
76,1731 ADDISON St,056 201100800,,1.0,1.0,0.0,2025.0,ZP2025-0095,"Construct a detached 265 square foot cottage including 1 bedroom/1 bathroom (maximum height 13'-1""). Remove existing 170 square foot garage. Construct a new 200 square foot garage (maximum height 10'-9"").",Corrections Pending Applicant,1.0,Small (1-5),1731-addison-st,1731 ADDISON ST,37.87044602079257,-122.27604574097172,SFD,Owner,False,False,False,False,,0.0,,,,,,,,,,,,,,0.0
77,1420 FIFTH St,059 233801000,,1.0,1.0,,2025.0,ZP2025-0021,Administrative Use Permit to allocate the existing Accessory Dwelling Unit to a Single-Family Home and construct a 592 square foot residential addition approximately 22 feet tall,Pending Final Action,1.0,Small (1-5),1420-fifth-st,1420 FIFTH ST,37.87654884158006,-122.3019522159246,ADU,Owner,False,False,False,False,,0.0,,,,,,,,,,,,,,0.0
78,1139 KEELER Ave,063 298405300,,1.0,1.0,0.0,2022.0,ZP2022-0172,"Construction of a three-story single-family residence with an attached ADU in the Hillside Overlay.  The project includes the construction of a detached partially subterranean garage, the installation of a tram system in the side setback, and retaining walls within the same setback as the tram.",Under Review,1.0,Small (1-5),1139-keeler-ave,1139 KEELER AVE,37.889705788142784,-122.25757558461952,ADU,Owner,False,False,False,False,,0.0,,,,,,,,,,,,,,0.0
79,1111 ALLSTON Way,056 198301100,,1.0,1.0,0.0,2025.0,PLN2025-0013,One new dwelling unit (approved with UPPH that will not be exercised) and subdivision pursuant to SB 684. One Unit and Subdivision,Under Review,1.0,Small (1-5),1111-allston-way,1111 ALLSTON WAY,37.866741329596245,-122.29058415098838,SFD,Owner,False,False,False,False,,0.0,,,,,,,,,,,,,,0.0
80,659 GRIZZLY PEAK Blvd,063 296505601,,1.0,1.0,,2025.0,ZP2025-0093,Remodel existing two story one bedroom house of 986 sq. ft. with a basement garage into a two story three-bedroom house of 1610 sq. ft. with a basement garage. Add a 440 sq. ft. one bedroom ADU to the rear of the house.,Incomplete Pending Applicant,1.0,Small (1-5),659-grizzly-peak-blvd,659 GRIZZLY PEAK BLVD,37.90012505764361,-122.26546218375634,ADU,Owner,False,False,False,False,,0.0,,,,,,,,,,,,,,0.0
81,1522 JOSEPHINE St,059 227200900,,0.0,1.0,1.0,2025.0,ZP2025-0014,"Use Permit with Public Hearing to demolish a Single-Family Residence and construct a new 2,100 square feet two-story 28 feet tall Single-Family Residence",Corrections Pending Applicant,1.0,,1522-josephine-st,1522 JOSEPHINE ST,37.878537408137376,-122.27524659789832,2-4,Owner,False,False,False,False,,0.0,,,,,,,,,,,,,,0.0
82,3035 COLBY St,052 157405200,,0.0,2.0,2.0,2024.0,ZP2024-0112,"Demolition of an existing two-unit building; construction of a new two-unit building with an average height of 23'3"".",Approved,1.0,,3035-colby-st,3035 COLBY ST,37.85409909022599,-122.25726526879114,2-4,Owner,False,False,False,False,,0.0,,,2024-08-19,2024-09-16,,,ness Review: Application Complete,2024-09-16,,,,,,0.0
83,1136 KEITH Ave,063 298803800,,0.0,1.0,1.0,2024.0,PLN2024-0047,"Pre-application to demolish the existing single-family dwelling and rebuild a new single-family dwelling, pursuant to Senate Bill (SB) 9. The proposal also includes a nonconforming addition that was approved under Administrative Use Permit (AUP) ZP#2024-0147.",Under Review,1.0,,1136-keith-ave,1136 KEITH AVE,37.88848998632346,-122.26052122062327,2-4,Owner,False,False,False,False,,0.0,,,,,,,,,,,,,,0.0
84,2705 BENVENUE Ave,054 170902800,,-1.0,1.0,2.0,2025.0,ZP2025-0086,"Use Permit with Public Hearing to combine 2703 Benvenue Avenue Units A, B, and 2705 Benvenue Avenue using Berkeley Municipal Code, Title 23, Code Section23.326.040—Eliminating Dwelling Units through
Combination with Other Units, to create a single-family dwelling.",Under Review,1.0,,2705-benvenue-ave,2705 BENVENUE AVE,37.861451091698434,-122.25443995223824,2-4,Owner,False,False,False,False,,0.0,,,,,,,,,,,,,,0.0
85,1730 PARKER St,054 180902900,,0.0,0.0,0.0,2022.0,ZP2022-0063,Alteration and 239 SF addition at rear yard (lower and upper level) to residential triplex.,Incomplete Pending Applicant,1.0,Unknown,1730-parker-st,1730 PARKER ST,37.86089288300704,-122.2746354946718,2-4,Owner,False,False,False,False,,0.0,,,,,,,,,,,,,,0.0
86,2740 SHASTA Rd,060 246900700,,0.0,0.0,0.0,2022.0,ZP2022-0091,"For an interior remodel, residential additions over 14 feet in average height, 20 feet in maximum height in the Hillside Overlay, vertical extension in the non-conforming front setback, and a fence over 6' in the required front setback.",Incomplete Pending Applicant,1.0,Unknown,2740-shasta-rd,2740 SHASTA RD,37.886352334684865,-122.25828861429146,2-4,Owner,False,False,False,False,,0.0,,,,,,,,,,,,,,0.0
87,1109 COWPER St,056 198201600,,0.0,0.0,0.0,2022.0,ZP2022-0154,Major residential addition over 14 feet in average height on a lot that exceeds the lot coverage allowance,In Review,1.0,Unknown,1109-cowper-st,1109 COWPER ST,37.86759590004899,-122.29101743270444,2-4,Owner,False,False,False,False,,0.0,,,,,,,,,,,,,,0.0
88,705 ARLINGTON Ave,062 291606900,,0.0,0.0,0.0,2023.0,ZP2023-0008,"To construct a two-story, 1,700 square-foot, major residential addition exceeding 20 feet in average height in the Hillside Overlay.",In Review,1.0,Unknown,705-arlington-ave,705 ARLINGTON AV,37.89747706176223,-122.27563396222864,2-4,Owner,False,False,False,False,,0.0,,,,,,,,,,,,,,0.0
89,2027 SEVENTH St,056 196701301,,0.0,0.0,0.0,2023.0,ZP2023-0155,"Create a new fence over 6-feet in height and a new roof extension over 12-feet in height to an existing school in a residential district, both within the required setback.",Corrections Pending Applicant,1.0,Unknown,2027-seventh-st,2027 SEVENTH ST,37.86721535977573,-122.29587245131933,2-4,Owner,False,False,False,False,,0.0,,,,,,,,,,,,,,0.0
90,576 SAN LUIS Rd,062 291602800,,0.0,0.0,0.0,2024.0,ZP2024-0053,"AUP to add a two-story 20 feet tall, 577 sq. ft. residential addition to the front of the main residence in the Hillside Overlay District and add a fourth bedroom to the property",Incomplete Pending Applicant,1.0,Unknown,576-san-luis-rd,576 SAN LUIS RD,37.9000098376195,-122.2757844758528,2-4,Owner,False,False,False,False,,0.0,,,,,,,,,,,,,,0.0
91,2009 ADDISON St,057 202502300,,0.0,0.0,0.0,2024.0,ZP2024-0111,"Modify use permits ZP2018-0235 and ZP2017-0004 to allow a tourist hotel use in no more than nine existing apartments, and allow amplified live entertainment and group instruction in the ground floor studio space, and establish a new administrative use permit for on-site sales of alcoholic beverages as part of the public assembly use.",Resubmittal Pending Review,1.0,Unknown,2009-addison-st,2009 ADDISON ST,37.87120672562489,-122.27002173569448,2-4,Owner,False,False,False,False,,0.0,,,,,,,,,,,,,,0.0
92,3036 REGENT St,052 157404601,,0.0,0.0,0.0,2024.0,ZP2024-0122,Use Permit for conversion of the existing medical office use and to establish a Single-Family Dwelling,Corrections Pending Applicant,1.0,Unknown,3036-regent-st,3036 REGENT ST,37.85419413122943,-122.25654257324676,2-4,Owner,False,False,False,False,,0.0,,,2024-10-07,2024-10-07,,,ness Review: Withdrawn,2026-03-03,,,,,,0.0
93,1312 ADDISON St,056 199300100,,0.0,0.0,0.0,2024.0,ZP2024-0125,"Use Permit to construct a three-story major residential addition (700 square feet) to an existing duplex, above 14 feet (35 feet) in average building height, by expanding the existing third-story attic on a property that exceeds allowable lot coverage, and to install a new play structure in the rear yard",Corrections Pending Applicant,1.0,Unknown,1312-addison-st,1312 ADDISON ST,37.86691212647459,-122.2841528783074,2-4,Owner,False,False,False,False,,0.0,,,,,,,,,,,,,,0.0
94,2145 GRANT St,057 201502200,,0.0,0.0,0.0,2024.0,ZP2024-0138,"Use Permit with Public Hearing to construct a major residential addition (1,133 square feet) with an average height of 22 feet 10 inches by adding a second story to the front building within the nonconforming front setback on a lot that currently exceeds maximum lot coverage. The project will result in a total of seven bedrooms and four bathrooms in the building, and 13 total bedrooms on the lot.",Pending Final Action,1.0,Unknown,2145-grant-st,2145 GRANT ST,37.86891842367285,-122.27466130955813,2-4,Owner,False,False,False,False,,0.0,,,2024-09-24,2024-10-24,2026-03-26,548.0,Public Hearing: ZAB Approved,2026-03-26,,,,,,24.62
95,2903 ADELINE St,053 159100100,,0.0,0.0,0.0,2025.0,ZP2025-0006,Use Permit with Public Hearing to legalize conversion of an existing commercial space into residential use,Corrections Pending Applicant,1.0,Unknown,2903-adeline-st,2903 ADELINE ST,37.85636176695468,-122.26810249137816,2-4,Owner,False,False,False,False,,0.0,,,,,,,,,,,,,,0.0
96,2099 M L KING JR Way,057 202401300,,0.0,0.0,0.0,2025.0,ZP2025-0024,Use Permit Modification of ZP2019-0081 to convert commercial space into a residential amenity space for a lounge and gym area,Incomplete Pending Applicant,1.0,Unknown,2099-m-l-king-jr-way,2099 M L KING JR WAY,37.87089236766337,-122.27262600021216,2-4,Owner,False,False,False,False,,0.0,,,,,,,,,,,,,,0.0
97,1507 JOSEPHINE St,059 227103300,,0.0,0.0,0.0,2025.0,ZP2025-0025,Unit combination of an existing duplex into an SFR through remodel of both floors with new kitchen and 3 baths.,Corrections Pending Applicant,1.0,Unknown,1507-josephine-st,1507 JOSEPHINE ST,37.87915855930355,-122.2747148284878,2-4,Owner,False,False,False,False,,0.0,,,,,,,,,,,,,,0.0
98,1338 SEVENTH St,059 234901200,,0.0,0.0,0.0,2025.0,ZP2025-0037,"Use Permit with Public Hearing to change 8,000 square feet of protected warehousing use to a martial arts studio, in the MU-LI district.",Incomplete Pending Applicant,1.0,Unknown,1338-seventh-st,1338 SEVENTH ST,37.87829060269934,-122.30017426312772,2-4,Owner,False,False,False,False,,0.0,,,,,,,,,,,,,,0.0
99,2238 SEVENTH St,056 196401200,,0.0,0.0,0.0,2025.0,ZP2025-0057,Proposed interior and exterior remodel of units A and B on the first floor only.,Incomplete Pending Applicant,1.0,Unknown,2238-seventh-st,2238 SEVENTH ST,37.86406379094866,-122.29561680785744,2-4,Owner,False,False,False,False,,0.0,,,,,,,,,,,,,,0.0
100,703 SANTA BARBARA Rd,062 291403900,,0.0,0.0,0.0,2025.0,ZP2025-0058,A major residential addition over 14' in average height with a two-car garage within the rear setback.,Under Review,1.0,Unknown,703-santa-barbara-rd,703 SANTA BARBARA RD,37.8978365872887,-122.27149521081397,2-4,Owner,False,False,False,False,,0.0,,,,,,,,,,,,,,0.0
101,385 VERMONT Ave,062 294902800,,0.0,0.0,0.0,2025.0,ZP2025-0060,"Administrative Use Permit to construct a 783 square feet second story major residential addition with a maximum building height of 31 feet tall with a proposed 250 square feet roof deck that will extend a building wall within a nonconforming side setback, and add a new retaining wall within required setbacks.",In Review,1.0,Unknown,385-vermont-ave,385 VERMONT AV,37.9032943088105,-122.27469798687288,2-4,Owner,False,False,False,False,,0.0,,,,,,,,,,,,,,0.0
102,1246 ROSE St,059 229200201,,0.0,0.0,0.0,2025.0,ZP2025-0076,Residential remodel and addition to existing 1br/2bath SFH to create 2br/2bath SFH. Convert existing upper level deck and part of second story interior to a bedroom and closet.,Corrections Pending Applicant,1.0,Unknown,1246-rose-st,1246 ROSE ST,37.876466003476914,-122.28944818909082,2-4,Owner,False,False,False,False,,0.0,,,,,,,,,,,,,,0.0
103,1512 CHANNING Way,055 191400200,,0.0,0.0,0.0,2025.0,ZP2025-0077,"Administrative Use Permit to construct a 641 square feet, 25 feet tall major residential addition over the existing building footprint of the existing single-family dwelling extending a building wall within a nonconforming front, side, and rear setback",Incomplete Pending Applicant,1.0,Unknown,1512-channing-way,1512 CHANNING WAY,37.86391660149408,-122.28080140591616,2-4,Owner,False,False,False,False,,0.0,,,,,,,,,,,,,,0.0
104,1475 CATHERINE Dr,059 228606900,,0.0,0.0,0.0,2025.0,ZP2025-0082,"Second-story residential addition (412 sf). Convert portion of garage to habitable space (64 sf). Addition includes 2 bedrooms, 1 bath, and a staircase.",On Hold,1.0,Unknown,1475-catherine-dr,1475 CATHERINE DR,37.87802083926939,-122.28400690207374,2-4,Owner,False,False,False,False,,0.0,,,,,,,,,,,,,,0.0
105,1187 SHATTUCK Ave,061 256102100,,0.0,0.0,0.0,2025.0,ZP2025-0088,"Administrative Use Permit #ZP2025-0088 to increase the existing attic to 32-feet, 11-inches max height (447-square-feet below 6-feet in height) and construct a three-story, approximately 250-square-foot residential addition to a single-family dwelling resulting in 1,621-square-feet of habitable space; and expand the basement to create 1,002-square-feet of habitable space. The existing home is a three-story single-family dwelling with three bedrooms, two bathrooms, and is 25-feet, 8-inches in maximum height. The project will result in approximately five bedrooms, four bathrooms, with a maximum height of 32-feet, 11-inches.",Pending Final Action,1.0,Unknown,1187-shattuck-ave,1187 SHATTUCK AV,37.88605280233432,-122.26971843750508,2-4,Owner,False,False,False,False,,0.0,,,,,,,,,,,,,,0.0
106,2016 DELAWARE St A,057 205003500,,0.0,0.0,0.0,2025.0,ZP2025-0090,Use Permit to construct an approximate 706 sq. ft. 31 feet in maximum height second-story major residential addition that will vertically extend a building wall within a nonconforming side setback to an existing condo on a property over lot coverage.,Incomplete Pending Applicant,1.0,Unknown,2016-delaware-st-a,2016 DELAWARE ST A,37.874311420657456,-122.27031238111309,2-4,Owner,False,False,False,False,,0.0,,,,,,,,,,,,,,0.0
107,1123 BLAKE St,054 178100900,,0.0,0.0,0.0,2025.0,ZP2025-0091,Administrative Use Permit to construct a 942 square feet major residential addition consisting of a 450 sq. ft. second story 21 feet tall addition and  492 sq. ft. 1st floor addition and a new deck and hot tub to an existing single family residence.,Under Review,1.0,Unknown,1123-blake-st,1123 BLAKE ST,37.86066513987505,-122.28807356907674,2-4,Owner,False,False,False,False,,0.0,,,,,,,,,,,,,,0.0
108,830 BANCROFT Way,056 194102202,,0.0,0.0,0.0,2025.0,ZP2025-0096,"to expand the operational hours of the existing, legally nonconforming vocational training center in the Residential Multi-Unit 2 (R-2) Zoning District",Pending Final Action,1.0,Unknown,830-bancroft-way,830 BANCROFT WAY,37.86329738203636,-122.29579660206832,2-4,Owner,False,False,False,False,,0.0,,,,,,,,,,,,,,0.0
109,2740 SHASTA Rd,060 246900700,,0.0,0.0,0.0,2025.0,ZP2025-0100,"Administrative Use Permit to construct a residential addition above 14 feet in average height (25 feet 2 inches) and 20 feet in maximum height (31 feet 6 inches), partially within the nonconforming front setback, to an existing three-story single-family residence. The project includes new landscape improvements and the installation of a retaining wall within the front setback and will result in six bedrooms and five bathrooms.",Corrections Pending Applicant,1.0,Unknown,2740-shasta-rd,2740 SHASTA RD,37.886352334684865,-122.25828861429146,2-4,Owner,False,False,False,False,,0.0,,,,,,,,,,,,,,0.0
110,2143 BLAKE St,055 182302200,,0.0,0.0,0.0,2025.0,ZP2025-0106,Obtain AUP to add an additional parking stall at the front of the dwelling within the front setback.,Incomplete Pending Applicant,1.0,Unknown,2143-blake-st,2143 BLAKE ST,37.863510605435074,-122.26546737871362,2-4,Owner,False,False,False,False,,0.0,,,,,,,,,,,,,,0.0
111,411 VASSAR Ave,062 294602600,,0.0,0.0,0.0,2025.0,ZP2025-0109,"Administrative Use Permit to build an approximate 260 square-foot deck within a required front setback, over an existing 8-foot-tall carport attached to an existing three-bedroom, three-bathroom single-family dwelling.",Resubmittal Pending Staff,1.0,Unknown,411-vassar-ave,411 VASSAR AV,37.904328384734455,-122.27226916422846,2-4,Owner,False,False,False,False,,0.0,,,,,,,,,,,,,,0.0
112,1621 SACRAMENTO St,058 215401900,,1.0,1.0,0.0,2025.0,ZP2025-0112,"Garage conversion to ADU, increasing height and massing within required setbacks.",Under Review,1.0,Small (1-5),1621-sacramento-st,1621 SACRAMENTO ST,37.87607732556359,-122.28224482520292,ADU,Owner,False,False,False,False,,0.0,,,,,,,,,,,,,,0.0
113,2138 KITTREDGE St,057 202901500,,73.0,73.0,0.0,2026.0,ZP2026-0006,Modification for ZP2024-0114 to increase unit count from 66 to 73.  No other changes in design or size.,Under Review,1.0,Very Large (51-100),2138-kittredge-st,2138 KITTREDGE ST,37.86834064720663,-122.26699773246196,5+,Renter,False,False,False,False,,0.0,,,2024-09-05,2024-09-05,2025-10-20,410.0,Application Processing: Pending Final Action,2025-10-20,,,,,,1.11
114,2727 HASTE St,055 186800500,,45.0,45.0,0.0,2026.0,ZP2026-0007,"Use Permit #ZP2026-0007 to construct a new 6-story (66’-3”), 45-unit housing development, with 34,526-square-feet of new residential use. The project includes a removal of existing non-landmarked group living residential structure. 15% (4 units) of the base units will be affordable to very low-income residents, and 11% (3 units) of the base units will be affordable to low-income and moderate-income residents, making the project eligible for an 85% density bonus, waivers, and up to 3 concessions as a state density bonus law development per CA Govt Code 65915.",In Review,1.0,Large (21-50),2727-haste-st,2727 HASTE ST,37.866976368981085,-122.25278009915516,5+,Renter,False,False,False,True,,0.0,6.0,,,2026-02-24,,,,,,,,,,0.0
115,2455 TELEGRAPH Ave,055 187502900,,68.0,68.0,0.0,2026.0,ZP2026-0015,"UPPH to construct a 85,000SF 8-story mixed-use building, including ground-floor record store and 68 units (7 VLI units). Maintain the historic mural and front facade of Amoeba Record Store",Under Review,1.0,Very Large (51-100),2455-telegraph-ave,2455 TELEGRAPH AV,37.86586841351819,-122.25828811123488,5+,Renter,False,False,False,False,,7.0,8.0,,2026-03-09,2026-03-17,,,ness Review: as: Application Complete |,2026-03-17,,,,,,60.98
116,2462 BANCROFT Way,055 187802000,ZENGS BERKELEY LLC,66.0,66.0,0.0,2023.0,ZP2023-0107,"8-story, 66 units, 3 VLI, density bonus, 2462 Bancroft",Approved,1.0,Very Large (51-100),,,,,5+,Renter,False,False,False,True,,3.0,8.0,88.0,2023-08-18,2024-02-15,2024-07-01,318.0,Case Closed: Approved,2024-07-01,,,,,,0.0
117,2317 CHANNING Way,055 188400600,2317 CHANNING WAY LLC,22.0,22.0,0.0,2024.0,ZP2024-0033,"Modification 17→22 units, 5-story residential",Approved,1.0,Large (21-50),,,,,5+,Renter,False,False,False,False,,0.0,5.0,,2024-03-29,2024-04-18,,,"Due 10/23/2024, assigned to Katrina Lapira  Marked as Resubmittal - Pending Staff Review on 09/24/2024 by Katrina Lapira: Pending Final Action",2024-09-30,,,,,,0.0
118,2138 KITTREDGE St,057 202901500,CARLSON SUSAN TR,66.0,66.0,0.0,2024.0,ZP2024-0114,"8-story, 66 units, 5 VLI, SB-330, density bonus",Approved,1.0,Very Large (51-100),,,,,5+,Renter,False,True,False,True,,5.0,8.0,,2024-09-05,2024-09-05,2025-10-20,410.0,Application Processing: Pending Final Action,2025-10-20,,,,,,40.42
119,1974 SHATTUCK Ave,057 205300200,1974 SHATTUCK AVENUE LLC,599.0,599.0,0.0,2024.0,ZP2023-0040,"Demolition of structures at the following addresses: 1950,1974,1984,1998 Shattuck Ave & 2071 University. Construction of a 28-story mixed-use building with 599 dwelling units and a roof-top restaurant over ground-level commercial with lobbies, State of California Density Bonus.",Approved,1.0,Mega (100+),1974-shattuck-ave,1974 SHATTUCK AVE,37.87262662,-122.26880057,5+,Renter,False,False,False,True,,0.0,28.0,,2023-04-25,2024-04-11,2025-06-03,770.0,Public Hearing: City Council Approved,2025-06-03,,,,,,124.25
120,2274 SHATTUCK Ave,057 202800300,WADE WILLIAM J TR,227.0,227.0,0.0,2024.0,ZP2023-0079,"Partial demo of existing commercial structures to construct a new 17-story mixed-used building with 227 dwelling units, ground level lobbies, commercial space, and parking with State of California Density Bonus.",Approved,1.0,Mega (100+),2274-shattuck-ave,2274 SHATTUCK AVE,37.86782324,-122.26856374,5+,Renter,False,False,False,True,,0.0,17.0,,2023-06-29,2024-01-04,2025-04-22,663.0,Public Hearing: City Council Approved,2025-04-22,,,,,,0.0
121,2100 MILVIA St,057 202201701,FIRST MILVIA LLC,201.0,201.0,0.0,2024.0,ZP2023-0163,"Demolish existing two story office building to allow for construction of a new mixed use eight-story development with 201 dwelling units, 4 live-work units, 1 commercial space and ground level lobby.",Approved,1.0,Mega (100+),2100-milvia-st,2100 MILVIA ST,37.87066883,-122.27090166,5+,Renter,False,False,False,False,,0.0,,,2023-12-20,2024-05-17,2025-07-01,559.0,Appeal: No Appeal,2025-07-01,,,,,,0.0
122,2530 BANCROFT Way,055 187701601,MIOTTEL W J JR TR,110.0,110.0,0.0,2024.0,ZP2023-0126,SB-330 PROJECT: Removal of existing commercial structure. Construction of a new 12-story mixed use housing development over ground-level commercial and lobbies for a total of 110 dwelling units proposed. This is a State of California Density Bonus project.,Approved,1.0,Mega (100+),2530-bancroft-way,2530 BANCROFT WAY,37.86854696,-122.25824788,5+,Renter,False,True,False,True,,11.0,12.0,,2024-03-12,2024-03-12,2024-12-27,290.0,Case Closed: Approved,2024-12-27,,,,,,0.0
123,2037 DURANT Ave,055 189400200,JINDO VENTURES LLC,74.0,74.0,0.0,2024.0,ZP2023-0064,"Demolish 1-story 13,000 square foot commercial building, and construct an 8-story (90 feet), 76,373 square foot mixed-use building with 1,552 square feet of ground floor commercial space and 74 units of multi-family housing (including 4 VLI), utilizing State Density Bonus.",Approved,1.0,Very Large (51-100),2037-durant-ave,2037 DURANT AVE,37.86687094,-122.268545,5+,Renter,False,False,False,True,,4.0,1.0,90.0,2024-03-29,2024-03-29,2024-06-19,82.0,Case Closed: Approved,2024-06-19,,,,,,0.0
124,2442 HASTE St,055 188101800,2442 HASTE STREET LLC,34.0,38.0,4.0,2024.0,ZP2024-0070,"SB330 project to demolish an existing three-story residential building with four units, and construct an eight-story, 85-feet tall residential building with 38 new units including 2 VLI units.",Approved,1.0,Large (21-50),2442-haste-st,2442 HASTE ST,37.8656896,-122.25910835,5+,Renter,False,True,False,False,,2.0,8.0,85.0,2024-07-03,2024-10-08,2025-09-08,432.0,Case Closed: Approved,2025-09-08,,,,,,0.0
126,2427 San Pablo,056192802200,Aron Homes LLC,78.0,78.0,0.0,2024.0,ZP2022-0115,"Use Permit to demolish two existing multifamily buildings and construct a 36,280 square foot, five-story (70 feet, 8 inches) residential building containing 8 replacement apartment units and a Residential Hotel (Group Living Accommodation) with 70 single-occupancy rooms (3 Extremely Low-Income, 2 Very Low-Income, and 3 Low-Income) for a total of 78 units, utilizing State Density Bonus. Fifteen off-street automobile parking spaces would be provided. Applicant: Jason Andre, StudioKDA — 1810 6th St",Approved,1.0,Large (50-99),2427-san-pablo,2427 SAN PABLO,,,5+,Renter,False,False,False,True,,0.0,,70.0,2022-10-05,2024-02-06,2024-09-16,712.0,Case Closed: Approved,2024-09-16,,,,,,0.0
127,2820 San Pablo,,,,,0.0,2022.0,P2022-0038,,Unknown,1.0,Small (1-10),2820-san-pablo,2820 SAN PABLO,37.85530167,-122.28812032,2-4,Renter,False,False,False,False,,0.0,,,2022-05-06,2022-09-29,2024-12-06,945.0,Appeal: No Appeal,2024-12-06,,,,,,0.0
128,2833 Seventh St,,United With Earth Corp,3.0,3.0,0.0,2024.0,ZP2023-0123,"Use Permit #ZP2023-0123 to convert a 1,024 square-foot two-story commercial unit to a residential dwelling unit for a total of three dwelling units on a mixed-use lot.",Approved,1.0,Small (1-10),2833-seventh-st,2833 SEVENTH ST,,,2-4,Renter,False,False,False,False,,0.0,,,2023-09-21,2024-02-26,2024-05-07,229.0,Case Closed: Approved,2024-05-07,,,,,,0.0
129,1614 Sixth St,,Kalash Joseph T,3.0,3.0,0.0,2024.0,ZP2024-0008,"Administrative Use Permit #ZP2024-0008 to construct two 1,747 square-foot three-story (35 feet) single-family dwellings with attached garages on a lot with an existing landmarked single-family residence, for a total of three dwelling units on one parcel.",Approved,1.0,Small (1-10),1614-sixth-st,1614 SIXTH ST,,,2-4,Renter,False,False,False,False,,0.0,,35.0,2024-01-25,2024-02-22,2024-10-17,266.0,Case Closed: Approved,2024-10-17,,,,,,0.0
130,1048 Keith St,,Kainz Joachim & Newman Lindsay,,,0.0,2024.0,ZP2024-0014,"Use Permit #ZP2024-0014 to demolish a 2,760 square-foot single-family dwelling at 1048 Keith Avenue (full description truncated in system)",Approved,1.0,Small (1-10),1048-keith-st,1048 KEITH ST,37.88932269,-122.26411968,2-4,Renter,False,False,False,False,,0.0,,,2024-02-08,2024-02-29,2025-06-04,482.0,Case Closed: Approved,2025-06-04,,,,,,0.0
131,811 Cedar,,Berliner Wade,,,0.0,2024.0,ZP2024-0116,Demolition of an existing single-family residence and detached [structure] at 811 Cedar Street (description truncated in system),Approved,1.0,Small (1-10),811-cedar,811 CEDAR,37.87415158,-122.30018804,2-4,Renter,False,False,False,False,,0.0,,,2024-09-05,2024-12-19,2025-07-03,301.0,Appeal: No Appeal,2025-07-03,,,,,,0.0
132,1627 Jaynes St,059227901600,Humphries Shoana S & Rahimi Al,,,0.0,2024.0,ZP2024-0129,"Demolition of existing single-family residence to construct a new 2,250 square-foot, two-story [dwelling] at 1627 Jaynes  UPPH: 1627 JAYNES Demolition of existing SFR to construct new 2250 square foot, two-story, four bedroom, three bath house. New 107 square foot patio at lower level; new exterior stairway to main entry; New 890 square foot patio in rear yard. Replacement of entry path from sidewalk to house.",Approved,1.0,Small (1-10),1627-jaynes-st,1627 JAYNES ST,37.8782356,-122.27953219,2-4,Renter,False,False,False,False,,0.0,,,2024-09-06,2024-10-18,2025-05-16,252.0,Appeal: No Appeal,2025-05-16,,,,,,0.0
133,2128 Oxford St,,Core Berkeley Oxford LLC,485.0,485.0,0.0,2023.0, ZP2022-0135,"** SB330 Application — Demolition of existing structure(s) (includes 16 rent-controlled units) and construction of 26-story, mixed-use building with 485 dwelling units (includes 5 ELI and 42 VLI) and 13,500 SF of commercial space. Closed LUST Site (2148 Center). Eligible National Register Historic (2132 Center).",Approved,1.0,Mega (100+),2128-oxford-st,2128 OXFORD ST,37.87026527,-122.26618858,5+,Renter,False,True,False,False,,47.0,26.0,,2023-03-17,2023-03-17,2024-10-04,567.0,Case Closed: Approved,2024-10-04,,,,,,0.0
134,2480 Bancroft Way,055187802200,Rue Ell Enterprises Inc,28.0,28.0,0.0,2023.0,DRCF2023-0005,DRCF: 2480 Bancroft Way. Demolish an existing one story retail building and construct a new eight story mixed-use building with 28 residential units. Proposed restaurant space on the first floor serving beer and wine. Two residential units will be provided at very low income affordability levels.,Approved,1.0,Medium (11-49),2480-bancroft-way,2480 BANCROFT WY,37.86838541,-122.25966232,5+,Renter,False,False,False,False,,0.0,,,2023-09-12,2023-09-12,2023-10-02,20.0,Public Notification: Completed,2023-10-02,,,,,,0.0
135,2150 Kittredge St,057 202901600,,,169.0,,2021.0,B2021-00008,Mixed-use residential building with 169 units. CO issued 2024.,Completed,,,,,37.8683686,-122.26683842,,,,,,,,,,,,,,,,,,2024-01-01,2022-06-01,2024-06-01,occupied,0.0
136,1951 Shattuck Ave,057 204600100,,,163.0,,2021.0,B2021-04893,Mixed-use residential building with 163 units. CO issued 2024.,Completed,,,,,37.87277577,-122.26881378,,,,,,,,,,,,,,,,,,2024-01-01,2022-06-01,2024-06-01,occupied,0.0
137,2000 University Ave,057 202501300,,,82.0,,2022.0,B2022-01111,Mixed-use residential building with 82 units. CO issued 2024.,Completed,,,,,37.8716201,-122.27050252,,,,,,,,,,,,,,,,,,2024-01-01,2022-06-01,2024-06-01,occupied,0.0
138,2099 MLK Jr Way,057 202401300,,,72.0,,2021.0,B2021-03950,Mixed-use residential building with 72 units. CO issued 2024.,Completed,,,,,37.87089665,-122.27264044,,,,,,,,,,,,,,,,,,2024-01-01,2022-06-01,2024-06-01,occupied,0.0
139,2538 DURANT Ave,055 187602000,,83.0,83.0,0.0,2024.0,TBD,"8-story mixed-use with 83 units (5 VLI). Martin Group/Valiance Capital, Studio KDA. Construction imminent.",Under Construction,1.0,Very Large (51-100),2538-durant-ave,2538 DURANT AVE,37.86775753,-122.25717556,5+,Renter,False,True,False,True,,5.0,8.0,,,,,,Building Permits Filed,,2024-10-01,,2024-10-01,2026-12-01,foundation,0.0
140,2136 SAN PABLO Ave,056 197701101,,125.0,125.0,0.0,2024.0,TBD,"6-story mixed-use with 125 units (10 VLI). Allrise Capital, Trachtenberg Architects. Approved Apr 2024.",Approved,1.0,Mega (100+),2136-san-pablo-ave,2136 SAN PABLO AVE,37.8668949,-122.29183688,5+,Renter,False,False,False,True,,10.0,6.0,,,,2024-04-01,,Approved,,,,,,,0.0
141,2016 ASHBY Ave,053 159202000,,50.0,50.0,0.0,2024.0,TBD,"100% affordable housing, 50 units. Community Housing Development Corp, Lowney Architecture. Building permits filed.",Building Permits Filed,1.0,Large (21-50),2016-ashby-ave,2016 ASHBY AVE,37.85482147,-122.26822209,5+,Renter,False,False,False,True,,50.0,,,,,,,Building Permits Filed,,,,2025-06-01,2027-06-01,foundation,0.0
142,2350 TELEGRAPH Ave,055 187900100,,48.0,48.0,0.0,2024.0,TBD,"8-story mixed-use with 48 units (2 VLI). Kick-Axe Properties/Ken Sarachan, Trachtenberg Architects. Renderings published.",Under Review,1.0,Large (21-50),2350-telegraph-ave,2350 TELEGRAPH AVE,37.86760496,-122.25922449,5+,Renter,False,False,False,True,,2.0,8.0,,,,,,Under Review,,,,,,,0.0
143,2902 ADELINE St,053 159800600,,54.0,54.0,0.0,2024.0,TBD,"54 units. Realtex Group, SDT Architects. Under construction since July 2025.",Under Construction,1.0,Very Large (51-100),2902-adeline-st,2902 ADELINE ST,37.85622646,-122.26905086,5+,Renter,False,False,False,True,,0.0,,,,,,,Under Construction,,,,2024-12-01,2026-06-01,framing,0.0
144,2127 DWIGHT Way,055 189001201,,58.0,58.0,0.0,2024.0,TBD,"58 units (8 affordable). Riaz Capital, Levy Design Partners. Topped out, opening 2026.",Under Construction,1.0,Very Large (51-100),2127-dwight-way,2127 DWIGHT WAY,37.86431483,-122.26684931,5+,Renter,False,False,False,True,,8.0,,,,,,,Under Construction,,,,2024-06-01,2026-03-01,topped_out,0.0
145,1708 HARMON St,052 153300103,,80.0,80.0,0.0,2024.0,TBD,80 units affordable senior housing. Demo permits filed.,Demolition Permits Filed,1.0,Very Large (51-100),1708-harmon-st,1708 HARMON ST,37.84896792,-122.27329273,5+,Renter,False,False,False,True,,80.0,,,,,,,Demolition Permits Filed,,,,,,,0.0
146,2800 TELEGRAPH Ave,053 168900100,,18.0,18.0,0.0,2024.0,TBD,"18 units. Bright Street/Via Development, SDT Architects. Building permits filed.",Building Permits Filed,1.0,Medium (6-20),2800-telegraph-ave,2800 TELEGRAPH AVE,37.85932315,-122.25951996,5+,Renter,False,False,False,False,,0.0,,,,,,,Building Permits Filed,,,,,,,0.0
147,2300 ELLSWORTH St,055 188600100,,69.0,69.0,0.0,2024.0,TBD,7-story with 69 units. Riaz Capital. Demolition underway.,Demolition Underway,1.0,Very Large (51-100),2300-ellsworth-st,2300 ELLSWORTH ST,37.86791627,-122.26398397,5+,Renter,False,False,False,True,,0.0,7.0,,,,,,Demolition Underway,,,,2025-10-01,2027-06-01,demolition,0.0
148,2018 BLAKE St,055 182102100,,12.0,12.0,0.0,2024.0,TBD,6-story co-living with 12 units. Tripalink. Demo permits filed.,Demolition Permits Filed,1.0,Medium (6-20),2018-blake-st,2018 BLAKE ST,37.8625782,-122.26883511,5+,Renter,False,False,False,False,,0.0,6.0,,,,,,Demolition Permits Filed,,,,,,,0.0
149,2198 SAN PABLO Ave,056 197701300,,100.0,100.0,0.0,2024.0,TBD,"7-story mixed-use. Allrise Capital, Trachtenberg Architects. Entitled. Unit count TBD.",Entitled,1.0,Very Large (51-100),2198-san-pablo-ave,2198 SAN PABLO AVE,37.86653584,-122.29166193,5+,Renter,False,False,False,True,,0.0,7.0,,,,,,Entitled,,,,,,,0.0
150,3030 TELEGRAPH Ave,052 157602701,,144.0,144.0,0.0,2024.0,TBD,144 unit mixed-use development.,Under Construction,1.0,Mega (100+),3030-telegraph-ave,3030 TELEGRAPH AVE,37.85482734,-122.2603453,5+,Renter,False,False,False,True,,0.0,,,,,,,Under Review,,2023-10-01,,2024-01-01,2025-12-01,finishing,0.0
151,Ashby BART,053 165200105,,618.0,618.0,0.0,2025.0,TBD,"618 units, 50% affordable. Developer Adeline Alliance/Relequity selected Aug 2025. BART transit-oriented development.",Developer Selected,1.0,Mega (100+),ashby-bart,ASHBY BART,37.85306772,-122.28819989,5+,Renter,False,False,False,True,,309.0,,,,,,,Developer Selected,,,,,,,0.0
152,1598 UNIVERSITY Ave,056 200300100,,207.0,207.0,0.0,2024.0,TBD,"207 units modular construction, topped out. NX Ventures. 21 VLI units.",Under Construction,1.0,Mega (100+),1598-university-ave,1598 UNIVERSITY AVE,37.87032921,-122.28000582,5+,Renter,False,False,False,True,,21.0,,,,,,,Under Construction,,,,2024-03-01,2026-03-01,topped_out,0.0
153,1701 SAN PABLO Ave,058 212701403,,110.0,110.0,0.0,2024.0,TBD,110 units 100% affordable educator housing. BUSD + Abode/SAHA. Under construction.,Under Construction,1.0,Mega (100+),1701-san-pablo-ave,1701 SAN PABLO AVE,37.87191723,-122.29342286,5+,Renter,False,False,False,True,,110.0,,,,,,,Under Construction,,,,2025-06-01,2027-06-01,foundation,0.0
154,2001 ASHBY Ave,053 159101803,,87.0,87.0,0.0,2024.0,TBD,"87 units, 86 affordable. Resources for Community Development. OPEN June 2025.",Completed,1.0,Very Large (51-100),2001-ashby-ave,2001 ASHBY AVE,37.85541723,-122.26832199,5+,Renter,False,False,False,True,,86.0,,,,,,,Open,,,2025-06-01,2023-06-01,2025-06-01,occupied,0.0
155,1700 SACRAMENTO St,058 215100100,,85.0,85.0,0.0,2024.0,TBD,85 units BART Phase 1. Insight Housing. AB 2011. Pyatok Architects.,Under Review,1.0,Very Large (51-100),1700-sacramento-st,1700 SACRAMENTO ST,37.87468358,-122.28217011,5+,Renter,False,False,True,True,,0.0,,,,,,,Under Review,,,,,,,0.0
156,2550 SHATTUCK Ave,055 182100101,,72.0,72.0,0.0,2025.0,TBD,"72 units, 15 affordable. 4Terra Investments. ZAB/DRC in progress.",ZAB Review,1.0,Very Large (51-100),2550-shattuck-ave,2550 SHATTUCK AVE,37.86276714,-122.2677616,5+,Renter,False,False,False,True,,15.0,,,,,,,ZAB Review,,,,,,,0.0
157,2587 TELEGRAPH Ave,055 183901901,,52.0,52.0,0.0,2024.0,TBD,"52 units, 6 VLI. Gilbane Development. Topped out summer 2026.",Under Construction,1.0,Very Large (51-100),2587-telegraph-ave,2587 TELEGRAPH AVE,37.86381398,-122.25828879,5+,Renter,False,False,False,True,,6.0,,,,,,,Under Construction,,,,2024-06-01,2026-06-01,topped_out,0.0
158,1367 UNIVERSITY Ave,057 207300500,,39.0,39.0,0.0,2024.0,TBD,39 units supportive housing. Panoramic Interests. OPEN July 2025.,Completed,1.0,Large (21-50),1367-university-ave,1367 UNIVERSITY AVE,37.87028242,-122.28519012,5+,Renter,False,False,False,False,,39.0,,,,,,,Open,,,2025-07-01,2023-07-01,2025-07-01,occupied,0.0
159,2403 SAN PABLO Ave,056 192800100,,36.0,36.0,0.0,2025.0,TBD,36 units Jewish cohousing co-op. Groundbreaking Apr 2025.,Under Construction,1.0,Large (21-50),2403-san-pablo-ave,2403 SAN PABLO AVE,37.86272977,-122.28972121,5+,Renter,False,False,False,False,,0.0,,,,,,,Under Construction,,,,2025-04-01,2027-04-01,foundation,0.0
160,2344 FULTON St,055 189200400,,18.0,18.0,0.0,2025.0,TBD,18 units. Pre-application stage.,Pre-Application,1.0,Medium (6-20),2344-fulton-st,2344 FULTON ST,37.86616878,-122.26585528,5+,Renter,False,False,False,False,,0.0,,,,,,,Pre-Application,,,,,,,0.0
