JURS_TRACKING_ID,STREET_ADDRESS,APN,UNIT_CAT,co_units_d5,bp_units_d5
B2023-04283,111 ALVARADO Rd,048H766303800,SFD,0.0,0.0
B2023-02475,25 TANGLEWOOD Rd,048H768002301,SFD,0.0,0.0
B2022-04101,3400 CALIFORNIA St,052 143600101,SFD,0.0,0.0
B2023-03376,1408 ALCATRAZ Ave,052 143901200,SFD,0.0,0.0
B2023-05658,1300 ALCATRAZ Ave,052 144503600,SFD,0.0,0.0
B2022-05695,1333 SIXTY-SEVENTH St,052 151600900,SFD,0.0,0.0
B2022-02907,1329 ALCATRAZ Ave,052 151800700,SFD,0.0,0.0
B2023-03285,1304 HARMON St,052 151802100,SFD,0.0,0.0
B2023-02452,1639 SIXTY-THIRD St,052 152200400,SFD,0.0,-2.0
B2021-05199,1833 SIXTY-THIRD St,052 152700400,SFD,0.0,0.0
B2022-00336,3218 ADELINE St,052 153000300,SFD,0.0,0.0
B2022-05458,1601 HARMON St,052 153501600,SFD,0.0,0.0
B2023-01553-REV01,1600 FAIRVIEW St,052 153502000,SFD,0.0,0.0
B2023-01051,1632 FAIRVIEW St,052 153502700,SFD,0.0,0.0
B2023-02649,1517 HARMON St,052 153603300,SFD,0.0,0.0
B2021-03691,1420 SIXTY-SIXTH St,052 153902000,SFD,0.0,0.0
B2023-02925,1548 WOOLSEY St,052 154400100,SFD,0.0,0.0
B2020-02097,1519 FAIRVIEW St,052 154401200,SFD,1.0,0.0
B2022-02735,6615 DOVER St,052 155201000,ADU,0.0,0.0
B2023-06217,2129 WOOLSEY St,052 155500600,SFD,0.0,0.0
B2023-00225,2134 PRINCE St,052 155502700,SFD,0.0,0.0
B2022-04831,2819 WOOLSEY St,052 156300900,SFD,0.0,0.0
B2022-05842,2838 PRINCE St,052 156306100,SFD,0.0,0.0
B2023-03338,3149 COLLEGE Ave,052 156308700,SFD,0.0,0.0
B2023-00165,3125 LEWISTON Ave,052 156312700,SFD,0.0,0.0
B2022-04079,3121 LEWISTON Ave,052 156312800,SFD,0.0,0.0
B2022-04317,2908 RUSSELL St,052 156500200,SFD,0.0,0.0
B2022-05645,2950 RUSSELL St,052 156501200,SFD,0.0,0.0
B2023-03980,2951 ASHBY Ave,052 156502700,SFD,0.0,0.0
B2022-04659,2946 ASHBY Ave,052 156505800,SFD,0.0,0.0
B2021-03434,2941 LINDEN Ave,052 156510600,SFD,0.0,0.0
B2023-04720,2842 ASHBY Ave,052 156511100,SFD,0.0,0.0
B2022-05760,2963 MAGNOLIA St,052 156512500,SFD,0.0,0.0
B2023-05402,2950 LINDEN Ave,052 156603600,SFD,0.0,0.0
B2023-03593,2959 PIEDMONT Ave,052 156604500,SFD,0.0,0.0
B2022-02434-REV01,2914 PIEDMONT Ave,052 156700400,SFD,0.0,0.0
B2022-06104,2747 ASHBY Pl,052 156700700,SFD,0.0,0.0
B2022-02240,2735 ELMWOOD Ave,052 156704300,SFD,0.0,0.0
B2023-03393,2723 WEBSTER St,052 156705600,SFD,0.0,0.0
B2023-03479,2610 RUSSELL St,052 156900200,SFD,0.0,0.0
B2023-03127,2918 REGENT St,052 157101300,SFD,0.0,0.0
B2023-06108,2410 RUSSELL St,052 157200200,SFD,0.0,0.0
B2023-00338,2445 PRINCE St,052 157402600,SFD,0.0,0.0
B2023-01239,2425 PRINCE St,052 157500200,SFD,0.0,0.0
B2022-05412,2318 WEBSTER St,052 157600500,SFD,0.0,0.0
B2022-05917,2326 WEBSTER St,052 157602300,SFD,0.0,0.0
B2023-05935,3001 DEAKIN St,052 157701900,SFD,0.0,0.0
B2023-04501,2325 WEBSTER St,052 157703200,SFD,0.0,0.0
B2022-05272,2247 ASHBY Ave,052 158001200,SFD,0.0,0.0
B2023-00031,3028 DEAKIN St,052 158301300,SFD,0.0,0.0
B2023-00813,3049 FULTON St,052 158302400,SFD,0.0,0.0
B2023-03282,3017 FULTON St,052 158303400,SFD,0.0,0.0
B2023-03879,2127 PRINCE St,052 158500600,SFD,0.0,0.0
B2021-02899,2911 ADELINE St,053 159102200,SFD,0.0,0.0
B2022-02960,3022 SHATTUCK Ave,053 159300200,SFD,0.0,0.0
B2022-03551,2919 OTIS St,053 159802700,SFD,0.0,0.0
B2023-00780,2927 OTIS St,053 159803300,SFD,0.0,0.0
B2023-00261,2937 M L KING JR Way,053 159902200,SFD,0.0,-1.0
B2022-06004,1841 PRINCE St,053 160101600,SFD,0.0,0.0
B2022-03033,1617 TYLER St,053 160701400,SFD,0.0,0.0
B2023-02508,1622 ASHBY Ave,053 160702700,SFD,0.0,0.0
B2023-05569,1648 ASHBY Ave,053 160703500,SFD,0.0,0.0
B2023-04452,1627 ASHBY Ave,053 160801200,SFD,0.0,0.0
B2022-01590,1616 JULIA St,053 160803100,SFD,0.0,0.0
B2021-05463,1615 JULIA St,053 160901700,SFD,-1.0,0.0
B2018-02159,1605 JULIA St,053 160901900,SFD,0.0,0.0
B2023-02598,1524 RUSSELL St,053 161002400,SFD,0.0,0.0
B2021-02353,1526 RUSSELL St,053 161002500,SFD,0.0,0.0
B2023-05469,1530 RUSSELL St,053 161002600,SFD,0.0,0.0
B2023-02195,1529 TYLER St,053 161200801,SFD,0.0,0.0
B2022-03507,1521 TYLER St,053 161201200,SFD,0.0,0.0
B2023-05136,1510 ASHBY Ave,053 161202200,SFD,0.0,0.0
B2023-06314,2926 STANTON St,053 161901000,SFD,0.0,0.0
B2022-05766,2900 ACTON St,053 162100900,SFD,0.0,0.0
B2022-05764,2904 ACTON St,053 162101000,SFD,0.0,0.0
B2022-03111,1308 RUSSELL St,053 162200400,SFD,0.0,0.0
B2022-05762,2914 ACTON St,053 162300102,SFD,0.0,0.0
B2022-05756,2916 ACTON St,053 162300103,SFD,0.0,0.0
B2023-02858,1307 ASHBY Ave,053 162302200,SFD,0.0,0.0
B2022-03260,3012 ACTON St,053 162400400,SFD,0.0,0.0
B2022-00634,1240 CARRISON St,053 162604200,SFD,-1.0,0.0
B2023-02242,1210 BURNETT St,053 162802700,SFD,0.0,0.0
B2022-04257,2806 ACTON St,053 166700400,SFD,0.0,0.0
B2023-04801,2804 DOHR St,053 166800300,SFD,0.0,-1.0
B2023-05589,1530 STUART St,053 167102800,SFD,0.0,0.0
B2023-02290,2836 MCGEE Ave,053 167300500,SFD,0.0,0.0
B2023-06286,1602 OREGON St,053 167302400,SFD,0.0,0.0
B2021-05749,1639 OREGON St,053 167400500,SFD,0.0,0.0
B2022-04445,2817 CALIFORNIA St,053 167401600,SFD,0.0,0.0
B2022-03008,1719 OREGON St,053 167501500,SFD,0.0,0.0
B2023-03062,1712 STUART St,053 167502700,SFD,0.0,0.0
B2023-04921,1800 STUART St,053 167700100,SFD,0.0,0.0
B2023-02412-REV01,2832 MILVIA St,053 167900300,SFD,0.0,0.0
B2023-06052,2815 FULTON St,053 168801900,SFD,0.0,0.0
B2022-06051,2809 FULTON St,053 168802000,SFD,0.0,0.0
B2023-04281,2830 REGENT St,053 169100200,SFD,0.0,0.0
B2023-02289,2824 BENVENUE Ave,053 169401000,SFD,0.0,0.0
B2023-02646,2635 RUSSELL St,053 169501500,SFD,0.0,0.0
B2023-02943,2801 PIEDMONT Ave,053 169800100,SFD,0.0,0.0
B2023-02776,2819 PIEDMONT Ave,053 169801800,SFD,0.0,0.0
B2023-03936,2901 AVALON Ave,053 170103200,SFD,0.0,0.0
B2022-05216,2926 AVALON Ave,053 170103900,SFD,0.0,0.0
B2023-00032,2700 CLAREMONT Blvd,054 170200100,SFD,0.0,0.0
B2022-04351,2901 GARBER St,054 170203100,SFD,0.0,0.0
B2022-05638,2731 CLAREMONT Blvd,054 170205600,SFD,0.0,0.0
B2023-06188,3005 GARBER St,054 170207200,SFD,0.0,0.0
B2023-05795,2946 AVALON Ave,054 170210800,SFD,0.0,0.0
B2023-02282,2834 FOREST Ave,054 170501100,SFD,0.0,0.0
B2023-00475,2723 FOREST Ave,054 170800900,SFD,0.0,0.0
B2023-00302,2733 BENVENUE Ave,054 170902100,SFD,0.0,0.0
B2022-04719,2608 DERBY St,054 171000200,SFD,0.0,0.0
B2023-03041,2311 WARD St,054 171501400,SFD,0.0,0.0
B2023-04812,2324 DERBY St,054 171502700,SFD,0.0,0.0
B2022-03395,2337 WARD St,054 171503400,SFD,0.0,0.0
B2023-00879,2327 WARD St,054 171503600,SFD,0.0,0.0
B2022-04607,2220 WARD St,054 171702300,SFD,0.0,0.0
B2021-01857,2708 ELLSWORTH St,054 171800200,SFD,0.0,0.0
B2023-04843,2212 DERBY St,054 171802700,SFD,0.0,0.0
B2023-04551,2738 FULTON St,054 172000200,SFD,0.0,0.0
B2023-05958,1811 STUART St,054 172601200,SFD,0.0,0.0
B2023-03545,1814 DERBY St,054 172702300,SFD,0.0,0.0
B2023-03613,1739 WARD St,054 172800500,SFD,0.0,0.0
B2023-06318,1708 WARD St,054 172902500,SFD,0.0,0.0
B2023-00781,1728 WARD St,054 172903000,SFD,0.0,0.0
B2023-04422,1626 DERBY St,054 173103200,SFD,0.0,0.0
B2023-03708,2734 CALIFORNIA St,054 173300300,SFD,0.0,0.0
B2023-03268,1519 STUART St,054 173301400,SFD,0.0,0.0
B2023-03732,2733 SACRAMENTO St,054 173302100,SFD,0.0,0.0
B2022-03138,1412 DERBY St,054 173600400,SFD,0.0,0.0
B2023-04445,2763 DOHR St,054 173701300,SFD,0.0,0.0
B2022-05856,1217 WARD St,054 174002000,SFD,0.0,0.0
B2023-06006,2728 WALLACE St,054 174201400,SFD,0.0,0.0
B2021-00286,2724 MABEL St,054 174207300,SFD,0.0,0.0
B2023-01446,2761 MATHEWS St,054 174209700,SFD,0.0,0.0
B2023-02832,1114 DERBY St,054 174300300,SFD,0.0,0.0
B2022-05546,1034 CARLETON St,054 174400400,SFD,0.0,0.0
B2023-05108,940 DWIGHT Way,054 177801900,SFD,0.0,0.0
B2023-02570,1118 BLAKE St,054 178402100,SFD,0.0,0.0
B2023-00400,1220 CARLETON St,054 178702200,SFD,-1.0,-1.0
B2022-01338,1223 PARKER St,054 178900600,SFD,0.0,0.0
B2023-05163,1208 BLAKE St,054 178901700,SFD,0.0,0.0
B2023-02340,1220 BLAKE St,054 178902100,SFD,0.0,0.0
B2023-02696,1325 PARKER St,054 179000700,SFD,0.0,0.0
B2021-05335,1311 CARLETON St,054 179101500,SFD,0.0,0.0
B2022-05945,1304 PARKER St,054 179102200,SFD,0.0,0.0
B2021-01892,1321 DERBY St,054 179201300,SFD,0.0,0.0
B2023-03665,1311 DERBY St,054 179201600,SFD,0.0,0.0
B2018-00134,1415 CARLETON St,054 179401100,SFD,0.0,0.0
B2020-03991,2500 SACRAMENTO St,054 179600100,SFD,0.0,0.0
B2023-00313,1451 BLAKE St,054 179601200,SFD,0.0,0.0
B2023-00474,1411 BLAKE St,054 179601600,SFD,0.0,0.0
B2023-00691,1405 BLAKE St,054 179601700,SFD,0.0,0.0
B2023-02342,2506 CALIFORNIA St,054 179700300,SFD,0.0,1.0
B2023-02095,1521 PARKER St,054 180001300,SFD,0.0,0.0
B2022-04645,1530 BLAKE St,054 180002700,SFD,-1.0,0.0
B2023-00357,1536 BLAKE St,054 180002900,SFD,0.0,0.0
B2023-01195,1518 PARKER St,054 180102300,SFD,0.0,0.0
B2023-06169,1623 DERBY St,054 180301000,SFD,0.0,0.0
B2022-05313,1630 BLAKE St,054 180503100,SFD,0.0,0.0
B2023-00245,1619 BLAKE St,054 180601200,SFD,0.0,0.0
B2022-03023,1722 DWIGHT Way,054 180702800,SFD,0.0,0.0
B2022-02312,1733 BLAKE St,054 180703500,SFD,0.0,0.0
B2023-06399,2629 MCGEE Ave,054 181002302,SFD,0.0,0.0
B2022-05445,2633 GRANT St,054 181101300,SFD,0.0,0.0
B2023-02789,1823 BLAKE St,054 181400800,SFD,0.0,0.0
B2022-01697,1343 PARKER St,054-1790-003,SFD,0.0,0.0
B2022-04519,1911 PARKER St,055 181601500,SFD,0.0,-1.0
B2023-05741,1924 PARKER St,055 181702800,SFD,0.0,0.0
B2022-04155,2023 PARKER St,055 182101100,SFD,0.0,0.0
B2021-02404,2000 DWIGHT Way,055 182201800,5+,0.0,113.0
B2023-03082,2125 CARLETON St,055 182501000,SFD,0.0,0.0
B2023-05947,2201 DERBY St,055 182701400,SFD,0.0,0.0
B2022-04591,2233 PARKER St,055 182900600,SFD,0.0,0.0
B2023-01099,2212 BLAKE St,055 182901900,SFD,0.0,0.0
B2023-04613,2240 BLAKE St,055 182902701,SFD,0.0,0.0
B2023-05329,2211 BLAKE St,055 183001300,SFD,0.0,0.0
B2023-03349,2537 ELLSWORTH St,055 183201700,SFD,0.0,0.0
B2023-03162,2550 DANA St,055 183207500,SFD,0.0,0.0
B2023-01080,2550 DANA St,055 183207600,SFD,0.0,0.0
B2023-02035,2550 DANA St,055 183208500,SFD,0.0,0.0
B2023-01867,2550 DANA St,055 183208600,SFD,0.0,0.0
B2023-02036,2550 DANA St,055 183209000,SFD,0.0,0.0
B2023-01869,2550 DANA St,055 183210100,SFD,0.0,0.0
B2023-01870,2550 DANA St,055 183210600,SFD,0.0,0.0
B2023-01868,2550 DANA St,055 183210700,SFD,0.0,0.0
B2023-03091,2550 DANA St,055 183211900,SFD,0.0,0.0
B2022-05443,2300 CARLETON St,055 183402300,SFD,0.0,0.0
B2023-05308,2409 PARKER St,055 183701900,SFD,0.0,0.0
B2022-04799,2600 HILLEGASS Ave,055 184100400,SFD,0.0,0.0
B2023-01958,2610 HILLEGASS Ave,055 184100600,SFD,0.0,0.0
B2023-05543,2511 PARKER St,055 184201801,SFD,0.0,0.0
B2023-03680,2615 DERBY St,055 184401800,SFD,0.0,0.0
B2022-03771,2617 HILLEGASS Ave,055 184402600,SFD,0.0,0.0
B2023-04522,2615 HILLEGASS Ave,055 184402700,SFD,0.0,0.0
B2023-05939,2607 HILLEGASS Ave,055 184402800,SFD,0.0,0.0
B2023-01390,2601 COLLEGE Ave,055 184805800,SFD,0.0,0.0
B2023-01295,2629 COLLEGE Ave,055 184807100,SFD,-1.0,-1.0
B2023-03098,2805 PARKER St,055 185101400,SFD,0.0,0.0
B2022-04156,2995 DWIGHT Way,055 185303500,SFD,0.0,0.0
B2023-04395,40 ARDEN Rd,055 186202503,SFD,0.0,0.0
B2023-04244,50 ARDEN Rd,055 186202600,SFD,0.0,0.0
B2023-03372,59 ARDEN Rd,055 186203700,SFD,0.0,0.0
B2023-03056,2310 PROSPECT St,055 186300200,SFD,0.0,0.0
B2023-03077,2737 DWIGHT Way,055 186700600,SFD,0.0,0.0
B2023-06328,2321 DWIGHT Way,055 188200700,SFD,0.0,0.0
B2023-00415,2000 DURANT Ave,055 189501501,SFD,0.0,0.0
B2023-00910,2409 M L KING JR Way,055 189901700,SFD,0.0,0.0
B2023-00252,1847 CHANNING Way,055 190100900,SFD,0.0,0.0
B2022-02992,2337 MCKINLEY Ave,055 190101600,SFD,0.0,0.0
B2023-01516,1841 DWIGHT Way,055 190201700,SFD,0.0,0.0
B2022-03342,1814 CHANNING Way,055 190300200,SFD,0.0,0.0
B2022-05926,1825 CHANNING Way,055 190401500,SFD,0.0,0.0
B2023-03470,2300 GRANT St,055 190500600,SFD,-1.0,-1.0
B2023-00468,2304 GRANT St,055 190500700,SFD,0.0,0.0
B2023-05349,2404 GRANT St,055 190600600,SFD,0.0,0.0
B2021-01475,2410 GRANT St,055 190600800,SFD,0.0,0.0
B2021-03348,2326 ROOSEVELT Ave,055 190801200,SFD,0.0,0.0
B2020-03314,2338 MCGEE Ave,055 190901600,SFD,0.0,0.0
B2023-03084,1633 CHANNING Way,055 190902200,SFD,0.0,0.0
B2022-05151,1619 DWIGHT Way,055 191101600,SFD,0.0,0.0
B2022-04886,2435 CALIFORNIA St,055 191102200,SFD,0.0,0.0
B2022-01342,2436 SPAULDING Ave,055 191401500,SFD,0.0,0.0
B2023-01379,2333 SACRAMENTO St,055 191405500,SFD,0.0,0.0
B2022-06022,2327 SACRAMENTO St,055 191405800,SFD,0.0,0.0
B2023-04625,2339 EDWARDS St,056 191502300,SFD,0.0,0.0
B2022-05595,2306 ACTON St,056 191700500,SFD,0.0,0.0
B2023-00365,2436 EDWARDS St,056 191901600,SFD,-1.0,-1.0
B2023-02208,2431 ACTON St,056 191902600,SFD,0.0,0.0
B2022-06095,1314 CHANNING Way,056 192000500,SFD,0.0,0.0
B2022-00504,1351 DWIGHT Way,056 192101300,SFD,-1.0,0.0
B2023-02255,2322 VALLEY St,056 192301000,SFD,0.0,0.0
B2023-05793,2319 BROWNING St,056 192403200,SFD,0.0,0.0
B2022-04004,2340 BROWNING St,056 192501500,SFD,0.0,0.0
B2023-04585,2348 BROWNING St,056 192501600,SFD,0.0,0.0
B2023-01722,2324 CURTIS St,056 192600700,SFD,0.0,0.0
B2023-02752,1132 CHANNING Way,056 192900300,SFD,0.0,0.0
B2021-01965,2427 BROWNING St,056 193102900,SFD,0.0,0.0
B2023-04441,2320 TENTH St,056 193401101,SFD,0.0,0.0
B2023-01278,2435 NINTH St,056 193502500,SFD,0.0,0.0
B2023-01960,2423 EIGHTH St,056 193602700,SFD,0.0,0.0
B2023-00985,904 BANCROFT Way,056 193800200,SFD,0.0,0.0
B2023-02112,2340 EIGHTH St,056 193801500,SFD,0.0,0.0
B2023-01827,919 CHANNING Way,056 193801700,SFD,0.0,0.0
B2023-03452,907 CHANNING Way,056 193802100,SFD,0.0,0.0
B2022-05938,2329 SEVENTH St,056 193802700,SFD,0.0,0.0
B2023-00880,922 CHANNING Way,056 193900600,SFD,0.0,0.0
B2022-01163,2421 SEVENTH St,056 193903100,SFD,0.0,0.0
B2022-05673,2330 SEVENTH St,056 194101000,SFD,0.0,0.0
B2023-00296,2112 SIXTH St,056 196200800,SFD,0.0,0.0
B2022-04862,2128 SEVENTH St,056 196501200,SFD,-1.0,0.0
B2022-06018,830 ADDISON St,056 196502600,SFD,0.0,0.0
B2023-05396,2233 SEVENTH St,056 196902600,SFD,0.0,0.0
B2023-05125,941 BANCROFT Way,056 197001000,SFD,0.0,0.0
B2022-02350,2118 NINTH St,056 197100900,SFD,0.0,0.0
B2023-03543,2122 NINTH St,056 197101000,SFD,0.0,0.0
B2023-03155,2026 NINTH St,056 197204000,SFD,0.0,0.0
B2023-00851,2227 TENTH St,056 197602600,SFD,0.0,0.0
B2023-01389,2214 CURTIS St,056 198400900,SFD,0.0,0.0
B2023-03910,1125 BANCROFT Way,056 198402100,SFD,0.0,0.0
B2023-05286,2221 BYRON St,056 198402700,SFD,0.0,0.0
B2023-02965,2125 BYRON St,056 198502500,SFD,0.0,0.0
B2023-04219,2111 BYRON St,056 198502900,SFD,0.0,0.0
B2021-01051,2212 BROWNING St,056 198700800,SFD,0.0,0.0
B2023-04716,2230 BROWNING St,056 198701500,SFD,0.0,0.0
B2023-01208,2134 BONAR St,056 198901300,SFD,0.0,0.0
B2023-03556,2109 BROWNING St,056 198902900,SFD,0.0,0.0
B2023-04908,1323 ADDISON St,056 199503000,SFD,0.0,0.0
B2023-00469,1426 ADDISON St,056 199700900,SFD,0.0,0.0
B2023-05954,1410 ALLSTON Way,056 199800302,SFD,0.0,0.0
B2023-04529,1465 BANCROFT Way,056 199802100,SFD,0.0,0.0
B2023-01905,1423 ACROFT Ct,056 199804000,SFD,0.0,1.0
B2023-03966,2128 SPAULDING Ave,056 200001100,SFD,0.0,0.0
B2023-06367,2116 CALIFORNIA St,056 200201100,SFD,0.0,0.0
B2022-04100,1515 ADDISON St,056 200303300,SFD,0.0,0.0
B2023-03676,2116 JEFFERSON Ave,056 200501000,SFD,0.0,0.0
B2023-02456,1736 ADDISON St,056 201200400,SFD,0.0,0.0
B2023-03238,2134 GRANT St,056 201204200,SFD,0.0,0.0
B2023-04152,2235 ROOSEVELT Ave,057 201302400,SFD,0.0,0.0
B2020-03262,2111 GRANT St,057 201502900,SFD,0.0,0.0
B2022-05761,2201 MCKINLEY Ave,057 201800100,SFD,0.0,0.0
B2023-05527,1931 CENTER St,057 202202000,SFD,0.0,0.0
B2023-01664,2270 SHATTUCK Ave,057 202800200,SFD,0.0,0.0
B2022-04623,1945 BERKELEY Way,057 205602300,SFD,0.0,0.0
B2021-01761,1720 DELAWARE St,057 206502400,SFD,0.0,0.0
B2022-05634,1435 BERKELEY Way,057 207500500,SFD,0.0,0.0
B2022-05857,1812 SACRAMENTO St,057 207602800,SFD,0.0,0.0
B2023-06197,1812 FRANKLIN St,057 207900700,SFD,0.0,0.0
B2023-04828,1285 HEARST Ave,057 208001100,SFD,0.0,0.0
B2022-06082,1907 CHESTNUT St,057 208101900,SFD,0.0,0.0
B2023-00836,1914 TENTH St,057 208900803,SFD,0.0,0.0
B2020-04540,932 DELAWARE St,057 209100200,SFD,1.0,0.0
B2022-01746,1924 EIGHTH St,057 209302400,SFD,0.0,0.0
B2022-05892,1650 SEVENTH St,058 212001100,SFD,0.0,0.0
B2022-04483,1617 SIXTH St,058 212002301,SFD,0.0,0.0
B2022-05772,1010 CEDAR St,058 212500400,SFD,0.0,0.0
B2023-03800,1630 TENTH St,058 212501400,SFD,0.0,0.0
B2023-01438,1719 NINTH St,058 212602700,SFD,0.0,0.0
B2023-03595,1727 TENTH St,058 212702300,SFD,0.0,0.0
B2022-01502,1647 TENTH St,058 212801800,SFD,0.0,0.0
B2023-00924,1181 DELAWARE St,058 213004300,SFD,0.0,0.0
B2022-05598,1298 VIRGINIA St,058 213300700,SFD,0.0,0.0
B2023-04751,1207 FRANCISCO St,058 213303100,SFD,-1.0,-1.0
B2023-03266,1607 CHESTNUT St,058 213801200,SFD,0.0,0.0
B2023-05866,1680 FRANKLIN St,058 213901000,SFD,0.0,0.0
B2023-02971,1670 FRANKLIN St,058 213901804,SFD,0.0,0.0
B2021-04594,3 VIRGINIA GARDENS,058 213902900,SFD,-1.0,0.0
B2021-05676,1347 FRANCISCO St,058 214001100,SFD,0.0,0.0
B2021-05046,1345 FRANCISCO St,058 214001201,SFD,0.0,0.0
B2023-04161,1332 FRANCISCO St,058 214100200,SFD,0.0,-1.0
B2022-03336,1360 VIRGINIA St,058 214300100,SFD,0.0,0.0
B2023-05045,1620 ACTON St,058 214401200,SFD,0.0,0.0
B2023-00248,1421 LINCOLN St,058 214501500,SFD,0.0,0.0
B2023-05580,1675 SHORT St,058 214503900,SFD,0.0,0.0
B2023-00348,1426 LINCOLN St,058 214504700,SFD,0.0,0.0
B2023-02513,1445 VIRGINIA St,058 214505800,SFD,0.0,0.0
B2023-03410,1714 CALIFORNIA St,058 215201001,SFD,0.0,0.0
B2022-01742,1517 VIRGINIA St,058 215301200,SFD,0.0,0.0
B2023-00090,1620 CALIFORNIA St,058 215400700,SFD,0.0,0.0
B2023-03524,1530 CEDAR St,058 215403200,SFD,0.0,0.0
B2022-06054,1645 VIRGINIA St,058 215600600,SFD,0.0,0.0
B2023-06020,1639 FRANCISCO St,058 215700300,SFD,0.0,0.0
B2022-02081,1604 VIRGINIA St,058 215702000,SFD,0.0,0.0
B2023-01260,1632 VIRGINIA St,058 215703000,SFD,0.0,0.0
B2023-02585,1626 FRANCISCO St,058 215803201,SFD,0.0,0.0
B2023-00849,1714 FRANCISCO St,058 215902900,SFD,0.0,0.0
B2021-04788,1710 VIRGINIA St,058 216002200,SFD,0.0,0.0
B2023-02281,1714 VIRGINIA St,058 216002300,SFD,0.0,0.0
B2023-00030,1712 LINCOLN St,058 216100300,SFD,0.0,0.0
B2022-04676,1721 VIRGINIA St,058 216100600,SFD,0.0,0.0
B2023-02860,1608 JOSEPHINE St,058 216500600,SFD,0.0,0.0
B2022-05876,1627 GRANT St,058 216502700,SFD,0.0,0.0
B2022-03922,1625 JOSEPHINE St,058 216602900,SFD,0.0,0.0
B2022-03220,1812 VIRGINIA St,058 216702100,SFD,0.0,0.0
B2023-03071,1735 M L KING JR Way,058 216902000,SFD,0.0,0.0
B2023-05149,2011 FRANCISCO St,058 217501501,SFD,0.0,0.0
B2023-02656,1704 WALNUT St,058 217700400,SFD,0.0,0.0
B2022-04126,1632 WALNUT St,058 217801200,SFD,0.0,0.0
B2023-03276,1643 WALNUT St,058 217901800,SFD,0.0,0.0
B2023-05249,1771 SPRUCE St,058 218203200,SFD,0.0,0.0
B2022-04606,1625 OXFORD St,058 218302200,SFD,0.0,0.0
B2022-02135,2369 LE CONTE Ave,058 218900200,SFD,0.0,0.0
B2022-02121,2363 LE CONTE Ave,058 218900300,SFD,0.0,0.0
B2021-03440,1828 EUCLID Ave,058 219100200,2-4,0.0,2.0
B2023-02316,2479 LE CONTE Ave,058 219300300,SFD,0.0,0.0
B2023-04922,1626 LE ROY Ave,058 219600400,SFD,0.0,0.0
B2023-04222,1755 LE ROY Ave,058 220500100,SFD,0.0,0.0
B2023-05876,2702 VIRGINIA St,058 220700202,SFD,0.0,0.0
B2022-05022,1675 LA LOMA Ave,058 220800105,SFD,0.0,0.0
B2023-06015,1665 LE ROY Ave,058 220902300,SFD,0.0,0.0
B2023-00375,2644 CEDAR St,058 221000200,SFD,0.0,0.0
B2022-05114,2805 HILGARD Ave,058 221200400,SFD,0.0,0.0
B2023-01645,7 PARNASSUS Ct,058 223202300,SFD,0.0,0.0
B2023-01268,2838 BUENA VISTA Way,058 224207601,SFD,0.0,0.0
B2021-05572,1590 LA VEREDA Rd,058 224211400,SFD,0.0,0.0
B2023-01634,1425 GREENWOOD Ter,058 224300107,SFD,0.0,0.0
B2023-05500,9 GREENWOOD COMMON,058 224400210,SFD,0.0,0.0
B2023-04296,2365 CEDAR St,059 225201200,SFD,0.0,0.0
B2022-00550,1446 SCENIC Ave,059 225302300,SFD,0.0,0.0
B2023-03724,2273 VINE St,059 225401600,SFD,0.0,0.0
B2023-00244,1425 SPRUCE St,059 225402400,SFD,0.0,0.0
B2023-01263,1436 OXFORD St,059 225801300,SFD,0.0,0.0
B2023-00050,1401 WALNUT St,059 225803000,SFD,0.0,0.0
B2022-05987,1420 HENRY St,059 226500900,SFD,-2.0,-2.0
B2023-03230,1404 HENRY St,059 226503600,SFD,0.0,0.0
B2022-04341,1404 HENRY St,059 226503700,SFD,0.0,0.0
B2023-00228,1927 VINE St,059 226603600,SFD,0.0,0.0
B2023-03778,1429 BONITA Ave,059 226603900,SFD,0.0,0.0
B2023-02826,1512 BONITA Ave,059 226800900,SFD,0.0,0.0
B2022-05592,1429 JOSEPHINE St,059 227002600,SFD,0.0,0.0
B2023-04621,1434 GRANT St,059 227401600,SFD,0.0,0.0
B2021-03962,1411 EDITH St,059 227403000,SFD,0.0,0.0
B2022-04583,1518 GRANT St,059 227501001,SFD,0.0,0.0
B2023-02934,1709 CEDAR St,059 227601800,SFD,0.0,0.0
B2017-02518,1525 MCGEE Ave,059 227602300,SFD,0.0,0.0
B2023-02371,1512 EDITH St,059 227701200,SFD,0.0,0.0
B2023-04199,1507 NORTH St,059 227701800,SFD,0.0,0.0
B2023-03677,1528 MCGEE Ave,059 227801800,SFD,0.0,0.0
B2022-04537,1645 CEDAR St,059 227802000,SFD,-1.0,0.0
B2023-05094,1627 CEDAR St,059 227802600,SFD,0.0,0.0
B2023-06225,1715 VINE St,059 228200800,SFD,0.0,-1.0
B2023-03342,1716 BUENA Ave,059 228201900,SFD,0.0,0.0
B2023-00172,1406 EDITH St,059 228203600,SFD,0.0,0.0
B2023-04610,1720 ROSE St,059 228302400,SFD,0.0,0.0
B2022-00822,1427 HOLLY St,059 228401500,SFD,0.0,0.0
B2023-00752,1532 HOLLY St,059 228502200,SFD,0.0,0.0
B2022-06053,1547 SACRAMENTO St,059 228503000,SFD,0.0,0.0
B2023-03015,1520 JUANITA Way,059 228601100,SFD,0.0,0.0
B2023-04820,1355 TOMLEE Dr,059 228603300,SFD,0.0,0.0
B2021-04974,1375 CEDAR St,059 228605300,SFD,0.0,0.0
B2023-00226,1516 SACRAMENTO St,059 228610000,SFD,0.0,0.0
B2022-05986,1520 SACRAMENTO St,059 228610100,SFD,0.0,0.0
B2021-05173,1556 SACRAMENTO St,059 228611000,SFD,0.0,0.0
B2023-01657,1533 KEONCREST Dr,059 228614100,SFD,0.0,0.0
B2023-02339,1125 CEDAR St,059 228800700,SFD,0.0,-1.0
B2022-02386,1609 KAINS Ave,059 228804000,SFD,0.0,0.0
B2022-02347,1612 CORNELL Ave,059 228901500,SFD,0.0,0.0
B2021-03774,1611 CORNELL Ave,059 229004500,SFD,0.0,0.0
B2022-03694,1644 CURTIS St,059 229004800,SFD,0.0,0.0
B2023-04575,1645 CORNELL Ave,059 229005800,SFD,0.0,0.0
B2022-04740,1652 CHESTNUT St,059 229203100,SFD,0.0,0.0
B2023-02196,1631 BELVEDERE Ave,059 229203600,SFD,0.0,0.0
B2022-05115,1246 HOPKINS St,059 229301600,SFD,0.0,0.0
B2023-00351,920 JONES St,059 231300700,SFD,-1.0,-1.0
B2023-00175,912 BATAAN Ave,059 231301700,SFD,0.0,0.0
B2023-04602,1484 SEVENTH St,059 232701100,SFD,0.0,0.0
B2021-00027,1000 PAGE St,059 233000100,SFD,0.0,0.0
B2022-00293,1483 TENTH St,059 233100900,SFD,0.0,0.0
B2021-05221,1455 TENTH St,059 233101600,SFD,0.0,0.0
B2023-03683,1423 NINTH St,059 233301303,SFD,0.0,0.0
B2023-00457,935 PAGE St,059 233401300,SFD,0.0,0.0
B2023-03907,832 CAMELIA St,059 233600200,SFD,0.0,0.0
B2023-06107,1324 FOURTH St,059 234602400,SFD,0.0,0.0
B2022-03231,1348 NEILSON St,060 239101200,SFD,0.0,0.0
B2021-01500,1217 HOPKINS St,060 239103600,SFD,0.0,0.0
B2023-04102,1337 CURTIS St,060 239106400,SFD,0.0,0.0
B2023-05071,1443 STANNAGE Ave,060 239302700,SFD,0.0,0.0
B2023-03790,1121 JONES St,060 239401200,SFD,0.0,0.0
B2023-04335,1510 STANNAGE Ave,060 239402100,SFD,0.0,0.0
B2023-04342,1410 STANNAGE Ave,060 239700400,SFD,0.0,0.0
B2022-05790,1422 CORNELL Ave,060 239800900,SFD,0.0,0.0
B2023-02572,1419 STANNAGE Ave,060 239801500,SFD,0.0,0.0
B2023-03985,1170 CAMELIA St,060 239900200,SFD,0.0,0.0
B2023-03868,1345 TALBOT Ave,060 240001500,SFD,0.0,0.0
B2023-03747,1320 STANNAGE Ave,060 240300800,SFD,0.0,0.0
B2022-02019,1343 KAINS Ave,060 240301900,SFD,0.0,0.0
B2022-04764,1321 KAINS Ave,060 240302600,SFD,-1.0,0.0
B2022-03752,1208 KAINS Ave,060 240500600,SFD,-1.0,-1.0
B2023-00878,1212 STANNAGE Ave,060 240600700,SFD,0.0,0.0
B2021-00435,1210 CORNELL Ave,060 240700601,SFD,0.0,0.0
B2023-04929,1214 TALBOT Ave,060 240800700,SFD,0.0,0.0
B2023-04616,1221 TALBOT Ave,060 240902400,SFD,0.0,0.0
B2022-04258,1205 TALBOT Ave,060 240902900,SFD,0.0,0.0
B2023-03152,1208 NEILSON St,060 241200500,SFD,0.0,0.0
B2023-02898,1220 NEILSON St,060 241200800,SFD,0.0,0.0
B2023-03859,1437 NEILSON St,060 241402402,SFD,0.0,0.0
B2023-02692,1224 ORDWAY St,060 241601000,SFD,0.0,0.0
B2023-02956,1342 ORDWAY St,060 241604802,SFD,0.0,0.0
B2022-05934,1232 PERALTA Ave,060 241701300,SFD,0.0,0.0
B2022-05034,1344 HOPKINS St,060 242302500,SFD,0.0,0.0
B2021-04994,1381 ROSE St,060 242306900,SFD,0.0,0.0
B2023-00565,1377 ROSE St,060 242307100,SFD,0.0,0.0
B2023-01204,1237 ORDWAY St,060 242702200,SFD,0.0,0.0
B2023-02972,1201 ORDWAY St,060 242703300,SFD,0.0,0.0
B2023-04838,1208 MONTEREY Ave,060 242900400,SFD,0.0,0.0
B2022-04517,1282 MONTEREY Ave,060 242901800,SFD,0.0,0.0
B2023-04831,11 HOPKINS Ct,060 242903500,SFD,0.0,0.0
B2023-03728,20 HOPKINS Ct,060 242903900,SFD,0.0,0.0
B2022-06110,1417 ADA St,060 243001400,SFD,0.0,0.0
B2023-05715,1400 HOPKINS St,060 243002100,SFD,0.0,0.0
B2023-05748,1330 SACRAMENTO St,060 243003201,SFD,0.0,-24.0
B2021-05618,1511 ROSE St,060 243201100,SFD,0.0,0.0
B2021-01300,1366 MIRAMONTE Ct,060 243202401,SFD,0.0,0.0
B2023-06475,1524 ADA St,060 243202900,SFD,0.0,0.0
B2023-03722,1528 ADA St,060 243203000,SFD,0.0,0.0
B2023-01117,1615 ROSE St,060 243301400,SFD,0.0,0.0
B2023-05968,1522 HOPKINS St,060 243401800,SFD,0.0,0.0
B2023-03717,1216 CARLOTTA Ave,060 243500800,SFD,0.0,0.0
B2023-04192,1640 POSEN Ave,060 243600400,SFD,0.0,0.0
B2023-02912,1200 COLUSA Ave,060 243600500,SFD,0.0,0.0
B2023-06524,1231 CARLOTTA Ave,060 243602300,SFD,0.0,0.0
B2023-03729,1716 BEVERLY Pl,060 243700400,SFD,0.0,0.0
B2023-02864,1715 HOPKINS St,060 243702500,SFD,0.0,0.0
B2023-06244,1703 ROSE St,060 243802900,SFD,0.0,0.0
B2023-05275,1325 MCGEE Ave,060 243803800,SFD,0.0,0.0
B2022-06091,1234 JOSEPHINE St,060 244500900,SFD,0.0,0.0
B2022-04000,1347 CARLOTTA Ave,060 244503800,SFD,0.0,0.0
B2023-03210,1210 THE ALAMEDA,060 244600800,SFD,0.0,0.0
B2023-00014,1300 M L KING JR Way,060 244700400,SFD,0.0,0.0
B2022-06031,1334 M L KING JR Way,060 244701200,SFD,0.0,0.0
B2023-02651,1345 JOSEPHINE St,060 244702100,SFD,0.0,0.0
B2023-02790,1920 YOLO Ave,060 244900500,SFD,0.0,0.0
B2023-04289,1321 BONITA Ave,060 245103000,SFD,0.0,0.0
B2023-01098,2003 ROSE St,060 245300900,SFD,0.0,0.0
B2023-06086,1360 HENRY St,060 245303800,SFD,0.0,0.0
B2023-06093,1212 WALNUT St,060 245503003,SFD,0.0,0.0
B2023-02839,1230 WALNUT St,060 245503200,SFD,0.0,0.0
B2023-01572,2350 EUNICE St,060 246500100,SFD,0.0,0.0
B2023-06087,2400 EUNICE St,060 246500600,SFD,0.0,0.0
B2023-02114,2410 EUNICE St,060 246500801,SFD,0.0,0.0
B2023-02822,1306 BAY VIEW Pl,060 246501100,SFD,0.0,0.0
B2020-02613,2323 ROSE St,060 246502100,SFD,0.0,0.0
B2023-00965,1325 ARCH St,060 246502700,SFD,0.0,0.0
B2023-01571,1236 OXFORD St,060 246601400,SFD,0.0,0.0
B2023-01245,1256 SPRUCE St,060 246603500,SFD,0.0,0.0
B2023-04692,1221 OXFORD St,060 246604000,SFD,0.0,0.0
B2023-04841,1333 WALNUT St,060 246609000,SFD,0.0,0.0
B2022-05303,1331 WALNUT St,060 246609100,SFD,0.0,0.0
B2023-05178,1315 WALNUT St,060 246609700,SFD,0.0,0.0
B2022-05959,1311 WALNUT St,060 246609800,SFD,0.0,0.0
B2023-03915,60 NORTHGATE Ave,060 246901900,SFD,0.0,0.0
B2021-02232,2768 SHASTA Rd,060 246902600,SFD,0.0,0.0
B2022-03277-REV01,1288 CAMPUS Dr,060 246903900,SFD,0.0,0.0
B2023-06505,2702 SHASTA Rd,060 246906801,SFD,0.0,0.0
B2023-00141,9 TAMALPAIS Rd,060 247002700,SFD,0.0,0.0
B2023-02980,2683 SHASTA Rd,060 247301000,SFD,0.0,0.0
B2023-05410,54 TAMALPAIS Rd,060 247302601,SFD,0.0,0.0
B2022-06003,3015 BUENA VISTA Way,060 247503200,SFD,0.0,0.0
B2023-01614,100 PARNASSUS Rd,060 247802900,SFD,0.0,0.0
B2023-00137,1403 GLENDALE Ave,060 247903102,SFD,0.0,0.0
B2023-05605,1275 CAMPUS Dr,060 248206400,SFD,0.0,0.0
B2022-05990,1496 OLYMPUS Ave,060 248301000,SFD,0.0,0.0
B2023-02042,1516 OLYMPUS Ave,060 248303100,SFD,0.0,0.0
B2021-04194,6 HARVARD Cir,060 248401000,SFD,0.0,0.0
B2023-02170,130 FAIRLAWN Dr,060 248501500,SFD,0.0,0.0
B2021-05455,210 FAIRLAWN Dr,060 248503300,SFD,-1.0,0.0
B2023-05838,13 FAIRLAWN Dr,060 248603400,SFD,0.0,0.0
B2022-03348,17 SENIOR Ave,060 249002201,SFD,0.0,0.0
B2022-04593,1480 SUMMIT Rd,060 249303700,SFD,0.0,0.0
B2022-00064,1449 GRIZZLY PEAK Blvd,060 249304500,SFD,0.0,0.0
B2023-00322,140 HILL Rd,060 249400900,SFD,0.0,0.0
B2020-04531,160 HILL Rd,060 249401300,SFD,0.0,0.0
B2023-04287,168 HILL Rd,060 249401500,SFD,0.0,0.0
B2023-06040,1291 GRIZZLY PEAK Blvd,060 249402800,SFD,0.0,0.0
B2023-01761,2 AJAX Pl,060 249502000,SFD,0.0,0.0
B2022-00332,1108 EUCLID Ave,061 255103100,SFD,0.0,0.0
B2022-04663,1110 EUCLID Ave,061 255103200,SFD,1.0,1.0
B2022-03380,1114 EUCLID Ave,061 255103400,SFD,0.0,0.0
B2023-00341,2335 CORONA Ct,061 255200500,SFD,0.0,0.0
B2022-05243,1155 GLEN Ave,061 255300100,SFD,0.0,0.0
B2023-05039,2333 EUNICE St,061 255401000,SFD,0.0,0.0
B2023-00278,1038 KEITH Ave,061 255502700,SFD,0.0,0.0
B2022-05187,1188 ARCH St,061 255601700,SFD,0.0,0.0
B2023-01494,1109 SPRUCE St,061 255604100,SFD,0.0,0.0
B2023-01889,1184 SPRUCE St,061 255702200,SFD,0.0,0.0
B2023-05395,1171 SUTTER St,061 256203800,SFD,0.0,-1.0
B2023-01922,1050 MARIPOSA Ave,061 256400500,SFD,0.0,0.0
B2023-02056,1128 SUTTER St,061 256501400,SFD,0.0,0.0
B2023-02167,1914 EL DORADO Ave,061 257002900,SFD,0.0,0.0
B2023-03030,1976 MARIN Ave,061 257102200,SFD,0.0,0.0
B2021-02415,1990 MARIN Ave,061 257102403,SFD,0.0,0.0
B2021-03479,1926 MONTEREY Ave,061 257302200,SFD,0.0,0.0
B2023-03618,1932 MARIN Ave,061 257302400,SFD,0.0,0.0
B2023-05095,1934 MARIN Ave,061 257302500,SFD,0.0,0.0
B2023-03337,1965 MARIN Ave,061 257400700,SFD,0.0,0.0
B2023-05695,1955 MARIN Ave,061 257400900,SFD,-1.0,-1.0
B2023-00162,1947 MARIN Ave,061 257401100,SFD,0.0,0.0
B2023-03363,965 THE ALAMEDA,061 257402300,SFD,0.0,0.0
B2022-04388,828 CONTRA COSTA Ave,061 257501800,SFD,0.0,0.0
B2023-02141,807 THE ALAMEDA,061 257506300,SFD,0.0,0.0
B2023-02840,904 MENDOCINO Ave,061 257603504,SFD,0.0,0.0
B2023-01814,924 MENDOCINO Ave,061 257604001,SFD,0.0,0.0
B2022-05195,791 CONTRA COSTA Ave,061 257607600,SFD,0.0,0.0
B2022-00102,749 CONTRA COSTA Ave,061 257608100,SFD,0.0,0.0
B2023-03361,868 ARLINGTON Ave,061 257700200,SFD,0.0,0.0
B2023-02197,872 ARLINGTON Ave,061 257700300,SFD,0.0,0.0
B2023-00052,946 ARLINGTON Ave,061 257701700,SFD,0.0,0.0
B2023-00876,952 ARLINGTON Ave,061 257701800,SFD,0.0,0.0
B2023-03153,8 INDIAN ROCK Path,061 257802200,SFD,0.0,0.0
B2023-05025,2 MONTROSE Rd,061 258100100,SFD,0.0,0.0
B2023-02733,866 SANTA BARBARA Rd,061 258101900,SFD,0.0,0.0
B2023-01038,882 SANTA BARBARA Rd,061 258102201,SFD,0.0,0.0
B2023-05646,140 MONTROSE Rd,061 258202301,SFD,0.0,0.0
B2022-06029,170 MONTROSE Rd,061 258202600,SFD,0.0,0.0
B2023-02740,855 SANTA BARBARA Rd,061 258204900,SFD,0.0,0.0
B2023-02504,808 OXFORD St,061 258401800,SFD,0.0,0.0
B2023-03167,800 SHATTUCK Ave,061 258500100,SFD,0.0,0.0
B2023-04962,920 OXFORD St,061 258701003,SFD,0.0,0.0
B2023-02031,1036 OXFORD St,061 258702500,SFD,0.0,0.0
B2023-00996,1062 SPRUCE St,061 258802300,SFD,0.0,0.0
B2023-05604,1015 OXFORD St,061 258804000,SFD,0.0,0.0
B2023-05497,935 OXFORD St,061 258804900,SFD,0.0,0.0
B2022-02949,933 OXFORD St,061 258805000,SFD,0.0,0.0
B2023-01550,900 SANTA BARBARA Rd,061 258901300,SFD,0.0,0.0
B2022-05069,111 SOUTHAMPTON Ave,061 259800600,SFD,0.0,0.0
B2023-01959,811 ARLINGTON Ave,061 259803600,SFD,0.0,0.0
B2023-00845,943 FRESNO Ave,061 260302600,SFD,0.0,0.0
B2023-04754,909 FRESNO Ave,061 260303600,SFD,0.0,0.0
B2023-02318,1155 COLUSA Ave,061 260601900,SFD,0.0,0.0
B2023-04671,1840 Sonoma Ave,061 260603101,SFD,0.0,0.0
B2023-05164,1608 BEVERLY Pl,061 260700300,SFD,0.0,0.0
B2023-00513,1614 BEVERLY Pl,061 260700500,SFD,0.0,0.0
B2023-02507,1621 POSEN Ave,061 260702400,SFD,0.0,0.0
B2023-01828,1025 COLUSA Ave,061 261002000,SFD,0.0,0.0
B2023-02888,921 TULARE Ave,061 261401600,SFD,0.0,0.0
B2023-00471,1022 COLUSA Ave,061 261600300,SFD,0.0,0.0
B2023-04410,1023 MERCED St,061 261602600,SFD,0.0,0.0
B2023-03231,1008 MERCED St,061 261700400,SFD,0.0,0.0
B2022-05624,1005 SIERRA St,061 261703600,SFD,0.0,0.0
B2022-04812,1010 SIERRA St,061 261800400,SFD,-1.0,-1.0
B2023-06414,1024 SIERRA St,061 261800600,SFD,0.0,0.0
B2021-00333,1560 BEVERLY Pl,061 262001100,SFD,0.0,0.0
B2022-05851,654 NEILSON St,062 286000900,SFD,-1.0,0.0
B2023-02525,576 NEILSON St,062 286101100,SFD,0.0,0.0
B2023-00352,490 COLUSA Ave,062 286200200,SFD,0.0,0.0
B2022-04596,1563 SAN LORENZO Ave,062 286902100,SFD,0.0,0.0
B2022-02352,877 NEILSON St,062 287002100,SFD,0.0,0.0
B2023-00097,725 PERALTA Ave,062 287602000,SFD,0.0,0.0
B2023-04540,670 ENSENADA Ave,062 287700300,SFD,0.0,-1.0
B2022-03610,682 ENSENADA Ave,062 287700400,SFD,0.0,0.0
B2022-03131,1633 PORTLAND Ave,062 287700900,SFD,0.0,0.0
B2023-03950,699 ENSENADA Ave,062 287800600,SFD,0.0,0.0
B2023-01847,681 ENSENADA Ave,062 287801000,SFD,0.0,0.0
B2023-00764,769 VINCENTE Ave,062 288100100,SFD,0.0,0.0
B2023-00272,789 VINCENTE Ave,062 288100800,SFD,0.0,0.0
B2023-02319,797 VINCENTE Ave,062 288101100,SFD,0.0,0.0
B2023-00166,819 ENSENADA Ave,062 288301400,SFD,0.0,0.0
B2023-05893,1883 TACOMA Ave,062 288500500,SFD,0.0,0.0
B2023-04823,1815 TACOMA Ave,062 288501900,SFD,0.0,0.0
B2021-04310,1860 CAPISTRANO Ave,062 288503400,SFD,0.0,0.0
B2023-06236,1745 TACOMA Ave,062 288601000,SFD,0.0,0.0
B2023-03411,1722 CAPISTRANO Ave,062 288602000,SFD,0.0,0.0
B2023-05953,1738 CAPISTRANO Ave,062 288602200,SFD,0.0,0.0
B2023-05201,1821 SAN PEDRO Ave,062 288701800,SFD,0.0,0.0
B2023-03481,1822 TACOMA Ave,062 288702700,SFD,0.0,0.0
B2022-06064,1830 SAN PEDRO Ave,062 288802100,SFD,0.0,0.0
B2023-02777,1880 SAN PEDRO Ave,062 288803200,SFD,0.0,0.0
B2023-02026,1870 SAN LORENZO Ave,062 288903300,SFD,0.0,0.0
B2023-01190,643 VINCENTE Ave,062 289002400,SFD,0.0,0.0
B2021-03013,646 SANTA ROSA Ave,062 289004600,SFD,1.0,0.0
B2023-00002,656 VINCENTE Ave,062 289103600,SFD,0.0,0.0
B2023-02429,1738 THOUSAND OAKS Blvd,062 289201000,SFD,0.0,0.0
B2023-04706,1875 SAN LORENZO Ave,062 289302200,SFD,0.0,0.0
B2023-03416,667 SANTA ROSA Ave,062 289303000,SFD,0.0,0.0
B2023-05944,20 MENLO Pl,062 289401100,SFD,0.0,0.0
B2023-02751,570 THE ALAMEDA,062 289500600,SFD,0.0,0.0
B2022-04044,585 SANTA ROSA Ave,062 289501500,SFD,0.0,0.0
B2022-05336,1811 THOUSAND OAKS Blvd,062 289601700,SFD,0.0,0.0
B2023-05180,575 SANTA CLARA Ave,062 289701500,SFD,0.0,0.0
B2021-00529,1866 THOUSAND OAKS Blvd,062 289902700,SFD,0.0,0.0
B2022-02482,715 THE ALAMEDA,062 290000200,SFD,0.0,0.0
B2023-01711,1924 YOSEMITE Rd,062 290100500,SFD,0.0,0.0
B2023-04288,721 THE ALAMEDA,062 290101201,SFD,0.0,0.0
B2023-03186,544 VINCENTE Ave,062 290200600,SFD,0.0,0.0
B2023-04049,556 VINCENTE Ave,062 290200900,SFD,0.0,0.0
B2023-03607,1609 VISALIA Ave,062 290303300,SFD,0.0,0.0
B2022-01715,540 THE ALAMEDA,062 290700200,SFD,0.0,0.0
B2023-02950,89 MENLO Pl,062 290700900,SFD,0.0,0.0
B2022-03275,27 MENLO Pl,062 290702001,SFD,0.0,0.0
B2023-00027,24 NORTHAMPTON Ave,062 291405300,SFD,0.0,0.0
B2023-02506,1909 SAN ANTONIO Ave,062 291600800,SFD,0.0,0.0
B2022-05525,576 SAN LUIS Rd,062 291602800,SFD,0.0,0.0
B2023-00340,701 ARLINGTON Ave,062 291607000,SFD,0.0,0.0
B2022-04145,754 ARLINGTON Ave,062 292001900,SFD,0.0,0.0
B2023-06240,762 ARLINGTON Ave,062 292002000,SFD,0.0,0.0
B2023-02841,660 ARLINGTON Ave,062 292100500,SFD,0.0,0.0
B2022-05011,615 SAN FERNANDO Ave,062 292102300,SFD,0.0,0.0
B2023-00312,549 SAN LUIS Rd,062 293602301,SFD,0.0,0.0
B2023-04865,458 MICHIGAN Ave,062 293900702,SFD,0.0,0.0
B2022-03939,63 NORTHAMPTON Ave,062 293903402,SFD,0.0,0.0
B2023-02360,456 BOYNTON Ave,062 294001300,SFD,0.0,0.0
B2023-01666,483 BOYNTON Ave,062 294203000,SFD,0.0,0.0
B2023-04936,475 BOYNTON Ave,062 294203301,SFD,0.0,0.0
B2023-04278,494 KENTUCKY Ave,062 294401800,SFD,0.0,0.0
B2023-01434,441 MICHIGAN Ave,062 294402600,SFD,0.0,0.0
B2021-04431,424 GRIZZLY PEAK Blvd,063 295100300,SFD,0.0,0.0
B2021-02460,672 CRAGMONT Ave,063 295203200,SFD,1.0,0.0
B2022-06085,619 SPRUCE St,063 295205500,SFD,0.0,0.0
B2023-04068,540 GRIZZLY PEAK Blvd,063 295301301,SFD,0.0,0.0
B2023-06146,584 EUCLID Ave,063 295301800,SFD,0.0,0.0
B2023-01832,640 EUCLID Ave,063 295601201,SFD,0.0,0.0
B2023-03865,731 CRAGMONT Ave,063 295603600,SFD,0.0,0.0
B2023-00802,657 SPRUCE St,063 295800100,SFD,0.0,0.0
B2023-02895,1 ROCK Ln,063 296001400,SFD,0.0,0.0
B2023-03710,90 POPLAR St,063 296100300,SFD,0.0,0.0
B2023-04493,814 EUCLID Ave,063 296101400,SFD,0.0,0.0
B2023-02720,828 EUCLID Ave,063 296101600,SFD,0.0,0.0
B2023-00512,909 REGAL Rd,063 296103400,SFD,0.0,0.0
B2023-00388,698 GRIZZLY PEAK Blvd,063 296300600,SFD,0.0,0.0
B2023-02288,740 KEELER Ave,063 296301500,SFD,0.0,0.0
B2021-04601,33 FOREST Ln,063 296304200,SFD,0.0,0.0
B2023-00011,808 GRIZZLY PEAK Blvd,063 296401701,SFD,0.0,0.0
B2022-00897,2615 MARIN Ave,063 296404500,SFD,0.0,0.0
B2023-01010,776 CRESTON Rd,063 296503100,SFD,0.0,0.0
B2023-00999,1002 GRIZZLY PEAK Blvd,063 296901900,SFD,0.0,0.0
B2022-02914,998 KEELER Ave,063 297001602,SFD,0.0,0.0
B2023-01253,960 HILLDALE Ave,063 297103102,SFD,0.0,0.0
B2023-04855,894 REGAL Rd,063 297200300,SFD,0.0,0.0
B2021-01621,2356 Marin Ave,063 297301400,SFD,0.0,0.0
B2023-04577,936 CRAGMONT Ave,063 297302300,SFD,0.0,0.0
B2023-00462,1065 CRAGMONT Ave,063 297502000,SFD,0.0,0.0
B2023-04312,981 REGAL Rd,063 297605100,SFD,0.0,0.0
B2023-02596,990 MILLER Ave,063 297700600,SFD,0.0,0.0
B2023-02217,1085 STERLING Ave,063 297805200,SFD,0.0,0.0
B2023-01670,51 STEVENSON Ave,063 297902700,SFD,0.0,0.0
B2021-04491,1071 MILLER Ave,063 297904100,SFD,0.0,0.0
B2023-02662,2905 SHASTA Rd,063 298303300,SFD,0.0,0.0
B2023-00572,1191 STERLING Ave,063 298303700,SFD,0.0,0.0
B2023-04629,1153 KEELER Ave,063 298405000,SFD,0.0,0.0
B2023-03529,1146 KEELER Ave,063 298502000,SFD,0.0,0.0
B2022-05675,1179 KEITH Ave,063 298604501,SFD,0.0,0.0
B2022-05533,1173 KEITH Ave,063 298604900,SFD,0.0,0.0
B2022-00789,1163 EUCLID Ave,063 298800301,SFD,0.0,0.0
B2023-04043,1184 KEITH Ave,063 298805500,SFD,0.0,0.0
B2023-03444,2806 SHASTA Rd,063 299100901,SFD,0.0,0.0
B2023-04285,522 WOODMONT Ave,063 310000900,SFD,0.0,0.0
B2022-02043,572 WOODMONT Ave,063 310002000,SFD,0.0,0.0
B2023-00715,495 GRIZZLY PEAK Blvd,063 310004502,SFD,0.0,0.0
B2023-03455,769 CRESTON Rd,063 311002200,SFD,0.0,0.0
B2022-05322,629 WOODMONT Ave,063 311006002,SFD,0.0,0.0
B2023-00276,750 WILDCAT CANYON Rd,063 312001700,SFD,0.0,0.0
B2022-02712,6 SUNSET Ln,063 312003800,SFD,0.0,0.0
B2022-05901,3 THE SHORTCUT,063 313002300,SFD,0.0,0.0
B2023-03051,1045 CRESTON Rd,063 313007500,SFD,0.0,-1.0
B2023-06279,1016 OVERLOOK Rd,063 314008200,SFD,0.0,0.0
B2023-00760,1028 OVERLOOK Rd,063 314008501,SFD,0.0,0.0
B2022-05292,1050 OVERLOOK Rd,063 314009000,SFD,0.0,0.0
B2023-01809,1091 CRESTON Rd,063 314011200,SFD,0.0,0.0
B2023-02505,12 HILL Rd,063 316003500,SFD,0.0,0.0
B2023-00345,156 VICENTE Rd,064 422200300,SFD,0.0,-1.0
B2023-00567,278 ALVARADO Rd,064 422201600,SFD,0.0,0.0
B2022-05142,45 ALVARADO Rd,064 422600300,SFD,0.0,0.0
B2023-05550,73 TUNNEL Rd,064 422601700,SFD,0.0,0.0
B2023-03448,10 ALVARADO Rd,064 422701600,SFD,0.0,0.0
B2023-04209,18 ALVARADO Rd,064 422701800,SFD,0.0,0.0
B2023-04259,70 VICENTE Rd,064 423100302,SFD,0.0,0.0
B2023-05548,295 THE UPLANDS,064 423201300,SFD,0.0,0.0
B2023-03721,291 THE UPLANDS,064 423201400,SFD,0.0,-1.0
B2022-05971,18 TUNNEL Rd,064 423400500,SFD,0.0,0.0
B2023-06134,34 TUNNEL Rd,064 423401000,SFD,0.0,0.0
B2023-04059,1 HAZEL Rd,064 423700100,SFD,0.0,0.0
B2021-02202,7 OAKVALE Ave,064 423801700,SFD,0.0,0.0
B2023-01386,70 HAZEL Rd,064 423803200,SFD,0.0,0.0
B2023-02011,17 THE PLAZA Dr,064 424001200,SFD,0.0,0.0
B2023-03074,55 EL CAMINO REAL,064 424300203,SFD,0.0,0.0
B2022-06044,116 PARKSIDE Dr,064 424400100,SFD,0.0,0.0
B2023-03083,131 PARKSIDE Dr,064 424401402,SFD,0.0,0.0
B2021-00307,99 THE PLAZA Dr,064 424401700,SFD,0.0,0.0
B2023-00909,211 THE UPLANDS,064 424403200,SFD,0.0,0.0
B2023-00360,56 THE PLAZA Dr,064 424500200,SFD,0.0,0.0
B2022-05448,6 NOGALES St,064 424600200,SFD,0.0,0.0
B2022-03639,29 EUCALYPTUS Rd,064 424900800,SFD,0.0,0.0
B2023-02134,167 HILLCREST Rd,064 425101500,SFD,0.0,-1.0
B2023-00361,110 THE UPLANDS,064 425102800,SFD,0.0,0.0
B2023-05775,36 ROANOKE Rd,064 425200900,SFD,0.0,0.0
B2020-03933,6029 CHABOLYN Ter,064 425201500,SFD,0.0,0.0
B2019-04765,142 HILLCREST Rd,064 425203600,SFD,0.0,0.0
B2023-00153,162 HILLCREST Rd,064 425204000,SFD,0.0,0.0
B2023-05007,228 TUNNEL Rd,064 426500300,SFD,0.0,0.0
B2022-05428,3003 DWIGHT Way,55-1853-33-02,SFD,0.0,0.0
