Row,Address,address_normalized,APN,Owner,Num_Permits,Permit_Numbers,Selected_Permit,old_units,new_units,net_unit_change,permit_year,Description,Record_Status,Selection_Method,Cumulative_Units
1,0 LE ROY Ave,0 LE ROY AVE,,,1,PLN2024-0024,PLN2024-0024,0.0,1.0,1.0,2024.0,SB 9 Preliminary Eligibility Determination to construct a three-story single family residence with an attached 2 car garage.,Under Review,single_permit,1.0
2,1015 UNIVERSITY Ave,1015 UNIVERSITY AVE,,,1,ZP2022-0120,ZP2022-0120,0.0,9.0,9.0,2022.0,Legalize nine residential dwelling units and ground floor commercial space.,Incomplete Pending Applicant,single_permit,10.0
3,1111 ALLSTON Way,1111 ALLSTON WAY,,,1,PLN2025-0013,PLN2025-0013,0.0,1.0,1.0,2025.0,One new dwelling unit (approved with UPPH that will not be exercised) and subdivision pursuant to SB 684. One Unit and Subdivision,Under Review,single_permit,11.0
4,1136 KEITH Ave,1136 KEITH AVE,,,1,PLN2024-0047,PLN2024-0047,1.0,1.0,0.0,2024.0,"Pre-application to demolish the existing single-family dwelling and rebuild a new single-family dwelling, pursuant to Senate Bill (SB) 9. The proposal also includes a nonconforming addition that was approved under Administrative Use Permit (AUP) ZP#2024-0147.",Under Review,single_permit,11.0
5,1139 KEELER Ave,1139 KEELER AVE,,,1,ZP2022-0172,ZP2022-0172,0.0,1.0,1.0,2022.0,"Construction of a three-story single-family residence with an attached ADU in the Hillside Overlay.  The project includes the construction of a detached partially subterranean garage, the installation of a tram system in the side setback, and retaining walls within the same setback as the tram.",Under Review,single_permit,12.0
6,1236 DWIGHT Way,1236 DWIGHT WAY,,,1,PLN2025-0081,PLN2025-0081,1.0,3.0,2.0,2025.0,"Demolish existing single-family home, subdivide the existing single-family lot into three parcels, and develop three new single-family homes.",Pending,single_permit,14.0
7,130 BERKELEY Sq,130 BERKELEY SQ,,,1,ZP2021-0158,ZP2021-0158,0.0,50.0,50.0,2021.0,50 unit multi-family mixed-use project,In Review,single_permit,64.0
8,1419 GRANT St,1419 GRANT ST,,,2,"PLN2025-0065, PLN2025-0091",PLN2025-0091,0.0,2.0,2.0,2025.0,"Utilizing Senate Bills SB 330 and SB 684, this project proposes to subdivide an existing 5,389-square-foot R-2 zoned lot into: 

1)  A 3,249-square-foot front lot containing an existing 3,483 square-foot, two-story (X- feet tall) single-family dwelling; and

2) A 2,140-square-foot rear lot containing a new 1,655-square-foot (GFA), two-story single-family dwelling (23 feet to T.O shed roof)",Pending,max_units,66.0
9,1420 FIFTH St,1420 FIFTH ST,,,1,ZP2025-0021,ZP2025-0021,,1.0,1.0,2025.0,Administrative Use Permit to allocate the existing Accessory Dwelling Unit to a Single-Family Home and construct a 592 square foot residential addition approximately 22 feet tall,Pending Final Action,single_permit,67.0
10,1449 CORNELL Ave,1449 CORNELL AVE,,,1,PLN2025-0046,PLN2025-0046,0.0,3.0,3.0,2025.0,"The proposed project is to demolish an existing church building and drive aisle and utilizing SB684, subdivide the 8,147 square-foot lots (total for APN#60-2392-50 & APN#60-2392-51) into three separate lots (2,740, 2,667, 2,740 sq. ft.) and construct one new,1,865 sq. ft. (1,750 net habitable sq. ft.), 2-story, single-family dwelling on each lot. Each unit will include 4 bedrooms and 3 bathrooms, one off-street parking space and 763-813 sq. ft. of usable open space",Under Review,single_permit,70.0
11,1464 SIXTH St,1464 SIXTH ST,,,2,"PLN2025-0017, PLN2025-0037",PLN2025-0017,3.0,6.0,3.0,2025.0,"SB 35 Preliminary Development Application to add three dwelling units to the second floor of an existing mixed-use residential building, and make all six dwellings permanently affordable.",Under Review,max_units,73.0
12,1514 WALNUT St,1514 WALNUT ST,,,1,PLN2025-0075,PLN2025-0075,2.0,5.0,3.0,2025.0,"Proposed subdivision of existing 4,770 SF R2A lot into one 2,600 SF lot, which contains an
existing duplex building. Propose new three story three unit residential building on new
2,170 SF subdivided lot utilizing SB 684/SB 1123. Gross area of the new building is
3,292SF.",Under Review,single_permit,76.0
13,1515 DERBY St,1515 DERBY ST,,,1,PLN2025-0064,PLN2025-0064,2.0,4.0,2.0,2025.0,SB 684 pre-application to determine eligibility for 2 new single family homes on separate fee simple lots. Existing single family home and ADU will remain at front of existing lot.,Under Review,single_permit,78.0
14,1522 JOSEPHINE St,1522 JOSEPHINE ST,,,1,ZP2025-0014,ZP2025-0014,1.0,1.0,0.0,2025.0,"Use Permit with Public Hearing to demolish a Single-Family Residence and construct a new 2,100 square feet two-story 28 feet tall Single-Family Residence",Corrections Pending Applicant,single_permit,78.0
15,1581 UNIVERSITY Ave,1581 UNIVERSITY AVE,,,1,ZP2024-0074,ZP2024-0074,0.0,158.0,158.0,2024.0,"SB-330 Project - Demolition of 2 existing non-landmarked mixed-use structures and surface parking to 
construct a new 88'6"", 7-story, 158-unit mixed-use housing development with 96,256 sq ft of new residential space, 1788 sq ft of commercial space, and 32 parking spaces. 

14 units (15%) of base project units are VLI; 9 units (10%) are moderate-income households; project entitled to 82.5% density bonus, waviers, and up to 4 concessions under the State Density Bonus Law.",Corrections Pending Applicant,single_permit,236.0
16,1618 SIXTH St,1618 SIXTH ST,,,1,PLN2025-0068,PLN2025-0068,0.0,4.0,4.0,2025.0,"The project proposes the construction of (2) Type V-B, fully-sprinklered, (3) story, single family homes on the front of a 50’X130’ lot in the MU-R district and (2) Type V-B, fully sprinklered, (2) story, single-family homes within an existing warehouse footprint on the rear of the lot. The resultant project will be (4) new single family homes.",Under Review,single_permit,240.0
17,1650 FIFTH St,1650 FIFTH ST,,,1,PLN2025-0041,PLN2025-0041,1.0,4.0,3.0,2025.0,"SB 684 pre-application to determine eligibility to subdivide an existing lot into four lots and construct three detached single-family houses and renovate an existing 1,618 single-family residence in the MU-R zoning district.",Under Review,single_permit,243.0
18,1710 UNIVERSITY Ave,1710 UNIVERSITY AVE,,,1,ZP2021-0127,ZP2021-0127,0.0,16.0,16.0,2021.0,"Demolish existing commercial building. Construct 4-story, mixed-use building for non-profit religious education and living spaces",Incomplete Pending Applicant,single_permit,259.0
19,1716 SEVENTH St,1716 SEVENTH ST,,,1,PLN2025-0060,PLN2025-0060,0.0,2.0,2.0,2025.0,SB 684 Eligibility Review: Create two-lot subdivsion and two-unit housing development,Under Review,single_permit,261.0
20,1731 ADDISON St,1731 ADDISON ST,,,1,ZP2025-0095,ZP2025-0095,0.0,1.0,1.0,2025.0,"Construct a detached 265 square foot cottage including 1 bedroom/1 bathroom (maximum height 13'-1""). Remove existing 170 square foot garage. Construct a new 200 square foot garage (maximum height 10'-9"").",Resubmittal Pending Staff,single_permit,262.0
21,1740 SAN PABLO Ave,1740 SAN PABLO AVE,,,1,PLN2023-0065,PLN2023-0065,0.0,54.0,54.0,2023.0,"SB 35 Preliminary Development Application (Modification): Demolition of existing 1 story commercial structure.  Construction of a 6-story, 54 units, Mixed-Use Residential building with 100% affordable housing, processing under SB-35 and State Density Bonus for additional height of 33"" and no density limit.",Under Review,single_permit,316.0
22,1740 UNIVERSITY Ave,1740 UNIVERSITY AVE,,,1,ZP2025-0079,ZP2025-0079,0.0,12.0,12.0,2025.0,"Use Permit with Public Hearing to convert an existing 12,503 SF, 31 feet in maximum height two story commercial building into a mixed-use building with 12 residential apartments and 3 ground floor retail tenant spaces with a proposed total gross area of 9,666 square feet",Corrections Pending Applicant,single_permit,328.0
23,1745 CEDAR St,1745 CEDAR ST,,,1,PLN2025-0040,PLN2025-0040,0.0,6.0,6.0,2025.0,"The project is the construction of a new 3-story (35'-0""), 6-unit housing development with 8,976 sf of
new residential use and 6 parking spots. Project includes removal of an existing non-landmarked
commercial structure and surface parking.",Under Review,single_permit,334.0
24,1750 SACRAMENTO St,1750 SACRAMENTO ST,,,1,PLN2024-0010,PLN2024-0010,0.0,739.0,739.0,2024.0,"AB 2011 Ministerial Application. The proposed project is a transit-oriented in-fill development of 13 mixed-use and multi-family residential buildings totaling approximately 769,300 SF and one wrap garage structure with approximately 296 parking spaces in parking lots surrounding the North Berkeley BART Station. Buildings range in height from 3 to 8 stories and consist of 739 units with over 50% of the homes at affordable rent levels. The project includes improvements to the Ohlone Greenway and over 6,000 SF of community-serving ground floor uses as well as street and public realm upgrades, and over 48,000 SF of publicly accessible open space.",Under Review,single_permit,1073.0
25,1790 UNIVERSITY Ave,1790 UNIVERSITY AVE,,,1,ZP2023-0070,ZP2023-0070,0.0,17.0,17.0,2023.0,"Demolish two nonresidential structures and one single-family residence, and construct a 5-story (56 feet) mixed-use building with 17 dwelling units (two VLI) and 950 square feet of ground-floor retail, utilizing State Density Bonus",Under Review,single_permit,1090.0
26,1850 BERRYMAN St,1850 BERRYMAN ST,,,3,"ZP2023-0063, PLN2025-0050, PLN2025-0052",PLN2025-0050,0.0,6.0,6.0,2025.0,"Preliminary application for the construction of a new 3-story residential development with 7,272 sf of new residential use, 6 dwelling units and ground level parking, in compliance with state of California SB-684 - Subdivision Homeownership project.",Under Review,max_units,1096.0
27,1899 OXFORD St,1899 OXFORD ST,,,1,ZP2024-0075,ZP2024-0075,8.0,220.0,212.0,2024.0,"SB-330 Project -  Use Permit to demolish a two-story multifamily building (8 units), merge two lots, and construct a 7-story, (78 feet, 9 inches in maximum height) mixed-use building with 94,140 residential floor area, 3,873 commercial floor area, 15 off-street parking spaces, and 80 bicycle parking spaces. The project would utilize a 96.3 percent density bonus and provide 17 very-low-income units and 16 middle-income units.",Pending Final Action,single_permit,1308.0
28,1914 FIFTH St,1914 FIFTH ST,,,1,ZP2020-0104,ZP2020-0104,0.0,257.0,257.0,2020.0,"demolish an existing parking lot and portions of an existing commercial building and construct a new seven-story mixed-use building with 5,500 square feet of commercial area and 257 dwelling units, including 26 Very Low-Income Units, pursuant to State Density Bonus law.",Under Review,single_permit,1565.0
29,1922 FRANCISCO St,1922 FRANCISCO ST,,,1,PLN2025-0073,PLN2025-0073,0.0,2.0,2.0,2025.0,"Storage building removed, two new 1,653s.f. 3-story units with SB684 Lot Split, so each new house will be on separate lot and existing house will be on its own lot. No new parking proposed. Max height 31'-2"", Max Avg Height 28'.",Under Review,single_permit,1567.0
30,1939 MARIN Ave,1939 MARIN AVE,,,1,PLN2024-0061,PLN2024-0061,0.0,1.0,1.0,2024.0,Payment of the City Arborist fees for the Building Permit B2024-02225 to add new detached Accessory Dwelling Unit and upgrade Main Electrical Service to 225 Amps.,Under Review,single_permit,1568.0
31,2001 CENTER St,2001 CENTER ST,,,2,"ZP2025-0107, PLN2025-0039",ZP2025-0107,0.0,58.0,58.0,2025.0,"To convert the existing 7-story,  ~35,904 sq.ft. office building in Berkeley, converting Levels 2–7 into ~58 residential units and keeping ground-floor retail. The mechanical penthouse (86'-4"") will become a roof garden, with height unchanged at 100'-0"". Includes interior demolition only, 10% very-low-income units (~6), and no on-site parking per AB-2097.",Incomplete Pending Applicant,max_units,1626.0
32,2029 UNIVERSITY Ave,2029 UNIVERSITY AVE,,,4,"ZP2024-0181, ZP2024-0182, PLN2024-0069, PLN2024-0070",ZP2024-0181,0.0,240.0,240.0,2024.0,"The project is the construction of a new 23-story (256'-0""), 240-unit housing development with 190,878_sf of new residential use and parking garage for up to 29 spaces. The project includes removal of existing non-landmarked 2-story commercial structure and surface parking. 15% (18 units) of the base project's units will be affordable to very-low-income households, and 15% (18 units) will be affordable to moderate income households, making the project eligible for a 100% density bonus, waivers, and up to 4 concessions as a State Density Bonus Law development per California Government Code § 65915.",Pending Final Action,max_units,1866.0
33,2036 BANCROFT Way,2036 BANCROFT WAY,,,1,ZP2024-0079,ZP2024-0079,2.0,87.0,85.0,2024.0,"SB-330 Project - Demolition of two existing landmarked buildings and a partial landmarked commercial office building to construct an 85', 8-story, multi-family building.  Residential project will have 87 units including 4 VLI units, 19 vehicle parking spaces and 63 bicycle parking spaces.",In Review,single_permit,1951.0
34,2109 MILVIA St,2109 MILVIA ST,,,1,ZP2023-0099,ZP2023-0099,0.0,105.0,105.0,2023.0,"SB-330 Project: Removal of existing parking lot to construct a new 14-story mixed-use building with 105 dwelling, ground level lobbies and commercial space.  This is a State of California Density Bonus Project.",In Review,single_permit,2056.0
35,2109 VIRGINIA St,2109 VIRGINIA ST,,,1,ZP2024-0066,ZP2024-0066,0.0,131.0,131.0,2024.0,"Demolition of existing non-landmarked 2-story commercial structure and surface parking. Construction of a new 8-story(88'-4"" tall), 131-unit mixed-use housing development with 107,935sf of new residential use, parking garage for up to 103 spots, and 1,200 sf new commercial space.  15% (11 units) of the base project's units will be affordable to very-low-income households, and 13% (9 units) will be Moderate Income households, entitling it to 92.5% density bonus, waivers, and up to 4 concessions under the state density bonus law.",Appealed,single_permit,2187.0
36,2115 KITTREDGE St,2115 KITTREDGE ST,,,1,ZP2024-0131,ZP2024-0131,0.0,148.0,148.0,2024.0,Construction of a twenty-three-story building with a live performance theater and 148 dwelling units that will retain the original primary south facade of the building.  The density bonus project includes 24 affordable units (12 VLI + 12 MI units) with residential amenity space and usable open space.,Incomplete Pending Applicant,single_permit,2335.0
37,2138 KITTREDGE St,2138 KITTREDGE ST,,,1,PLN2024-0011,PLN2024-0011,3.0,66.0,63.0,2024.0,"SB 330 Pre-Application to demolish an existing 3-unit residential building and construct an 8 story 42,951 square-foot residential building; Density Bonus Project with 66 units total, 5 VLI units",Under Review,single_permit,2398.0
38,2147 SAN PABLO Ave,2147 SAN PABLO AVE,,,1,ZP2024-0096,ZP2024-0096,128.0,141.0,15.0,2024.0,"Use Permit Modification to modify approved Use Permit #ZP2022-0113, to increase the number of Group Living Accommodation (GLA) units from 128 to 141, increase the height from 70 feet to 75 feet, reduce the ground-level commercial space from 1,873 square feet to 1,804 square feet, remove the 14 parking spaces, and increase the number of Very Low Income (VLI) units from 12 to 15, utilizing a State Density Bonus.",Pending Final Action,single_permit,2413.0
39,2190 SHATTUCK Ave,2190 SHATTUCK AVE,,,1,ZP2025-0101,ZP2025-0101,0.0,36.0,36.0,2025.0,"Use Permit Modification (SB330 PLN2025-0082). To modify Use Permit ZP2016-0117, an approved 25-story mixed-use (residential and commercial) building by increasing the State Density Bonus level from 25 to 34 stories",Under Review,single_permit,2449.0
40,2200 FIFTH St,2200 FIFTH ST,,,1,ZP2025-0085,ZP2025-0085,0.0,8.0,8.0,2025.0,"Use Permit with Public Hearing to construct a total of eight three story townhouses 34 feet tall with a gross floor area of 19,064 square feet and 45 feet tall two-unit Research & Development, 3 story building with a gross floor area of 4,956 square feet with 10 proposed off-street shared parking spaces on a split zoned MUR and MU-LI site that is an existing parking lot.",In Review,single_permit,2457.0
41,2201 BLAKE St,2201 BLAKE ST,,,1,PLN2024-0013,PLN2024-0013,4.0,7.0,3.0,2024.0,"SB 330 Pre-App which includes a project scope of: (1)the construction of three units for a total of seven units on a landmarked lot -- Construction of a three story - 3,551 SF duplex, relocation of an existing 371 SF accessory building and conversion to one residential unit; and retaining of four existing residential units in two landmarked buildings; and (2) three new proposed parking spaces (2 car garage and one surface space)",Approved,single_permit,2460.0
42,2204 DWIGHT Way,2204 DWIGHT WAY,,,1,ZP2024-0059,ZP2024-0059,0.0,2.0,2.0,2024.0,SB330. Demolish existing 1-story (4-car) garage and construct a new 3-story residential duplex.,Pending Final Action,single_permit,2462.0
43,2205 BLAKE St,2205 BLAKE ST,,,1,PLN2024-0001,PLN2024-0001,0.0,3.0,3.0,2024.0,"Pre-application meeting for a proposal of a new 3-story duplex and new 371 sq ft residential unit at the rear of the sit at 2201/2205 Blake Street.  The existing property contains two landmarked Victorian homes.  Owner intends to subdivide the lot into two parcels, and wants to discuss methodology for lot split.",Under Review,single_permit,2465.0
44,2221 FIFTH St,2221 FIFTH ST,,,1,ZP2022-0106,ZP2022-0106,0.0,3.0,3.0,2022.0,"To establish three detached dwelling units, totaling 6,790 square feet, on 5,640 square foot vacant lot.",In Review,single_permit,2468.0
45,2276 SHATTUCK Ave,2276 SHATTUCK AVE,,,1,ZP2024-0067,ZP2024-0067,0.0,336.0,336.0,2024.0,"SB330 Preliminary Application: Retaining of the existing east and south facades of the existing morse block building; Reduction of existing 32,350 square feet of commercial space to 7,486 square feet; and addition of 105,237 square feet of multi-family residential space. Through utilizing a 50 percent density bonus, 28 density bonus maximum units will be included and 15 percent of the base project units (56 units) are dedicated to nine Very Low-Income households.",In Review,single_permit,2804.0
46,2298 DURANT Ave,2298 DURANT AVE,,,1,ZP2024-0126,ZP2024-0126,0.0,65.0,65.0,2024.0,"The proposed project entails the demolition of all existing buildings, merger of two lots, and
construction of a new, 8-Story, 79,522sf, 91'-6"" tall building with 65 total units, 5 of which will be
offered at Very Low Income rates. Density bonus.",Pending Final Action,single_permit,2869.0
47,2317 CHANNING Way,2317 CHANNING WAY,,,1,PLN2024-0018,PLN2024-0018,17.0,22.0,5.0,2024.0,"The proposed project is a modification to approved UPPH - ZP2020-0090.  The modification includes raising the building out of the ground, increasing the max building height from 45' to 50', increasing the gross square footage from 15,695 sf to 17,033 sf, and increasing the unit count from 17 to 22 units to meet the new R-SMU requirements for minimum unit count.",Under Review,single_permit,2874.0
48,2326 DURANT Ave,2326 DURANT AVE,,,1,PLN2024-0023,PLN2024-0023,0.0,70.0,70.0,2024.0,"Pre App requesting feedback on a project proposing a six-story, 70 unit development consisting of 100% affordable housing to low income households (80% AMI). Applicant would like to discuss the project description, applicable zoning requirements, and the use of state density bonus with associated waivers and incentives/concessions, applicability of state streamlined housing laws to entitle the project, and discuss the associated processes.",Pending,single_permit,2944.0
49,2328 GRANT St,2328 GRANT ST,,,1,PLN2024-0062,PLN2024-0062,0.0,1.0,1.0,2024.0,"Payment of the City Arborist fees for the Building Permit B2024-01452 to install an 800 SF, HUD-Approved Manufactured Accessory Dwelling Unit (ADU) on a permanent foundation.",Under Review,single_permit,2945.0
50,2330 DURANT Ave,2330 DURANT AVE,,,3,"PLN2025-0038, PLN2025-0053, PLN2025-0100",PLN2025-0038,,68.0,68.0,2025.0,"Removal of all of existing structures and new construction of a 100% affordable 65,585 sq. ft. 6-story housing development with 68 dwelling units using a state of California Density Bonus (per SB 330 provisions) and no parking.",Under Review,max_units,3013.0
51,2372 ELLSWORTH St,2372 ELLSWORTH ST,,,1,PLN2024-0054,PLN2024-0054,0.0,63.0,63.0,2024.0,"SB-330 Project: Demolition of existing building to construct a seven-story, 49,900-square-foot residential building. A total of 63 units comprised of studios, two, three, and four bedrooms.",Under Review,single_permit,3076.0
52,2420 ASHBY Ave,2420 ASHBY AVE,,,1,ZP2024-0147,ZP2024-0147,0.0,4.0,4.0,2024.0,"Use Permit to convert a nonconforming medical office use to a multifamily residential use by reconfiguring interior space to create 4 dwelling units, establish 5 off street parking spaces, and create new window openings within a nonconforming side setback on a site located within the Environmental Management Area",Under Review,single_permit,3080.0
53,2420 SHATTUCK Ave,2420 SHATTUCK AVE,,,1,ZP2022-0149,ZP2022-0149,0.0,132.0,132.0,2022.0,Demolish two non-residential buildings and construct a 17-story mixed-use residential building with ground-floor commercial and 132 dwelling units utilizing State Density Bonus.,In Review,single_permit,3212.0
54,2425 DURANT Ave,2425 DURANT AVE,,,2,"ZP2024-0162, PLN2024-0049",ZP2024-0162,19.0,250.0,250.0,2024.0,"SB-330 PROJECT - Demolition of all existing buildings on site to construct a 20-story residential building with a total floor area of approximately 145,000 square feet. The building height will be 200-ft with zero vehicle parking spaces. The State Density Bonus Project will have 13 affordable housing units designated for VLI households and 13 for moderate-income households. All 19 existing dwelling units, when replaced, will be below-market-rate rentals.",Pending Final Action,max_units,3462.0
55,2428 MILVIA St,2428 MILVIA ST,,,1,PLN2024-0025,PLN2024-0025,6.0,14.0,8.0,2024.0,"SB-330 pre-application, the project proposes to demolish the existing buildings with six units, and to relocate landmarked ""Broad Buildings"" (from 2030-32 Bancroft) to this site, preserve exteriors and create eight new units.",Under Review,single_permit,3470.0
56,2437 WARRING St,2437 WARRING ST,,,1,PLN2025-0031,PLN2025-0031,0.0,4.0,4.0,2025.0,"Pre-application request for an interdepartmental meeting to discuss a proposed addition of square footage, stories and units to a multi-family building with an additional 2 stories using variances.",Under Review,single_permit,3474.0
57,2441 LE CONTE Ave,2441 LE CONTE AVE,,,1,ZP2023-0089,ZP2023-0089,0.0,65.0,65.0,2023.0,"Change the use from educational/religious facility to a residential hotel with 65 group living accommodations (7 Very-Low Income Units), and construct a five-story (48 feet average height) major residential addition for a total of 24,300 square feet gross floor feet, utilizing State Density Bonus",Incomplete Pending Applicant,single_permit,3539.0
58,2449 DWIGHT Way,2449 DWIGHT WAY,,,1,ZP2022-0021,ZP2022-0021,24.0,51.0,27.0,2022.0,"Renovation of existing 4-story 27,456 square foot, mixed-use building, and add 4 additional stories of residential dwelling units, resulting in an 8-story, 56,217 square foot, mixed-use building, containing 51 residential dwelling units (24 replacement units, plus 27 new dwelling units including 2 Very Low Income units), a 3,600 square-foot ground-floor commercial space.",In Review,single_permit,3566.0
59,2450 SHATTUCK Ave,2450 SHATTUCK AVE,,,1,ZP2024-0047,ZP2024-0047,0.0,94.0,94.0,2024.0,"SB-330 Mixed-Use Housing Development Project for the construction of an eight story building with 94 residential units, 2,438-sqft of retail space; 4,653-sqft of residential amenities and lobbies. Amenity roof terrace provided on top level. A total of 134,115-sqft.",Corrections Pending Applicant,single_permit,3660.0
60,2455 TELEGRAPH Ave,2455 TELEGRAPH AVE,,,1,PLN2025-0066,PLN2025-0066,0.0,68.0,68.0,2025.0,"SB 330 preliminary application to retain historic mural and front facade of the non-residential building at 2455 Telegraph Ave, while demolishing the rest of the building and the existing non-residential building at 2506 Haste St to construct a 93,000 8-story mixed used building, including a ground floor retail space and 68 units (including 7 Very Low-Income units)",Under Review,single_permit,3728.0
61,2601 SAN PABLO Ave,2601 SAN PABLO AVE,,,1,ZP2022-0171,ZP2022-0171,0.0,223.0,223.0,2022.0,"Demolish existing development (includes vacant residential) to construct an 8-story mixed-use building 223 dwelling units over a 1,940 commercial space, utilizing density bonus.",In Review,single_permit,3951.0
62,2614 TELEGRAPH Ave,2614 TELEGRAPH AVE,,,1,ZP2024-0027,ZP2024-0027,1.0,32.0,31.0,2024.0,"SB-330 Mixed-Use Housing Development Project. Use Permit to merge two parcels, demolish a single-family dwelling (2614 Telegraph) and a commercial office (2417 Carleton), and construct a 38,000 square-foot, 5-story (57-foot) mixed-use building with 32 dwelling units (3 Very Low-Income, 2 Low-Income), and 605 sq. ft. of commercial space, using a State Density Bonus.",Corrections Pending Applicant,single_permit,3982.0
63,2641 COLLEGE Ave,2641 COLLEGE AVE,,,1,PLN2025-0061,PLN2025-0061,2.0,5.0,3.0,2025.0,"Demolish the existing garage in the rear of the lot and utilize SB 684/SB 1123 to subdivide the existing 5,400 square-feet R2A lot (APN# 055 184801800) into one 2,994 square-feet lot in the front with an existing duplex building, and one new 2,406 square-feet lot in the rear and construct a new 3,310 square feet, three-story (39 feet) residential building including three units.",Under Review,single_permit,3985.0
64,2655 SHATTUCK Ave,2655 SHATTUCK AVE,,,1,ZP2024-0057,ZP2024-0057,0.0,97.0,97.0,2024.0,"Demolish an existing 1-story commercial building to construct an 85-foot tall, 83,479 square foot, 8-story Mixed Use residential/commercial building.  Total of 97 units, with 10 VLI. 41 on-site automobile parking spaces and 48 on-site bicycle parking spaces.",Pending Final Action,single_permit,4082.0
65,2660 BANCROFT Way,2660 BANCROFT WAY,,,1,ZP2023-0095,ZP2023-0095,0.0,78.0,78.0,2023.0,"Construction of an 8-story residential development with 78 studio units in a 32,632 SF building.  This project will include 8 affordable units for VLI households. Does not have vehicle parking, only bicycle parking is provided with residential amenities and useable open space.  This is a State Density Bonus project.",Incomplete Pending Applicant,single_permit,4160.0
66,2680 BANCROFT Way,2680 BANCROFT WAY,,,1,ZP2023-0096,ZP2023-0096,0.0,37.0,37.0,2023.0,"Conversion of the Bancroft Hotel (17,466 SF) into a residential building, with 15 dwelling units and 22 Group Living Accommodation rooms for a total of 37 units.  This project will retain & rehabilitate the original facades of the historic building.",Incomplete Pending Applicant,single_permit,4197.0
67,2700 SHATTUCK Ave,2700 SHATTUCK AVE,,,1,ZP2024-0058,ZP2024-0058,0.0,276.0,276.0,2024.0,SB330 project to demolish an existing commercial structure and construct a eight-story mixed-use housing development with 276 dwelling units.,Corrections Pending Applicant,single_permit,4473.0
68,2705 BENVENUE Ave,2705 BENVENUE AVE,,,1,ZP2025-0086,ZP2025-0086,2.0,1.0,-1.0,2025.0,"Use Permit with Public Hearing to combine 2703 Benvenue Avenue Units A, B, and 2705 Benvenue Avenue using Berkeley Municipal Code, Title 23, Code Section23.326.040—Eliminating Dwelling Units through
Combination with Other Units, to create a single-family dwelling.",Incomplete Pending Applicant,single_permit,4472.0
69,2712 TELEGRAPH Ave,2712 TELEGRAPH AVE,,,1,ZP2025-0105,ZP2025-0105,0.0,57.0,57.0,2025.0,"Modification of Use Permit ZP2022-0179 for the demolition of two existing two-story commercial structures & construction, with the state of California density bonus, of a new 6-story residential building, with 50 residential units, 6 ADUs, 1 live-work unit, a ground level lobby, and 1 parking space.",Under Review,single_permit,4529.0
70,2720 SAN PABLO Ave,2720 SAN PABLO AVE,,,2,"ZP2023-0058, ZP2024-0076",ZP2024-0076,4.0,117.0,113.0,2024.0,"SB-330 Project - Demolition of existing non-landmarked mixed-use structure and surface parking for the construction of a new eight-story, 88'10"" in height, 117-unit mixed-use housing development with 49,465 sf of new residential space and 1,244 sf commercial space.  

10 units (15%) of the base project will be VLI household; 6 units (9%) will be moderate income household.
Entitled to 80% density bonus, waivers, and up to 4 concessions under the State Density Bonus Law.",In Review,max_units,4642.0
71,2733 SAN PABLO Ave,2733 SAN PABLO AVE,,,1,ZP2023-0090,ZP2023-0090,0.0,32.0,32.0,2023.0,Demolition of existing non-landmarked structures. Construction of a new 8-story mixed-use residential development with ground level lobbies and commercial spaces with a State of California Density.,In Review,single_permit,4674.0
72,2808 NINTH St,2808 NINTH ST,,,1,PLN2025-0083,PLN2025-0083,1.0,3.0,2.0,2025.0,"Middle Housing project to demolish an inhabitable single-family home and construct a two-story duplex with a detached two-story garage with a living unit, for a total of three living units.",Under Review,single_permit,4676.0
73,2812 EIGHTH St,2812 EIGHTH ST,,,2,"PLN2025-0058, PLN2025-0089",PLN2025-0058,1.0,4.0,3.0,2025.0,"Demolish unoccupied single-family residence and a garden shed and construct 4 residential units in 3 separate buildings, each 3 stories. There is a total square footage of 8,172sf, including the garages, in all 4 units. The height of the buildings are 35’ at the peak of the pitched roofs. Each unit has a dedicated open space on the ground floor exceeding the zoning requirement.",Under Review,max_units,4679.0
74,2847 SHATTUCK Ave,2847 SHATTUCK AVE,,,2,"ZP2022-0132, ZP2024-0077",ZP2024-0077,4.0,136.0,132.0,2024.0,"SB-330 Project - Demolition of existing non-landmarked mixed-use structure and surface parking to construct a new 9-story, 102'0"" in height, 136-unit mixed-use housing development with 55,849 sq ft of residential space and 2,503 sq ft commercial space.

14% of the base project's units will be VLI income households; Entitled to 46.25% density bonus, waivers, and up to 3 concessions  under the State Density Bonus Law.",In Review,max_units,4811.0
75,2920 SHATTUCK Ave,2920 SHATTUCK AVE,,,1,ZP2022-0116,ZP2022-0116,0.0,221.0,221.0,2022.0,"Demolish two commercial buildings and construct a 10-story mixed-use residential building with 221 dwelling units, ground-floor retail, and nine uncovered parking spaces utilizing State Density Bonus.",In Review,single_permit,5032.0
76,2942 COLLEGE Ave,2942 COLLEGE AVE,,,1,ZP2021-0072,ZP2021-0072,0.0,4.0,4.0,2021.0,"demolish and existing non-residential building and construct a new two-story mixed-use development containing 1,296 sq.ft. of ground floor commercial space and 3,278 sq.ft. of residential space, including four dwelling units, in two seperate buildings.",In Review,single_permit,5036.0
77,2955 SHATTUCK Ave,2955 SHATTUCK AVE,,,1,ZP2024-0071,ZP2024-0071,0.0,74.0,74.0,2024.0,"State Density Bonus Project to merge two lots and demolish (2) existing 2-story commercial structures and (1) existing 1-story commercial structure. The proposed project is an 8-story, 75-feet, 80,682-sqft mixed-use building with 74 dwelling units, ground level retail space, and a ground level parking garage with 24 parking spaces. This will include 4 affordable units.",Corrections Pending Applicant,single_permit,5110.0
78,3000 SHATTUCK Ave,3000 SHATTUCK AVE,,,1,ZP2022-0046,ZP2022-0046,0.0,166.0,166.0,2022.0,"Demolish the existing gas station, and construct a 10-story (114 feet) mixed-use building utilizing a Density Bonus, with 166 dwellings, including 17 Very Low-Income units, and 1,043 square-feet of commercial space.",In Review,single_permit,5276.0
79,3001 BENVENUE Ave,3001 BENVENUE AVE,,,1,ZP2025-0068,ZP2025-0068,1.0,2.0,1.0,2025.0,"Administrative Use Permit #ZP2025-0068 to raise an existing approximate 1,860 square-foot, 18 feet, 10 inches in average height, two-story residential dwelling to approximately 21 feet, 4 inches in height resulting in a three-story, single-family dwelling with a basement converted 700 square foot accessory dwelling unit.",Corrections Pending Applicant,single_permit,5277.0
80,3035 COLBY St,3035 COLBY ST,,,1,ZP2024-0112,ZP2024-0112,2.0,2.0,0.0,2024.0,"Demolition of an existing two-unit building; construction of a new two-unit building with an average height of 23'3"".",Approved,single_permit,5277.0
81,3101 SACRAMENTO St,3101 SACRAMENTO ST,,,1,ZP2025-0069,ZP2025-0069,0.0,3.0,3.0,2025.0,"Create a first-floor building shell for a future tenant. Remove (e) partial second floor framing (1st floor ceiling frame), fire-damaged framing, and replace in-kind. Remove all interior partitions, doors, electrical components, and plumbing. Install (n) accessible all gender toilets. Accessible upgrade exterior stairs to the 2nd floor. Infill exterior CMU opening. Replace two entries in the storefront system. Extend the scope of work to the second floor - create three living space units. Propose 3 living units on second floor with MEP. Change of use - occupancy: First floor - original M-mercantile (no documents) to B-Business. Second floor - original business (no documents) to R-2 (3 units). Install a 2nd exit, 1-hr rated stairwell (104 sq. ft.) on the south side of the building, per Table 1006.3.4(2).",Under Review,single_permit,5280.0
82,40 HILL Rd,40 HILL RD,,,1,ZP2020-0006,ZP2020-0006,0.0,1.0,1.0,2020.0,New Single Family Dwelling on new parcel at 36 Hill Road,Incomplete Pending Applicant,single_permit,5281.0
83,5 W PARNASSUS Ct,5 W PARNASSUS CT,,,1,PLN2025-0048,PLN2025-0048,,1.0,1.0,2025.0,Zoning Research Letter: Remove the prior ADU deed restriction with incorrect building permit and replace with current deed restriction. NOL RESCISSION. Related to B2025-01579.,Under Review,single_permit,5282.0
84,659 GRIZZLY PEAK Blvd,659 GRIZZLY PEAK BLVD,,,1,ZP2025-0093,ZP2025-0093,,1.0,1.0,2025.0,Remodel existing two story one bedroom house of 986 sq. ft. with a basement garage into a two story three-bedroom house of 1610 sq. ft. with a basement garage. Add a 440 sq. ft. one bedroom ADU to the rear of the house.,Incomplete Pending Applicant,single_permit,5283.0
