Date	Permit Number	Status	Address
12/31/2025	undefined	Closed Expired	2416 ROOSEVELT Ave, BERKELEY CA 94703
12/31/2025	undefined	Closed Expired	1809 TENTH St, BERKELEY CA 94710
12/31/2025	undefined	Closed Expired	2332 M L KING JR Way, BERKELEY CA 94704
12/31/2025	undefined	Closed Expired	2410 NINTH St, BERKELEY CA 94710
12/30/2025	undefined	Closed Expired	2101 SACRAMENTO St, BERKELEY CA 94702
12/30/2025	undefined	Closed Expired	2000 CHANNING Way, BERKELEY CA 94704
12/29/2025	undefined		2809 CHERRY St, B, BERKELEY CA 94705
12/29/2025	undefined	Closed Expired	1635 FRANCISCO St, BERKELEY CA 94703
12/24/2025	undefined	Closed Expired	1810 DWIGHT Way, BERKELEY CA 94703
12/19/2025	undefined	Closed Expired	1115 ADDISON St, 1, BERKELEY CA 94702
12/17/2025	undefined	Closed Expired	2015 HEARST Ave, BERKELEY CA 94709
12/17/2025	undefined	Closed Expired	1622 MILVIA St, BERKELEY CA 94709
12/15/2025	undefined	Closed Expired	2601 COLLEGE Ave, 205, BERKELEY CA 94704
12/15/2025	undefined	Closed Expired	2529 ELLSWORTH St, 2, BERKELEY CA 94704
12/13/2025	undefined	Closed Expired	2012 GRANT St, 2, BERKELEY CA 94703
12/09/2025	undefined	Closed Expired	1716 JAYNES St, BERKELEY CA 94703
12/08/2025	undefined	Closed Expired	2644 DWIGHT Way, BERKELEY CA 94704
12/06/2025	undefined	Closed Expired	2227 DERBY St, BERKELEY CA 94705
12/06/2025	undefined	Closed Expired	2230 PRINCE St, BERKELEY CA 94705
12/06/2025	undefined	Closed Expired	1849 CEDAR St, BERKELEY CA 94703
12/04/2025	undefined		1139 OXFORD St, 2, BERKELEY CA 94707
12/04/2025	undefined	Closed Expired	2528 DANA St, BERKELEY CA 94704
11/26/2025	undefined	Closed Expired	1814 WOOLSEY St, BERKELEY CA 94703
11/25/2025	undefined		1614 ADDISON St, BERKELEY CA 94703
11/24/2025	undefined	Closed Expired	2126 JEFFERSON Ave, BERKELEY CA 94703
11/21/2025	undefined	Closed Expired	2526 ELLSWORTH St, BERKELEY CA 94704
11/20/2025	undefined	Closed Expired	2150 CHANNING Way, BERKELEY CA 94704
11/19/2025	undefined	Closed Expired	2341 EIGHTH St, B, BERKELEY CA 94710
11/17/2025	undefined	Closed Expired	2304 GRANT St, B, BERKELEY CA 94703
11/13/2025	undefined	Closed Expired	2515 DANA St, BERKELEY CA 94704
11/10/2025	undefined	Closed Expired	1616 BERKELEY Way, BERKELEY CA 94703
11/10/2025	undefined	Closed Expired	2711 CLAREMONT Blvd, BERKELEY CA 94705
11/04/2025	undefined	Closed Expired	2338 TELEGRAPH Ave, BERKELEY CA 94704
11/04/2025	undefined	Closed Expired	1735 HIGHLAND Pl, BERKELEY CA 94709
11/03/2025	undefined	Closed Expired	2118 CHANNING Way, A, BERKELEY CA 94704
10/31/2025	undefined	Closed Expired	2922 FULTON St, BERKELEY CA 94705
10/30/2025	undefined	Closed Expired	1921 DELAWARE St, BERKELEY CA 94709
10/29/2025	undefined	Closed Expired	2410 NINTH St, BERKELEY CA 94710
10/28/2025	undefined	Closed Expired	1735 HIGHLAND Pl, 31, BERKELEY CA 94709
10/22/2025	undefined	Closed Expired	1204 MILVIA St, BERKELEY CA 94709
10/21/2025	undefined	Closed Expired	1914 STUART St, B, BERKELEY CA 94703
10/21/2025	undefined	Closed Expired	2619 REGENT St, BERKELEY CA 94704
10/14/2025	undefined	Closed Expired	3040 TELEGRAPH Ave, BERKELEY CA 94705
10/14/2025	undefined	Closed Expired	1205 TALBOT Ave, BERKELEY CA 94706
10/10/2025	undefined	Closed Expired	650 EUCLID Ave, BERKELEY CA 94708
10/09/2025	undefined	Documents Uploaded	2318 PRINCE St, BERKELEY CA 94705
10/08/2025	undefined	Closed Expired	1350 BERKELEY Way, BERKELEY CA 94702
10/08/2025	undefined		2118 CHANNING Way, BERKELEY CA 94704
10/07/2025	undefined	Closed Expired	2118 CHANNING Way, BERKELEY CA 94704
10/06/2025	undefined	Closed Expired	2035 NINTH St, C, BERKELEY CA 94710
10/05/2025	undefined	Closed Expired	1810 DWIGHT Way, BERKELEY CA 94703
10/03/2025	undefined	Closed Expired	1224 CHANNING Way, BERKELEY CA 94702
10/02/2025	undefined	Closed Expired	1644 PRINCE St, BERKELEY CA 94703
10/01/2025	undefined	Closed Expired	1110 UNIVERSITY Ave, BERKELEY CA 94702
09/29/2025	undefined	Closed Expired	3211 ELLIS St, BERKELEY CA 94703
09/28/2025	undefined	Closed Expired	1922 GRANT St, BERKELEY CA 94703
09/27/2025	undefined		1522 OXFORD St, BERKELEY CA 94709
09/26/2025	undefined	Closed Expired	3014 COLLEGE Ave, BERKELEY CA 94705
09/25/2025	undefined	Closed Expired	1636 M L KING JR Way, BERKELEY CA 94709
09/24/2025	undefined		1518 DWIGHT Way, BERKELEY CA 94703
09/24/2025	undefined	Closed Expired	1729 MILVIA St, BERKELEY CA 94709
09/24/2025	undefined	Closed Expired	2835 REGENT St, BERKELEY CA 94705
09/24/2025	undefined	Closed Expired	2309 PRINCE St, BERKELEY CA 94705
09/22/2025	undefined	Closed Expired	723 WOODHAVEN Rd, BERKELEY CA 94708
09/22/2025	undefined	Closed Expired	853 CONTRA COSTA Ave, BERKELEY CA 94707
09/17/2025	undefined	Closed Expired	1914 STUART St, B, BERKELEY CA 94703
09/13/2025	undefined		2923 FLORENCE St, BERKELEY CA 94705
09/10/2025	undefined	Closed Expired	2311 LE CONTE Ave, BERKELEY CA 94709
09/10/2025	undefined	Closed Expired	1819 NINTH St, BERKELEY CA 94710
09/09/2025	undefined	Closed Expired	2417 SEVENTH St, A, BERKELEY CA 94710
09/03/2025	undefined	Closed Expired	1732 SAN PABLO Ave, BERKELEY CA 94702
08/30/2025	undefined	Closed Expired	1819 OREGON St, BERKELEY CA 94703
08/28/2025	undefined	Closed Expired	1817 OREGON St, A, BERKELEY CA 94703
08/27/2025	undefined	Closed Expired	1801 ROSE St, BERKELEY CA 94703
08/26/2025	undefined	Closed Expired	1914 STUART St, B, BERKELEY CA 94703
08/25/2025	undefined	Closed Expired	1610 MILVIA St, BERKELEY CA 94709
08/23/2025	undefined	Closed Expired	841 CONTRA COSTA Ave, BERKELEY CA 94707
08/23/2025	undefined	Closed Expired	2319 ROOSEVELT Ave, BERKELEY CA 94703
08/21/2025	undefined	Closed Expired	723 WOODHAVEN Rd, BERKELEY CA 94708
08/21/2025	undefined	Closed Expired	1918 GRANT St, BERKELEY CA 94703
08/21/2025	undefined	Closed Expired	1683 LA LOMA Ave, BERKELEY CA 94709
08/21/2025	undefined	Closed Expired	1430 JOSEPHINE St, BERKELEY CA 94703
08/18/2025	undefined	Closed Expired	1710 M L KING JR Way, BERKELEY CA 94709
08/16/2025	undefined	Closed Expired	2015 HEARST Ave, BERKELEY CA 94709
08/16/2025	undefined	Closed Expired	1218 DWIGHT Way, BERKELEY CA 94702
08/14/2025	undefined	Closed Expired	2283 HEARST Ave, BERKELEY CA 94709
08/13/2025	undefined	Closed Expired	1316 BONITA Ave, BERKELEY CA 94709
08/13/2025	undefined	Closed Expired	1735 BERKELEY Way, BERKELEY CA 94703
08/12/2025	undefined	Closed Expired	2550 COLLEGE Ave, 7, BERKELEY CA 94704
08/11/2025	undefined	Closed Expired	3101 CALIFORNIA St, BERKELEY CA 94703
08/08/2025	undefined	Closed Expired	1602 EDITH St, A, BERKELEY CA 94703
08/06/2025	undefined	Closed Expired	1330 UNIVERSITY Ave, 102, BERKELEY CA 94702
08/06/2025	undefined		1406 EUCLID Ave, 6, BERKELEY CA 94708
08/04/2025	undefined	Closed Expired	1319 PERALTA Ave, BERKELEY CA 94702
08/02/2025	undefined	Closed Expired	2147 EMERSON St, BERKELEY CA 94705
07/30/2025	undefined	Closed Expired	2118 CALIFORNIA St, A, BERKELEY CA 94703
07/28/2025	undefined	Closed Expired	1600 SIXTY-THIRD St, BERKELEY CA 94703
07/28/2025	undefined	Closed Expired	1739 ADDISON St, BERKELEY CA 94703
07/23/2025	undefined		1815 UNIVERSITY Ave, BERKELEY CA 94703
07/22/2025	undefined		488 KENTUCKY Ave, BERKELEY CA 94707
07/22/2025	undefined	Closed Expired	488 KENTUCKY Ave, BERKELEY CA 94707
07/21/2025	undefined		2410 STUART St, D, BERKELEY CA 94705
07/17/2025	undefined	Closed Expired	2118 CALIFORNIA St, B, BERKELEY CA 94703
07/17/2025	undefined	Closed Expired	2116 CALIFORNIA St, B, BERKELEY CA 94703
07/10/2025	undefined	Closed Expired	1313 HASKELL St, BERKELEY CA 94702
07/10/2025	undefined	Closed Expired	2534 DWIGHT Way, BERKELEY CA 94704
07/10/2025	undefined	Closed Expired	1315 HASKELL St, BERKELEY CA 94702
07/02/2025	undefined	Closed Expired	1600 SIXTY-THIRD St, BERKELEY CA 94703
07/02/2025	undefined	Closed Expired	2627 CALIFORNIA St, BERKELEY CA 94703
07/01/2025	undefined	Closed Expired	2908 DEAKIN St, C, BERKELEY CA 94705
06/30/2025	undefined	Closed Expired	1429 BONITA Ave, BERKELEY CA 94709
06/29/2025	undefined	Closed Expired	1036 COLUSA Ave, BERKELEY CA 94707
06/27/2025	undefined	Closed Expired	723 WOODHAVEN Rd, BERKELEY CA 94708
06/26/2025	undefined	Closed Expired	1804 SIXTY-SECOND St, BERKELEY CA 94703
06/19/2025	undefined	Closed Expired	1694 OXFORD St, D, BERKELEY CA 94709
06/15/2025	undefined	Closed Expired	1939 HASTE St, BERKELEY CA 94704
06/15/2025	undefined	Closed Expired	1937 HASTE St, BERKELEY CA 94704
06/10/2025	undefined	Closed Expired	1525 SPRUCE St, 32, BERKELEY CA 94709
06/10/2025	undefined	Closed Expired	2617 HILLEGASS Ave, BERKELEY CA 94704
06/10/2025	undefined	Closed Expired	1525 SPRUCE St, 22, BERKELEY CA 94709
06/10/2025	undefined	Closed Expired	1525 SPRUCE St, 2, BERKELEY CA 94709
06/04/2025	undefined	Closed Expired	891 VIRGINIA St, BERKELEY CA 94710
06/04/2025	undefined	Closed Expired	2908 DEAKIN St, C, BERKELEY CA 94705
06/03/2025	undefined	Closed Expired	1819 ADDISON St, BERKELEY CA 94703
06/02/2025	undefined	Closed Expired	854 HILLDALE Ave, BERKELEY CA 94708
05/29/2025	undefined	Closed Expired	1903 MCGEE Ave, BERKELEY CA 94703
05/28/2025	undefined	Closed Expired	2709 DWIGHT Way, BERKELEY CA 94704
05/28/2025	undefined	Closed Expired	711 HARRISON St, BERKELEY CA 94710
05/25/2025	undefined	Closed Expired	1743 BERKELEY Way, BERKELEY CA 94703
05/22/2025	undefined	Closed Expired	1301 HEARST Ave, BERKELEY CA 94702
05/20/2025	undefined	Closed Expired	2808 DERBY St, A, BERKELEY CA 94705
05/18/2025	undefined	Closed Expired	1611 MCGEE Ave, BERKELEY CA 94703
05/18/2025	undefined	Closed Expired	1406 BERKELEY Way, BERKELEY CA 94702
05/16/2025	undefined	Closed Expired	2626 ASHBY Ave, BERKELEY CA 94705
05/15/2025	undefined	Closed Expired	2222 CARLETON St, BERKELEY CA 94704
05/12/2025	undefined	Closed Expired	1907 CENTER St, BERKELEY CA 94704
05/12/2025	undefined	Closed Expired	1907 CENTER St, BERKELEY CA 94704
05/12/2025	undefined	Closed Expired	1907 CENTER St, 1, BERKELEY CA 94704
05/12/2025	undefined	Closed Expired	1907 CENTER St, 2, BERKELEY CA 94704
05/07/2025	undefined	Closed Expired	950 HEARST Ave, BERKELEY CA 94710
05/06/2025	undefined	Closed Expired	2325 SPAULDING Ave, BERKELEY CA 94703
05/05/2025	undefined	Closed Expired	1907 CENTER St, BERKELEY CA 94704
05/02/2025	undefined	Closed Expired	1625 CEDAR St, BERKELEY CA 94703
04/29/2025	undefined	Closed Expired	1537 Oregon St, BERKELEY CA 94703 United States
04/28/2025	undefined	Closed Expired	3121 COLLEGE Ave, COM, BERKELEY CA 94705
04/28/2025	undefined	Closed Expired	2118 CALIFORNIA St, BERKELEY CA 94703
04/24/2025	undefined	Closed Expired	2715 CHANNING Way, 9, BERKELEY CA 94704
04/24/2025	undefined	Closed Expired	2715 CHANNING Way, BERKELEY CA 94704
04/21/2025	undefined	Closed Expired	1819 FRANCISCO St, BERKELEY CA 94703
04/21/2025	undefined		1367 UNIVERSITY Ave, BERKELEY CA 94702
04/17/2025	undefined	Closed Expired	1506 SPRUCE St, BERKELEY CA 94709
04/17/2025	undefined	Closed Expired	1742 DERBY St, BERKELEY CA 94703
04/16/2025	undefined	Closed Expired	1438 BONITA Ave, BERKELEY CA 94709
04/15/2025	undefined	Closed Expired	1541 OXFORD St, 204, BERKELEY CA 94709
04/11/2025	undefined	Closed Expired	1433 DWIGHT Way, BERKELEY CA 94702
04/10/2025	undefined	Closed Expired	1771 HIGHLAND Pl, BERKELEY CA 94709
04/10/2025	undefined	Closed Expired	1329 ROSE St, C, BERKELEY CA 94702
04/08/2025	undefined	Closed Expired	1342 GILMAN St, BERKELEY CA 94706
03/31/2025	undefined	Closed Expired	2050 DELAWARE St, 103, BERKELEY CA 94709
03/31/2025	undefined	Closed Expired	1313 HASKELL St, BERKELEY CA 94702
03/31/2025	undefined	Closed Expired	2001 HASTE St, 4, BERKELEY CA 94704
03/31/2025	undefined	Closed Expired	2050 DELAWARE St, 401, BERKELEY CA 94709
03/28/2025	undefined	Closed Expired	1610 MILVIA St, 8, BERKELEY CA 94709
03/28/2025	undefined	Closed Expired	1625 LINCOLN St, BERKELEY CA 94703
03/27/2025	undefined		1803 BONITA Ave, BERKELEY CA 94709
03/27/2025	undefined	Closed Expired	1537 SIXTY-THIRD St, A, BERKELEY CA 94703
03/25/2025	undefined	Closed Expired	2619 BENVENUE Ave, F, BERKELEY CA 94704
03/25/2025	undefined	Closed Expired	2619 BENVENUE Ave, E, BERKELEY CA 94704
03/25/2025	undefined	Closed Expired	2619 BENVENUE Ave, D, BERKELEY CA 94704
03/25/2025	undefined	Closed Expired	2619 BENVENUE Ave, A, BERKELEY CA 94704
03/18/2025	undefined	Closed Expired	2635 FULTON St, BERKELEY CA 94704
03/13/2025	undefined	Closed Expired	2029 CHANNING Way, COM, BERKELEY CA 94704
03/10/2025	undefined		1542 TYLER St, BERKELEY CA 94703
03/07/2025	undefined	Closed Expired	1308 BURNETT St, 4, BERKELEY CA 94702
03/07/2025	undefined	Closed Expired	1308 BURNETT St, 3, BERKELEY CA 94702
03/07/2025	undefined	Closed Expired	1308 BURNETT St, 2, BERKELEY CA 94702
03/07/2025	undefined	Closed Expired	1308 BURNETT St, 1, BERKELEY CA 94702
03/06/2025	undefined	Closed Expired	2447 BONAR St, BERKELEY CA 94702
03/06/2025	undefined	Closed Expired	1918 GRANT St, 1, BERKELEY CA 94703
03/04/2025	undefined	Closed Expired	1308 BURNETT St, BERKELEY CA 94702
03/03/2025	undefined	Closed Expired	1438 BONITA Ave, BERKELEY CA 94709
02/28/2025	undefined	Closed Expired	1610 MILVIA St, BERKELEY CA 94709
02/27/2025	undefined	Closed Expired	1547 HOPKINS St, 5, BERKELEY CA 94707
02/26/2025	undefined		1649 JULIA St, BERKELEY CA 94703
02/26/2025	undefined	Closed Expired	1649 JULIA St, BERKELEY CA 94703
02/24/2025	undefined	Closed Expired	2325 CHANNING Way, BERKELEY CA 94704
02/21/2025	undefined	Closed Expired	2009 VINE St, BERKELEY CA 94709
02/21/2025	undefined	Closed Expired	2021 VINE St, BERKELEY CA 94709
02/13/2025	undefined	Closed Expired	1922 GRANT St, BERKELEY CA 94703
02/11/2025	undefined	Closed Expired	2323 SEVENTH St, BERKELEY CA 94710
02/10/2025	undefined	Closed Expired	2440 HILLSIDE Ave, BERKELEY CA 94704
02/10/2025	undefined	Closed Expired	1498 ADDISON St, BERKELEY CA 94702
02/06/2025	undefined	Closed Expired	1609 DERBY St, B, BERKELEY CA 94703
02/06/2025	undefined	Closed Expired	1609 DERBY St, A, BERKELEY CA 94703
02/04/2025	undefined	Closed Expired	2327 SEVENTH St, BERKELEY CA 94710
01/31/2025	undefined	Closed Expired	2629 PIEDMONT Ave, D, BERKELEY CA 94704
01/31/2025	undefined	Closed Expired	2267 HEARST Ave, BERKELEY CA 94709
01/31/2025	undefined	Closed Expired	1313 HASKELL St, BERKELEY CA 94702
01/27/2025	undefined	Closed Expired	2441 BONAR St, BERKELEY CA 94702
01/27/2025	undefined	Closed Expired	2304 GRANT St, BERKELEY CA 94703
01/22/2025	undefined	Closed Expired	2600 BENVENUE Ave, BERKELEY CA 94704
01/22/2025	undefined	Closed Expired	2601 ETNA St, BERKELEY CA 94704
01/21/2025	undefined		2505 VIRGINIA St, BERKELEY CA 94709
01/15/2025	undefined	Closed Expired	2925 ELLIS St, BERKELEY CA 94703
01/15/2025	undefined	Closed Expired	2511 PRINCE St, BERKELEY CA 94705
01/15/2025	undefined	Closed Expired	2745 STUART St, BERKELEY CA 94705
01/13/2025	undefined	Closed Expired	3202 CALIFORNIA St, B, BERKELEY CA 94703
01/10/2025	undefined	Closed Expired	1534 PARKER St, BERKELEY CA 94703
01/10/2025	undefined	Closed Expired	1468 HOPKINS St, BERKELEY CA 94702
01/09/2025	undefined	Closed Expired	1116 DWIGHT Way, 3, BERKELEY CA 94702
01/08/2025	undefined	Closed Expired	2122 MCGEE Ave, BERKELEY CA 94703
01/07/2025	undefined	Closed Expired	2122 MCGEE Ave, BERKELEY CA 94703
01/06/2025	undefined	Closed Expired	2227 ROOSEVELT Ave, BERKELEY CA 94703
01/04/2025	undefined	Closed Expired	1313 HASKELL St, BERKELEY CA 94702
01/03/2025	undefined	Closed Expired	1308 BURNETT St, BERKELEY CA 94702
12/30/2024	undefined	Closed Expired	1439 DWIGHT Way, BERKELEY CA 94702
12/20/2024	undefined	Closed Expired	1416 DERBY St, BERKELEY CA 94702
12/19/2024	undefined		2921 SACRAMENTO St, BERKELEY CA 94702
12/18/2024	undefined	Closed Expired	2918 FLORENCE St, BERKELEY CA 94705
12/17/2024	undefined	Closed Expired	1522 OXFORD St, BERKELEY CA 94709
12/14/2024	undefined	Closed Expired	1423 ACROFT Ct, BERKELEY CA 94702
12/13/2024	undefined	Closed Expired	1600 TYLER St, BERKELEY CA 94703
12/12/2024	undefined	Closed Expired	2421 SAN PABLO Ave, BERKELEY CA 94702
12/11/2024	undefined	Closed Expired	3113 SHATTUCK Ave, 2, BERKELEY CA 94704
12/10/2024	undefined	Closed Expired	100 PARNASSUS Rd, BERKELEY CA 94708
12/09/2024	undefined	Closed Expired	1116 DWIGHT Way, 3, BERKELEY CA 94702
12/09/2024	undefined	Closed Expired	2431 GRANT St, 6, BERKELEY CA 94703
12/09/2024	undefined	Closed Expired	2431 GRANT St, BERKELEY CA 94703
12/09/2024	undefined	Closed Expired	2431 GRANT St, BERKELEY CA 94703
12/09/2024	undefined	Closed Expired	2431 GRANT St, BERKELEY CA 94703
12/06/2024	undefined	Closed Expired	1429 M L KING JR Way, BERKELEY CA 94709
12/05/2024	undefined	Closed Expired	1612 BONITA Ave, BERKELEY CA 94709
12/03/2024	undefined	Closed Expired	1607 HOPKINS St, BERKELEY CA 94707
12/03/2024	undefined	Closed Expired	1903 TENTH St, BERKELEY CA 94710
11/27/2024	undefined	Closed Expired	2455 BONAR St, BERKELEY CA 94702
11/27/2024	undefined	Closed Expired	2453 BONAR St, BERKELEY CA 94702
11/27/2024	undefined	Closed Expired	2451 BONAR St, BERKELEY CA 94702
11/27/2024	undefined	Closed Expired	2449 BONAR St, BERKELEY CA 94702
11/27/2024	undefined	Closed Expired	2447 BONAR St, BERKELEY CA 94702
11/27/2024	undefined	Closed Expired	2445 BONAR St, BERKELEY CA 94702
11/27/2024	undefined	Closed Expired	2443 BONAR St, BERKELEY CA 94702
11/26/2024	undefined	Closed Expired	2441 BONAR St, BERKELEY CA 94702
11/22/2024	undefined	Closed Expired	1700 ADDISON St, BERKELEY CA 94703
11/20/2024	undefined	Closed Expired	2220 SACRAMENTO St, COM, BERKELEY CA 94702
11/15/2024	undefined	Closed Expired	2530 HILLEGASS Ave, 405, BERKELEY CA 94704
11/14/2024	undefined	Closed Expired	2619 ETNA St, C, BERKELEY CA 94704
11/14/2024	undefined	Closed Expired	2909 KING St, BERKELEY CA 94703
11/12/2024	undefined	Closed Expired	2239 CHANNING Way, BERKELEY CA 94704
11/10/2024	undefined	Closed Expired	2425 GRANT St, BERKELEY CA 94703
11/07/2024	undefined	Closed Expired	1904 UNIVERSITY Ave, 4, BERKELEY CA 94704
11/07/2024	undefined	Closed Expired	1728 SEVENTH St, BERKELEY CA 94710
11/07/2024	undefined	Closed Expired	1423 ACROFT Ct, BERKELEY CA 94702
11/04/2024	undefined	Closed Expired	2646 HILLEGASS Ave, BERKELEY CA 94704
11/01/2024	undefined		2016 DELAWARE St, A, BERKELEY CA 94709
10/30/2024	undefined	Closed Expired	1671 ADDISON St, BERKELEY CA 94703
10/28/2024	undefined	Closed Expired	1710 BANCROFT Way, BERKELEY CA 94703
10/25/2024	undefined	Closed Expired	2235 HEARST Ave, BERKELEY CA 94709
10/24/2024	undefined	Closed Expired	1945 BERKELEY Way, BERKELEY CA 94704
10/24/2024	undefined	Closed Expired	2239 CHANNING Way, BERKELEY CA 94704
10/24/2024	undefined	Closed Expired	1433 SPRUCE St, BERKELEY CA 94709
10/22/2024	undefined	Closed Expired	2925 COLLEGE Ave, BERKELEY CA 94705
10/22/2024	undefined	Closed Expired	1205 BONITA Ave, BERKELEY CA 94709
10/21/2024	undefined	Closed Expired	1535 VIRGINIA St, BERKELEY CA 94703
10/17/2024	undefined	Closed Expired	952 BANCROFT Way, BERKELEY CA 94710
10/17/2024	undefined	Closed Expired	956 BANCROFT Way, BERKELEY CA 94710
10/11/2024	undefined	Closed Expired	1501 BLAKE St, BERKELEY CA 94702
10/11/2024	undefined	Closed Expired	2227 ROOSEVELT Ave, BERKELEY CA 94703
10/03/2024	undefined		1461 UNIVERSITY Ave, BERKELEY CA 94702
10/02/2024	undefined	Closed Expired	2705 RIDGE Rd, BERKELEY CA 94709
10/01/2024	undefined	Closed Expired	2715 CHANNING Way, BERKELEY CA 94704
09/30/2024	undefined		2138 KITTREDGE St, BERKELEY CA 94704
09/27/2024	undefined	Closed Expired	2705 RIDGE Rd, BERKELEY CA 94709
09/26/2024	undefined	Closed Expired	2227 ROOSEVELT Ave, BERKELEY CA 94703
09/25/2024	undefined		United States
09/19/2024	undefined	Closed Expired	2326 GRANT St, BERKELEY CA 94703
09/16/2024	undefined		1622 BUENA Ave, BERKELEY CA 94703
09/16/2024	undefined	Closed Expired	2690 SACRAMENTO St, BERKELEY CA 94702
09/13/2024	undefined	Closed Expired	2431 COLLEGE Ave, BERKELEY CA 94704
09/09/2024	undefined	Closed Expired	2336 PIEDMONT Ave, BERKELEY CA 94704
09/09/2024	undefined	Closed Expired	1184 SPRUCE St, BERKELEY CA 94707
09/09/2024	undefined	Closed Expired	2537 ELLSWORTH St, BERKELEY CA 94704
08/29/2024	undefined	Closed Expired	1406 SAN PABLO Ave, D, BERKELEY CA 94702
08/29/2024	undefined	Closed Expired	2917 OTIS St, A, BERKELEY CA 94703
08/28/2024	undefined	Closed Expired	3017 STANTON St, BERKELEY CA 94702
08/27/2024	undefined		2428 EIGHTH St, BERKELEY CA 94710
08/27/2024	undefined		1236 GILMAN St, B, BERKELEY CA 94706
08/26/2024	undefined	Closed Expired	2911 REGENT St, BERKELEY CA 94705
08/23/2024	undefined	Closed Expired	1147 CAMELIA St, BERKELEY CA 94702
08/21/2024	undefined	Closed Expired	1936 BERRYMAN St, BERKELEY CA 94709
08/21/2024	undefined	Closed Expired	1348 FRANCISCO St, BERKELEY CA 94702
08/20/2024	undefined	Closed Expired	1200 NEILSON St, BERKELEY CA 94706
08/19/2024	undefined		1321 ADDISON St, BERKELEY CA 94702
08/19/2024	undefined	Closed Expired	1232 PERALTA Ave, BERKELEY CA 94706
08/16/2024	undefined	Closed Expired	1437 M L KING JR Way, BERKELEY CA 94709
08/14/2024	undefined	Closed Expired	2238 ROOSEVELT Ave, C, BERKELEY CA 94703
08/13/2024	undefined	Closed Expired	1719 CARLETON St, BERKELEY CA 94703
08/12/2024	undefined	Closed Expired	2638 RUSSELL St, COM, BERKELEY CA 94705
08/12/2024	undefined	Closed Expired	1321 ADDISON St, BERKELEY CA 94702
08/08/2024	undefined	Closed Expired	2310 ROOSEVELT Ave, BERKELEY CA 94703
08/07/2024	undefined	Closed Expired	2425 CALIFORNIA St, 1, BERKELEY CA 94703
07/31/2024	undefined		1529 ADA St, BERKELEY CA 94703
07/30/2024	undefined		1603 MCGEE Ave, BERKELEY CA 94703
07/29/2024	undefined	Closed Expired	1455 SPRUCE St, BERKELEY CA 94709
07/25/2024	undefined	Closed Expired	1524 UNIVERSITY Ave, BERKELEY CA 94703
07/25/2024	undefined	Closed Expired	1221 OREGON St, BERKELEY CA 94702
07/25/2024	undefined	Closed Expired	1642 RUSSELL St, A, BERKELEY CA 94703
07/25/2024	undefined	Closed Expired	1638 RUSSELL St, BERKELEY CA 94703
07/25/2024	undefined	Closed Expired	3329 CALIFORNIA St, BERKELEY CA 94703
07/24/2024	undefined	Closed Expired	2600 PIEDMONT Ave, BERKELEY CA 94704
07/24/2024	undefined		1251 CORNELL Ave, BERKELEY CA 94706
07/22/2024	undefined	Closed Expired	1339 FRANCISCO St, BERKELEY CA 94702
07/22/2024	undefined	Closed Expired	2431 COLLEGE Ave, 1, BERKELEY CA 94704
07/22/2024	undefined	Closed Expired	1423 ACROFT Ct, BERKELEY CA 94702
07/22/2024	undefined		2910 HILLEGASS Ave, 3, BERKELEY CA 94705
07/20/2024	undefined	Closed Expired	1742 M L KING JR Way, A, BERKELEY CA 94709
07/17/2024	undefined	Closed Expired	1514 OREGON St, F, BERKELEY CA 94703
07/17/2024	undefined	Closed Expired	1514 OREGON St, E, BERKELEY CA 94703
07/17/2024	undefined	Closed Expired	1514 OREGON St, D, BERKELEY CA 94703
07/17/2024	undefined	Closed Expired	1514 OREGON St, B, BERKELEY CA 94703
07/16/2024	undefined	Closed Expired	1119 HARRISON St, BERKELEY CA 94706
07/11/2024	undefined		1509 HEARST Ave, BERKELEY CA 94703
07/11/2024	undefined	Closed Expired	2409 TENTH St, BERKELEY CA 94710
07/11/2024	undefined	Closed Expired	2555 COLLEGE Ave, BERKELEY CA 94704
07/08/2024	undefined	Closed Expired	1514 OREGON St, A, BERKELEY CA 94703
07/05/2024	undefined		2210 MCKINLEY Ave, BERKELEY CA 94703
07/02/2024	undefined	Closed Expired	2210 MCKINLEY Ave, BERKELEY CA 94703
07/02/2024	undefined	Closed Expired	2455 BONAR St, BERKELEY CA 94702
07/01/2024	undefined	Closed Expired	3114 M L KING JR Way, BERKELEY CA 94703
06/30/2024	undefined	Closed Expired	3114 M L KING JR Way, BERKELEY CA 94703
06/28/2024	undefined	Closed Expired	1735 M L KING JR Way, BERKELEY CA 94709
06/28/2024	undefined	Closed Expired	1642 RUSSELL St, A, BERKELEY CA 94703
06/28/2024	undefined	Closed Expired	1638 RUSSELL St, BERKELEY CA 94703
06/24/2024	undefined	Closed Expired	2208 ROOSEVELT Ave, BERKELEY CA 94703
06/24/2024	undefined	Closed Expired	1916 STUART St, A, BERKELEY CA 94703
06/24/2024	undefined		2416 FULTON St, BERKELEY CA 94704
06/24/2024	undefined		2414 SACRAMENTO St, BERKELEY CA 94702
06/22/2024	undefined	Closed Expired	1334 OXFORD St, BERKELEY CA 94709
06/20/2024	undefined	Closed Expired	1310 ADDISON St, BERKELEY CA 94702
06/12/2024	undefined	Closed Expired	2555 COLLEGE Ave, BERKELEY CA 94704
06/06/2024	undefined		2067 UNIVERSITY Ave, BERKELEY CA 94704
06/06/2024	undefined	Closed Expired	2035 HEARST Ave, BERKELEY CA 94709
06/06/2024	undefined	Closed Expired	1623 ALCATRAZ Ave, BERKELEY CA 94703
06/06/2024	undefined	Closed Expired	3329 CALIFORNIA St, BERKELEY CA 94703
06/06/2024	undefined	Closed Expired	2235 BONAR St, BERKELEY CA 94702
06/04/2024	undefined	Closed Expired	2732 M L KING JR Way, 1, BERKELEY CA 94703
05/31/2024	undefined	Closed Expired	2017 BERKELEY Way, BERKELEY CA 94704
05/31/2024	undefined	Closed Expired	2409 TENTH St, BERKELEY CA 94710
05/23/2024	undefined	Closed Expired	2415 COLLEGE Ave, BERKELEY CA 94704
05/23/2024	undefined	Closed Expired	2415 COLLEGE Ave, BERKELEY CA 94704
05/23/2024	undefined	Closed Expired	1701 HARMON St, BERKELEY CA 94703
05/20/2024	undefined	Closed Expired	2311 PROSPECT St, BERKELEY CA 94704
05/14/2024	undefined	Closed Expired	2025 HEARST Ave, BERKELEY CA 94709
05/14/2024	undefined	Closed Expired	2600 ETNA St, COM, BERKELEY CA 94704
05/14/2024	undefined	Closed Expired	2600 ETNA St, 3, BERKELEY CA 94704
05/06/2024	undefined	Closed Expired	2717 HASTE St, BERKELEY CA 94704
05/02/2024	undefined	Closed Expired	2453 BYRON St, BERKELEY CA 94702
04/29/2024	undefined	Closed Expired	1808 FIFTH St, BERKELEY CA 94710
04/27/2024	undefined	Closed Expired	2114 PARKER St, 1, BERKELEY CA 94704
04/24/2024	undefined	Closed Expired	1515 OXFORD St, 1C, BERKELEY CA 94709
04/24/2024	undefined	Closed Expired	2425 SHATTUCK Ave, BERKELEY CA 94704
04/23/2024	undefined	Closed Expired	2132 ROOSEVELT Ave, 2, BERKELEY CA 94703
04/22/2024	undefined	Closed Expired	2405 FULTON St, BERKELEY CA 94704
04/21/2024	undefined		1515 OXFORD St, 1C, BERKELEY CA 94709
04/19/2024	undefined	Closed Expired	1290 HOPKINS St, 31, BERKELEY CA 94702
04/19/2024	undefined	Closed Expired	1290 HOPKINS St, 31, BERKELEY CA 94702
04/19/2024	undefined	Closed Expired	2414 SACRAMENTO St, BERKELEY CA 94702
04/19/2024	undefined	Closed Expired	2451 BYRON St, BERKELEY CA 94702
04/16/2024	undefined	Closed Expired	2425 GRANT St, G, BERKELEY CA 94703
04/16/2024	undefined	Closed Expired	1426 SPRUCE St, BERKELEY CA 94709
04/10/2024	undefined	Closed Expired	2398 BANCROFT Way, BERKELEY CA 94704
04/08/2024	undefined	Closed Expired	2627 VIRGINIA St, BERKELEY CA 94709
04/05/2024	undefined	Closed Expired	2910 HILLEGASS Ave, 3, BERKELEY CA 94705
04/03/2024	undefined	Closed Expired	2132 ROOSEVELT Ave, 2, BERKELEY CA 94703
04/02/2024	undefined	Closed Expired	3113 SHATTUCK Ave, 4, BERKELEY CA 94704
04/02/2024	undefined	Closed Expired	3113 SHATTUCK Ave, 2, BERKELEY CA 94704
04/01/2024	undefined	Closed Expired	2123 RUSSELL St, BERKELEY CA 94705
03/27/2024	undefined	Closed Expired	2914 DEAKIN St, COM, BERKELEY CA 94705
03/26/2024	undefined	Closed Expired	1820 ACTON St, BERKELEY CA 94702
03/26/2024	undefined	Closed Expired	2609 SAN PABLO Ave, BERKELEY CA 94702
03/25/2024	undefined	Closed Expired	1290 HOPKINS St, 25, BERKELEY CA 94702
03/22/2024	undefined	Closed Expired	2447 BONAR St, BERKELEY CA 94702
03/22/2024	undefined	Closed Expired	2564 VIRGINIA St, BERKELEY CA 94709
03/20/2024	undefined	Closed Expired	2398 BANCROFT Way, BERKELEY CA 94704
03/20/2024	undefined	Closed Expired	1921 DELAWARE St, BERKELEY CA 94709
03/13/2024	undefined	Closed Expired	2715 CHANNING Way, BERKELEY CA 94704
03/11/2024	undefined	Closed Expired	2910 HILLEGASS Ave, 3, BERKELEY CA 94705
03/10/2024	undefined	Closed Expired	1757 OXFORD St, BERKELEY CA 94709
03/07/2024	undefined	Closed Expired	1813 SIXTY-THIRD St, BERKELEY CA 94703
03/07/2024	undefined	Closed Expired	1630 RUSSELL St, BERKELEY CA 94703
03/06/2024	undefined	Closed Expired	1912 WOOLSEY St, BERKELEY CA 94703
03/05/2024	undefined	Closed Expired	1588 HENRY St, 3, BERKELEY CA 94709
02/28/2024	undefined	Closed Expired	2336 PIEDMONT Ave, BERKELEY CA 94704
02/28/2024	undefined	Closed Expired	2405 FULTON St, BERKELEY CA 94704
02/26/2024	undefined	Closed Expired	1409 OXFORD St, COM, BERKELEY CA 94709
02/26/2024	undefined	Closed Expired	1434 SIXTH St, BERKELEY CA 94710
02/20/2024	undefined		2336 PIEDMONT Ave, BERKELEY CA 94704
02/16/2024	undefined	Closed Expired	2525 ASHBY Ave, 1, BERKELEY CA 94705
02/16/2024	undefined		2035 PARKER St, BERKELEY CA 94704
02/15/2024	undefined	Closed Expired	1921 DELAWARE St, BERKELEY CA 94709
02/15/2024	undefined	Closed Expired	1244 ASHBY Ave, BERKELEY CA 94702
02/12/2024	undefined	Closed Expired	2227 MCGEE Ave, BERKELEY CA 94703
02/07/2024	undefined	Closed Expired	1600 SIXTY-THIRD St, BERKELEY CA 94703
02/07/2024	undefined	Closed Expired	1600 SIXTY-THIRD St, BERKELEY CA 94703
02/07/2024	undefined	Closed Expired	1409 OXFORD St, COM, BERKELEY CA 94709
02/06/2024	undefined		3112 DEAKIN St, BERKELEY CA 94705
02/06/2024	undefined		2634 VIRGINIA St, 24, BERKELEY CA 94709
01/31/2024	undefined	Closed Expired	2729 DWIGHT Way, 302, BERKELEY CA 94704
01/30/2024	undefined		2160 ASHBY Ave, BERKELEY CA 94705
01/25/2024	undefined	Closed Expired	1338 SHATTUCK Ave, BERKELEY CA 94709
01/25/2024	undefined		2103 CALIFORNIA St, BERKELEY CA 94703
01/23/2024	undefined	Closed Expired	1619 WALNUT St, BERKELEY CA 94709
01/19/2024	undefined	Closed Expired	1616 PRINCE St, BERKELEY CA 94703
01/18/2024	undefined	Closed Expired	2137 DWIGHT Way, BERKELEY CA 94704
01/17/2024	undefined	Closed Expired	1921 DELAWARE St, BERKELEY CA 94709
01/13/2024	undefined	Closed Expired	1625 CEDAR St, BERKELEY CA 94703
01/10/2024	undefined	Closed Expired	2200 BROWNING St, BERKELEY CA 94702
01/05/2024	undefined	Closed Expired	2200 DWIGHT Way, BERKELEY CA 94704
01/04/2024	undefined		2323 SEVENTH St, BERKELEY CA 94710
01/03/2024	undefined	Closed Expired	2142 SACRAMENTO St, BERKELEY CA 94702
01/01/2024	undefined	Closed Expired	1809 TENTH St, BERKELEY CA 94710
01/01/2024	undefined	Closed Expired	2416 ROOSEVELT Ave, BERKELEY CA 94703
01/01/2024	undefined	Closed Expired	2332 M L KING JR Way, BERKELEY CA 94704
12/27/2023	undefined		2321 SEVENTH St, BERKELEY CA 94710
12/24/2023	undefined		1635 FRANCISCO St, B, BERKELEY CA 94703
12/22/2023	undefined	Closed Expired	1509 HEARST Ave, BERKELEY CA 94703
12/19/2023	undefined	Closed Expired	1423 WALNUT St, COM, BERKELEY CA 94709
12/19/2023	undefined	Closed Expired	2012 BERKELEY Way, BERKELEY CA 94704
12/18/2023	undefined	Closed Expired	1520 FAIRVIEW St, B, BERKELEY CA 94703
12/13/2023	undefined		3038 HALCYON Ct, A, BERKELEY CA 94705
12/11/2023	undefined	Closed Expired	1545 HOPKINS St, BERKELEY CA 94707
11/30/2023	undefined	Closed Expired	2091 CALIFORNIA St, BERKELEY CA 94703
11/29/2023	undefined	Closed Expired	2324 NINTH St, BERKELEY CA 94710
11/22/2023	undefined	Closed Expired	2517 VIRGINIA St, BERKELEY CA 94709
11/13/2023	undefined	Closed Expired	1509 HEARST Ave, 101, BERKELEY CA 94703
11/13/2023	undefined	Closed Expired	1217 HASKELL St, BERKELEY CA 94702
11/10/2023	undefined	Closed Expired	1323 VIRGINIA St, A, BERKELEY CA 94702
11/10/2023	undefined	Closed Expired	2564 VIRGINIA St, 7, BERKELEY CA 94709
10/30/2023	undefined	Closed Expired	2329 CHANNING Way, BERKELEY CA 94704
10/30/2023	undefined	Closed Expired	2203 DERBY St, BERKELEY CA 94705
10/30/2023	undefined	Closed Expired	2718 NINTH St, BERKELEY CA 94710
10/26/2023	undefined	Closed Expired	2139 GRANT St, BERKELEY CA 94703
10/26/2023	undefined	Closed Expired	2609 SAN PABLO Ave, BERKELEY CA 94702
10/24/2023	undefined	Closed Expired	1448 JOSEPHINE St, 1, BERKELEY CA 94703
10/24/2023	undefined	Closed Expired	1448 JOSEPHINE St, 2, BERKELEY CA 94703
10/17/2023	undefined	Closed Expired	2737 DURANT Ave, BERKELEY CA 94704
10/13/2023	undefined	Closed Expired	2203 DERBY St, BERKELEY CA 94705
10/04/2023	undefined	Closed Expired	2420 MILVIA St, A, BERKELEY CA 94704
10/03/2023	undefined	Closed Expired	2411 PARKER St, BERKELEY CA 94704
10/02/2023	undefined	Closed Expired	2220 SACRAMENTO St, COM, BERKELEY CA 94702
09/26/2023	undefined		2020 DWIGHT Way, BERKELEY CA 94704
09/25/2023	undefined		1951 SHATTUCK Ave, BERKELEY CA 94704 United States
09/23/2023	undefined	Closed Expired	1330 SACRAMENTO St, BERKELEY CA 94702
09/18/2023	undefined	Closed Expired	1801 ROSE St, 6, BERKELEY CA 94703
09/13/2023	undefined	Closed Expired	1522 HENRY St, BERKELEY CA 94709
09/12/2023	undefined		906 HEARST Ave, BERKELEY CA 94710
09/01/2023	undefined	Closed Expired	2431 VIRGINIA St, BERKELEY CA 94709
09/01/2023	undefined	Closed Expired	1104 CHAUCER St, 4, BERKELEY CA 94702
08/22/2023	undefined	Closed Expired	2336 CHANNING Way, BERKELEY CA 94704
08/18/2023	undefined	Closed Expired	2915 REGENT St, BERKELEY CA 94705
08/17/2023	undefined	Closed Expired	1418 PERALTA Ave, BERKELEY CA 94702
08/16/2023	undefined	Closed Expired	2329 CHANNING Way, BERKELEY CA 94704
08/11/2023	undefined	Closed Expired	2020 DWIGHT Way, BERKELEY CA 94704
08/02/2023	undefined	Closed Expired	108 FOREST Ln, BERKELEY CA 94708
07/31/2023	undefined		2203 DERBY St, BERKELEY CA 94705
07/30/2023	undefined		1170 CAMELIA St, BERKELEY CA 94702
07/25/2023	undefined	Closed Expired	2321 DWIGHT Way, 105, BERKELEY CA 94704
07/18/2023	undefined		2028 BANCROFT Way, BERKELEY CA 94704
07/18/2023	undefined	Closed Expired	1531 DERBY St, BERKELEY CA 94703
06/30/2023	undefined	Closed Expired	3214 CALIFORNIA St, BERKELEY CA 94703
06/30/2023	undefined	Closed Expired	3328 KING St, BERKELEY CA 94703
06/29/2023	undefined	Closed Expired	1926 ALCATRAZ Ave, BERKELEY CA 94703
06/28/2023	undefined	Closed Expired	2024 DURANT Ave, BERKELEY CA 94704
06/27/2023	undefined	Closed Expired	2240 BLAKE St, BERKELEY CA 94704
06/21/2023	undefined	Closed Expired	1615 MCGEE Ave, BERKELEY CA 94703
06/21/2023	undefined		2510 LE CONTE Ave, BERKELEY CA 94709
06/15/2023	undefined	Closed Expired	2512 NINTH St, 10, BERKELEY CA 94710
06/13/2023	undefined	Closed Expired	1939 FRANCISCO St, A, BERKELEY CA 94709
06/08/2023	undefined	Closed Expired	2319 WARD St, 4, BERKELEY CA 94705
05/19/2023	undefined	Closed Expired	1527 ASHBY Ave, BERKELEY CA 94703
05/17/2023	undefined	Closed Expired	828 INDIAN ROCK Ave, BERKELEY CA 94707
05/16/2023	undefined	Closed Expired	2311 CHANNING Way, BERKELEY CA 94704
05/09/2023	undefined	Closed Expired	1322 SHATTUCK Ave, BERKELEY CA 94709
04/25/2023	undefined	Closed Expired	1513 HEARST Ave, BERKELEY CA 94703
04/19/2023	undefined	Closed Expired	1801 WOOLSEY St, BERKELEY CA 94703
03/31/2023	undefined	Closed Expired	1611 MCGEE Ave, BERKELEY CA 94703
03/25/2023	undefined	Closed Expired	2033 PARKER St, B, BERKELEY CA 94704
03/24/2023	undefined	Closed Expired	2948 PINE Ave, BERKELEY CA 94705
03/23/2023	undefined	Closed Expired	2312 WARRING St, BERKELEY CA 94704
03/17/2023	undefined	Closed Expired	1966 SAN PABLO Ave, BERKELEY CA 94702
02/27/2023	undefined	Closed Expired	2340 LE CONTE Ave, BERKELEY CA 94709
02/23/2023	undefined	Closed Expired	2550 DANA St, 2E, BERKELEY CA 94704
02/16/2023	undefined	Closed Expired	1529 TYLER St, BERKELEY CA 94703
02/16/2023	undefined	Closed Expired	1410 ALLSTON Way, BERKELEY CA 94702
01/31/2023	undefined	Closed Expired	2529 ELLSWORTH St, BERKELEY CA 94704
01/25/2023	undefined	Closed Expired	1479 LINCOLN St, BERKELEY CA 94702
01/15/2023	undefined	Closed Expired	2111 BYRON St, B, BERKELEY CA 94702