hcd_row_id,cpra_permit_number,address_hcd,address_cpra,tracking_id,co_units_hcd,co_units_d5,bp_units_hcd,bp_units_d5,agree_co,agree_bp,units_agree,match_tier,in_c1,cpra_year
600,B2019-01817,1416 Oxford,1416 OXFORD St,B2019-01817,1.0,1.0,0.0,0.0,True,True,True,tier_1_tracking_id,True,2020
601,B2018-04609,1931 Carleton,1931 CARLETON St,B2018-04609,0.0,0.0,1.0,1.0,True,True,True,tier_1_tracking_id,True,2020
602,B2020-00446,1248 Haskell,1248 HASKELL St,B2020-00446,0.0,0.0,1.0,1.0,True,True,True,tier_1_tracking_id,True,2020
603,B2018-04404,1353 Berkeley,1353 BERKELEY Way,B2018-04404,1.0,1.0,0.0,0.0,True,True,True,tier_1_tracking_id,True,2020
604,B2019-04125,1412 Harmon,1412 HARMON St,B2019-04125,0.0,0.0,1.0,0.0,True,False,False,tier_1_tracking_id,True,2020
605,B2017-01855,1500 San Pablo,1500 SAN PABLO Ave,B2017-01855,170.0,0.0,0.0,0.0,False,True,False,tier_1_tracking_id,True,2020
606,B2020-01040,1512 Carleton,1512 CARLETON St,B2020-01040,0.0,0.0,1.0,0.0,True,False,False,tier_1_tracking_id,True,2020
607,B2018-01245,1614 Acton,1614 ACTON St,B2018-01245,1.0,1.0,0.0,0.0,True,True,True,tier_1_tracking_id,True,2020
608,B2020-01282,1625 Russell,1625 RUSSELL St,B2020-01282,0.0,0.0,1.0,1.0,True,True,True,tier_1_tracking_id,True,2020
609,B2020-01658,1628 Jaynes,1628 JAYNES St,B2020-01658,0.0,0.0,1.0,1.0,True,True,True,tier_1_tracking_id,True,2020
610,B2018-02645,1732 Seventh,1732 SEVENTH St,B2018-02645,1.0,0.0,0.0,0.0,False,True,False,tier_1_tracking_id,True,2020
611,B2019-03766,1811 Sixty-Third,1811 SIXTY-THIRD St,B2019-03766,0.0,0.0,1.0,1.0,True,True,True,tier_1_tracking_id,True,2020
612,B2019-01938,1873 San Ramon,1873 SAN RAMON Ave,B2019-01938,1.0,1.0,0.0,0.0,True,True,True,tier_1_tracking_id,True,2020
613,B2019-00805,1914 Oregon,1914 OREGON St,B2019-00805,1.0,0.0,0.0,0.0,False,True,False,tier_1_tracking_id,True,2020
615,B2019-04517,200 Alvarado,200 ALVARADO Rd,B2019-04517,0.0,0.0,1.0,0.0,True,False,False,tier_1_tracking_id,True,2020
617,B2018-04967,2128 Oregon,2128 OREGON St,B2018-04967,1.0,1.0,0.0,0.0,True,True,True,tier_1_tracking_id,True,2020
618,B2017-03973,2313 Edwards,2313 EDWARDS St,B2017-03973,1.0,1.0,0.0,0.0,True,True,True,tier_1_tracking_id,True,2020
619,B2016-05821,2631 Durant,2631 DURANT Ave,B2016-05821,56.0,-18.0,0.0,0.0,False,True,False,tier_1_tracking_id,True,2020
620,B2018-03850,2817 Stanton,2817 STANTON St,B2018-03850,0.0,0.0,1.0,1.0,True,True,True,tier_1_tracking_id,True,2020
621,B2020-01549,3140 Harper,3140 HARPER St,B2020-01549,1.0,1.0,1.0,1.0,True,True,True,tier_1_tracking_id,True,2020
622,B2018-00016,811 Folger,811 FOLGER Ave,B2018-00016,1.0,1.0,0.0,0.0,True,True,True,tier_1_tracking_id,True,2020
623,B2018-00017,813 Folger,813 FOLGER Ave,B2018-00017,1.0,1.0,0.0,0.0,True,True,True,tier_1_tracking_id,True,2020
624,B2019-01118,857 Neilson,857 NEILSON St,B2019-01118,1.0,1.0,0.0,0.0,True,True,True,tier_1_tracking_id,True,2020
763,B2020-01244,1209 Derby,1209 DERBY St,B2020-01244,0.0,0.0,1.0,1.0,True,True,True,tier_1_tracking_id,True,2020
780,B2019-01781,116 The Uplands,116 THE UPLANDS,B2019-01781,0.0,0.0,1.0,1.0,True,True,True,tier_1_tracking_id,True,2020
781,B2018-02038,1181 Laurel,1181 LAUREL St,B2018-02038,1.0,0.0,0.0,0.0,False,True,False,tier_1_tracking_id,True,2020
783,B2019-04677,1325 Sixty-Sixth,1325 SIXTY-SIXTH St,B2019-04677,0.0,0.0,1.0,1.0,True,True,True,tier_1_tracking_id,True,2020
785,B2020-01536,1516 Ward,1516 WARD St,B2020-01536,0.0,0.0,1.0,1.0,True,True,True,tier_1_tracking_id,True,2020
786,B2019-02435,1612 Buena,1612 BUENA Ave,B2019-02435,1.0,1.0,0.0,0.0,True,True,True,tier_1_tracking_id,True,2020
787,B2019-03539,1641 Seventh,1641 SEVENTH St,B2019-03539,0.0,0.0,1.0,1.0,True,True,True,tier_1_tracking_id,True,2020
788,B2020-00206,1717 University,1717 UNIVERSITY Ave,B2020-00206,0.0,0.0,15.0,15.0,True,True,True,tier_1_tracking_id,True,2020
789,B2020-01376,1821 Woolsey,1821 WOOLSEY St,B2020-01376,0.0,0.0,1.0,1.0,True,True,True,tier_1_tracking_id,True,2020
792,B2018-04808,2125 Sixth,2125 SIXTH St,B2018-04808,1.0,1.0,0.0,0.0,True,True,True,tier_1_tracking_id,True,2020
793,B2018-01529,2257 Glen,2257 GLEN Ave,B2018-01529,1.0,0.0,0.0,0.0,False,True,False,tier_1_tracking_id,True,2020
794,B2019-05408,2310 Curtis,2310 CURTIS St,B2019-05408,0.0,0.0,1.0,1.0,True,True,True,tier_1_tracking_id,True,2020
795,B2019-02693,2350 Prospect,2350 PROSPECT St,B2019-02693,0.0,0.0,1.0,1.0,True,True,True,tier_1_tracking_id,True,2020
796,B2019-05574,2352 Shattuck,2352 SHATTUCK Ave,B2019-05574,0.0,0.0,135.0,0.0,True,False,False,tier_1_tracking_id,True,2020
797,B2020-01052,2417 Woolsey,2417 WOOLSEY St,B2020-01052,0.0,0.0,1.0,1.0,True,True,True,tier_1_tracking_id,True,2020
799,B2019-02468,2436 Bonar,2436 BONAR St,B2019-02468,1.0,1.0,0.0,0.0,True,True,True,tier_1_tracking_id,True,2020
800,B2019-00501,2440 Grant,2440 GRANT St,B2019-00501,1.0,1.0,0.0,0.0,True,True,True,tier_1_tracking_id,True,2020
802,B2020-01744,2725 Mathews,2725 MATHEWS St,B2020-01744,0.0,0.0,1.0,1.0,True,True,True,tier_1_tracking_id,True,2020
803,B2020-00475,2748 California,2748 CALIFORNIA St,B2020-00475,0.0,0.0,1.0,1.0,True,True,True,tier_1_tracking_id,True,2020
805,B2020-00547,2823 Cherry,2823 CHERRY St,B2020-00547,0.0,0.0,1.0,1.0,True,True,True,tier_1_tracking_id,True,2020
806,B2019-04476,2955 Piedmont,2955 PIEDMONT Ave,B2019-04476,1.0,1.0,1.0,1.0,True,True,True,tier_1_tracking_id,True,2020
808,B2019-05540,3108 Deakin,3108 DEAKIN St,B2019-05540,0.0,0.0,1.0,1.0,True,True,True,tier_1_tracking_id,True,2020
809,B2019-02948,3109 Lewiston,3109 LEWISTON Ave,B2019-02948,0.0,0.0,1.0,1.0,True,True,True,tier_1_tracking_id,True,2020
810,B2018-00018,815 Folger,815 FOLGER Ave,B2018-00018,1.0,1.0,0.0,0.0,True,True,True,tier_1_tracking_id,True,2020
861,B2019-05173,1039 Mariposa,1039 MARIPOSA Ave,B2019-05173,0.0,0.0,1.0,1.0,True,True,True,tier_1_tracking_id,True,2020
862,B2020-02014,1112 Fresno,1112 FRESNO Ave,B2020-02014,0.0,0.0,1.0,1.0,True,True,True,tier_1_tracking_id,True,2020
863,B2019-01052,1118 Park Hills,1118 PARK HILLS Rd,B2019-01052,1.0,1.0,0.0,0.0,True,True,True,tier_1_tracking_id,True,2020
864,B2020-00059,1132 Amador,1132 AMADOR Ave,B2020-00059,0.0,0.0,1.0,1.0,True,True,True,tier_1_tracking_id,True,2020
865,B2017-02775,1133 Carleton,1133 CARLETON St,B2017-02775,1.0,1.0,0.0,0.0,True,True,True,tier_1_tracking_id,True,2020
867,B2018-05107,1237 Channing,1237 CHANNING Way,B2018-05107,1.0,0.0,0.0,0.0,False,True,False,tier_1_tracking_id,True,2020
868,B2020-01422,1315 Blake,1315 BLAKE St,B2020-01422,0.0,0.0,1.0,1.0,True,True,True,tier_1_tracking_id,True,2020
870,B2020-01300,1403 Parker,1403 PARKER St,B2020-01300,0.0,0.0,1.0,1.0,True,True,True,tier_1_tracking_id,True,2020
871,B2018-05114,1410 Hawthorne,1410 HAWTHORNE Ter,B2018-05114,1.0,1.0,0.0,0.0,True,True,True,tier_1_tracking_id,True,2020
872,B2020-00799,1423 Stannage,1423 STANNAGE Ave,B2020-00799,0.0,0.0,1.0,0.0,True,False,False,tier_1_tracking_id,True,2020
873,B2020-01219,1427 Tenth,1427 TENTH St,B2020-01219,1.0,0.0,1.0,0.0,False,False,False,tier_1_tracking_id,True,2020
875,B2020-00794,1536 Dwight,1536 DWIGHT Way,B2020-00794,0.0,0.0,1.0,1.0,True,True,True,tier_1_tracking_id,True,2020
876,B2016-05739,1608 Eighth,1608 EIGHTH St,B2016-05739,1.0,1.0,0.0,0.0,True,True,True,tier_1_tracking_id,True,2020
879,B2018-03582,1732 Beverly,1732 BEVERLY Pl,B2018-03582,1.0,1.0,0.0,0.0,True,True,True,tier_1_tracking_id,True,2020
880,B2019-03999,1008 Bancroft,1008 BANCROFT Way,B2019-03999,1.0,1.0,1.0,1.0,True,True,True,tier_1_tracking_id,True,2020
881,B2019-04275,1015 Mariposa,1015 MARIPOSA Ave,B2019-04275,0.0,0.0,1.0,1.0,True,True,True,tier_1_tracking_id,True,2020
882,B2015-02031,1191 Spruce,1191 SPRUCE ST,B2015-02031,1.0,0.0,0.0,0.0,False,True,False,tier_1_tracking_id,True,2020
884,B2017-04092,1311 Spruce,1311 SPRUCE St,B2017-04092,1.0,0.0,0.0,0.0,False,True,False,tier_1_tracking_id,True,2020
885,B2019-00017,1327 Carlotta,1327 CARLOTTA Ave,B2019-00017,0.0,0.0,1.0,1.0,True,True,True,tier_1_tracking_id,True,2020
886,B2019-02404,1442 Campus,1442 CAMPUS Dr,B2019-02404,0.0,0.0,1.0,1.0,True,True,True,tier_1_tracking_id,True,2020
888,B2019-04236,1615 Francisco,1615 FRANCISCO St,B2019-04236,1.0,1.0,0.0,0.0,True,True,True,tier_1_tracking_id,True,2020
889,B2020-01519,1620 Delaware,1620 DELAWARE St,B2020-01519,0.0,0.0,1.0,1.0,True,True,True,tier_1_tracking_id,True,2020
890,B2019-03683,1620 Dwight,1620 DWIGHT Way,B2019-03683,0.0,0.0,1.0,1.0,True,True,True,tier_1_tracking_id,True,2020
892,B2019-02858,1991 Marin,1991 MARIN Ave,B2019-02858,1.0,0.0,0.0,0.0,False,True,False,tier_1_tracking_id,True,2020
893,B2019-03862,2012 Berkeley Way,2012 BERKELEY Way,B2019-03862,0.0,0.0,142.0,142.0,True,True,True,tier_1_tracking_id,True,2020
895,B2020-01864,2236 Eighth,2236 EIGHTH St,B2020-01864,0.0,0.0,1.0,1.0,True,True,True,tier_1_tracking_id,True,2020
896,B2018-00868,24 Vicente,24 VICENTE Rd,B2018-00868,1.0,0.0,0.0,0.0,False,True,False,tier_1_tracking_id,True,2020
898,B2020-02038,2422 Fifth,2422 FIFTH St,B2020-02038,0.0,0.0,2.0,0.0,True,False,False,tier_1_tracking_id,True,2020
899,B2018-03160,2524 Dwight,2524 DWIGHT Way,B2018-03160,1.0,0.0,0.0,0.0,False,True,False,tier_1_tracking_id,True,2020
901,B2020-01576,773 Neilson,773 NEILSON St,B2020-01576,0.0,0.0,1.0,1.0,True,True,True,tier_1_tracking_id,True,2020
902,B2017-05297,912 Cedar,912 CEDAR St,B2017-05297,1.0,0.0,0.0,0.0,False,True,False,tier_1_tracking_id,True,2020
903,B2018-03002,1767 Tacoma,1767 TACOMA Ave,B2018-03002,1.0,1.0,0.0,0.0,True,True,True,tier_1_tracking_id,True,2020
905,B2019-04743,1963 Yosemite,1963 YOSEMITE Rd,B2019-04743,0.0,0.0,1.0,1.0,True,True,True,tier_1_tracking_id,True,2020
906,B2018-04293,2072 Addison,2072 ADDISON St,B2018-04293,0.0,0.0,66.0,66.0,True,True,True,tier_1_tracking_id,True,2020
907,B2019-00959,2312 Spaulding,2312 SPAULDING Ave,B2019-00959,1.0,1.0,0.0,0.0,True,True,True,tier_1_tracking_id,True,2020
908,B2018-02534,2314 Ellsworth,2314 ELLSWORTH St,B2018-02534,0.0,0.0,1.0,1.0,True,True,True,tier_1_tracking_id,True,2020
911,B2016-03011,2747 San Pablo,2747 SAN PABLO Ave,B2016-03011,41.0,0.0,0.0,0.0,False,True,False,tier_1_tracking_id,True,2020
912,B2018-05064,2832 Stanton,2832 STANTON St,B2018-05064,1.0,1.0,0.0,0.0,True,True,True,tier_1_tracking_id,True,2020
913,B2020-02547,2911 Lorina,2911 LORINA St,B2020-02547,0.0,0.0,1.0,1.0,True,True,True,tier_1_tracking_id,True,2020
915,B2020-01774,2949 Shasta,2949 SHASTA Rd,B2020-01774,0.0,0.0,1.0,1.0,True,True,True,tier_1_tracking_id,True,2020
916,B2019-00978,3034 Acton,3034 ACTON St,B2019-00978,1.0,1.0,0.0,0.0,True,True,True,tier_1_tracking_id,True,2020
917,B2020-02258,3130 Lewiston,3130 LEWISTON Ave,B2020-02258,0.0,0.0,1.0,1.0,True,True,True,tier_1_tracking_id,True,2020
918,B2020-02735,3411 Adeline,3411 ADELINE St,B2020-02735,0.0,0.0,1.0,2.0,True,False,False,tier_1_tracking_id,True,2020
919,B2019-00584,65 Domingo,65 DOMINGO Ave,B2019-00584,1.0,1.0,0.0,0.0,True,True,True,tier_1_tracking_id,True,2020
950,B2019-05628,1159 Hopkins,1159 HOPKINS St,B2019-05628,0.0,0.0,1.0,1.0,True,True,True,tier_1_tracking_id,True,2020
957,B2020-00906,1284 Hearst,1284 HEARST Ave,B2020-00906,0.0,0.0,1.0,1.0,True,True,True,tier_1_tracking_id,True,2020
958,B2019-01663,1331 Sixty-Seventh,1331 SIXTY-SEVENTH St,B2019-01663,1.0,1.0,0.0,0.0,True,True,True,tier_1_tracking_id,True,2020
959,B2020-01331,1424 Stannage,1424 STANNAGE Ave,B2020-01331,1.0,1.0,1.0,1.0,True,True,True,tier_1_tracking_id,True,2020
960,B2018-00936,1522 Alcatraz,1522 ALCATRAZ Ave,B2018-00936,0.0,0.0,1.0,0.0,True,False,False,tier_1_tracking_id,True,2020
961,B2019-05475,1601 Oxford,1601 OXFORD St,B2019-05475,0.0,0.0,37.0,0.0,True,False,False,tier_1_tracking_id,True,2020
962,B2019-04441,1606 Chestnut,1606 CHESTNUT St,B2019-04441,1.0,1.0,1.0,1.0,True,True,True,tier_1_tracking_id,True,2020
963,B2019-04885,1612 Spruce,1612 SPRUCE St,B2019-04885,0.0,0.0,1.0,1.0,True,True,True,tier_1_tracking_id,True,2020
964,B2019-02889,1625 Kains,1625 KAINS Ave,B2019-02889,1.0,0.0,1.0,0.0,False,False,False,tier_1_tracking_id,True,2020
965,B2020-01225,1626 Julia,1626 JULIA St,B2020-01225,0.0,0.0,1.0,1.0,True,True,True,tier_1_tracking_id,True,2020
966,B2019-00801,1710 Chestnut,1710 CHESTNUT St,B2019-00801,1.0,1.0,0.0,0.0,True,True,True,tier_1_tracking_id,True,2020
967,B2019-03190,1711 Stuart,1711 STUART St,B2019-03190,0.0,0.0,1.0,1.0,True,True,True,tier_1_tracking_id,True,2020
968,B2020-02167,1859 Yosemite,1859 YOSEMITE Rd,B2020-02167,0.0,0.0,1.0,1.0,True,True,True,tier_1_tracking_id,True,2020
969,B2019-03689,2100 San Pablo,2100 SAN PABLO Ave,B2019-03689,0.0,0.0,96.0,96.0,True,True,True,tier_1_tracking_id,True,2020
973,B2017-03830,2312 Stuart,2312 STUART St,B2017-03830,1.0,1.0,0.0,0.0,True,True,True,tier_1_tracking_id,True,2020
974,B2020-01013,1204 Carleton,1204 CARLETON St,B2020-01013,0.0,0.0,1.0,0.0,True,False,False,tier_1_tracking_id,True,2020
976,B2019-03691,1315 Ordway,1315 ORDWAY St,B2019-03691,0.0,0.0,1.0,1.0,True,True,True,tier_1_tracking_id,True,2020
978,B2020-01978,1420 Fifth,1420 FIFTH St,B2020-01978,0.0,0.0,1.0,1.0,True,True,True,tier_1_tracking_id,True,2020
979,B2019-03603,1422 Kains,1422 KAINS Ave,B2019-03603,1.0,1.0,1.0,1.0,True,True,True,tier_1_tracking_id,True,2020
980,B2018-03476,1442 Delaware,1442 DELAWARE St,B2018-03476,1.0,0.0,0.0,0.0,False,True,False,tier_1_tracking_id,True,2020
981,B2020-00043,1445 Euclid,1445 EUCLID Ave,B2020-00043,0.0,0.0,1.0,0.0,True,False,False,tier_1_tracking_id,True,2020
983,B2019-01035,1505 Tyler,1505 TYLER St,B2019-01035,0.0,0.0,1.0,0.0,True,False,False,tier_1_tracking_id,True,2020
984,B2020-01212,151 Tunnel,151 TUNNEL Rd,B2020-01212,0.0,0.0,1.0,0.0,True,False,False,tier_1_tracking_id,True,2020
986,B2019-02804,1534 Beverly,1534 BEVERLY Pl,B2019-02804,1.0,1.0,0.0,0.0,True,True,True,tier_1_tracking_id,True,2020
987,B2020-01851,1534 Dwight,1534 DWIGHT Way,B2020-01851,0.0,0.0,1.0,1.0,True,True,True,tier_1_tracking_id,True,2020
988,B2018-02640,1734 Spruce,1734 SPRUCE St,B2018-02640,1.0,1.0,0.0,0.0,True,True,True,tier_1_tracking_id,True,2020
989,B2020-01556,1775 Sonoma,1775 SONOMA Ave,B2020-01556,0.0,0.0,1.0,1.0,True,True,True,tier_1_tracking_id,True,2020
990,B2019-05420,1925 Hopkins,1925 HOPKINS St,B2019-05420,0.0,0.0,1.0,1.0,True,True,True,tier_1_tracking_id,True,2020
992,B2019-03488,2108 Spaulding,2108 SPAULDING Ave,B2019-03488,0.0,0.0,1.0,0.0,True,False,False,tier_1_tracking_id,True,2020
993,B2020-00103,2117 Eighth,2117 EIGHTH St,B2020-00103,0.0,0.0,1.0,1.0,True,True,True,tier_1_tracking_id,True,2020
996,B2018-03242,2333 Rose,2333 ROSE St,B2018-03242,1.0,1.0,0.0,0.0,True,True,True,tier_1_tracking_id,True,2020
997,B2019-02641,2422 Bonar,2422 BONAR St,B2019-02641,1.0,1.0,0.0,0.0,True,True,True,tier_1_tracking_id,True,2020
998,B2019-03192,2431 Mckinley,2431 MCKINLEY Ave,B2019-03192,1.0,1.0,0.0,0.0,True,True,True,tier_1_tracking_id,True,2020
999,B2019-05629,2441 Woolsey,2441 WOOLSEY St,B2019-05629,1.0,1.0,1.0,1.0,True,True,True,tier_1_tracking_id,True,2020
1001,B2020-02125,2543 Piedmont,2543 PIEDMONT Ave,B2020-02125,0.0,0.0,1.0,1.0,True,True,True,tier_1_tracking_id,True,2020
1002,B2018-04067,2606 Shasta,2606 SHASTA Rd,B2018-04067,1.0,1.0,0.0,0.0,True,True,True,tier_1_tracking_id,True,2020
1003,B2019-01950,2628 Shattuck,2628 SHATTUCK Ave,B2019-01950,0.0,0.0,78.0,78.0,True,True,True,tier_1_tracking_id,True,2020
1004,B2020-01569,2808 Garber,2808 GARBER St,B2020-01569,1.0,1.0,1.0,1.0,True,True,True,tier_1_tracking_id,True,2020
1005,B2020-02202,2847 Prince,2847 PRINCE St,B2020-02202,0.0,0.0,1.0,1.0,True,True,True,tier_1_tracking_id,True,2020
1006,B2020-01030,2911 Hillegass,2911 HILLEGASS Ave,B2020-01030,0.0,0.0,1.0,1.0,True,True,True,tier_1_tracking_id,True,2020
1007,B2019-03876,2918 Otis,2918 OTIS St,B2019-03876,0.0,0.0,1.0,1.0,True,True,True,tier_1_tracking_id,True,2020
1008,B2019-05580,2965 Magnolia,2965 MAGNOLIA St,B2019-05580,0.0,0.0,1.0,1.0,True,True,True,tier_1_tracking_id,True,2020
1009,B2018-00015,809 Folger,809 FOLGER Ave,B2018-00015,1.0,1.0,0.0,0.0,True,True,True,tier_1_tracking_id,True,2020
1010,B2020-01218,840 Delaware,840 DELAWARE St,B2020-01218,0.0,0.0,1.0,1.0,True,True,True,tier_1_tracking_id,True,2020
1012,B2020-01885,1031 Channing,1031 CHANNING Way,B2020-01885,0.0,0.0,1.0,0.0,True,False,False,tier_1_tracking_id,True,2020
1013,B2020-01359,1212 Colusa,1212 COLUSA Ave,B2020-01359,0.0,0.0,1.0,1.0,True,True,True,tier_1_tracking_id,True,2020
1014,B2020-00258,1227 Neilson,1227 NEILSON St,B2020-00258,0.0,0.0,1.0,1.0,True,True,True,tier_1_tracking_id,True,2020
1015,B2017-05024,1330 Carleton,1330 CARLETON St,B2017-05024,1.0,0.0,0.0,0.0,False,True,False,tier_1_tracking_id,True,2020
1016,B2019-00843,1333 Carlotta,1333 CARLOTTA Ave,B2019-00843,1.0,0.0,0.0,0.0,False,True,False,tier_1_tracking_id,True,2020
1017,B2020-01103,1336 Mcgee,1336 MCGEE Ave,B2020-01103,0.0,0.0,1.0,0.0,True,False,False,tier_1_tracking_id,True,2020
1018,B2018-04874,1353 Acton,1353 ACTON St,B2018-04874,1.0,0.0,0.0,0.0,False,True,False,tier_1_tracking_id,True,2020
1019,B2019-03765,1811 Sixty-Third,1811 SIXTY-THIRD St,B2019-03765,2.0,0.0,2.0,2.0,False,True,False,tier_1_tracking_id,True,2020
1020,B2019-04410,1414 Holly,1414 HOLLY St,B2019-04410,0.0,0.0,1.0,1.0,True,True,True,tier_1_tracking_id,True,2020
1022,B2020-01517,1595 Holly,1595 HOLLY St,B2020-01517,0.0,0.0,1.0,1.0,True,True,True,tier_1_tracking_id,True,2020
1027,B2019-01961,2129 Ninth,2129 NINTH St,B2019-01961,1.0,0.0,0.0,0.0,False,True,False,tier_1_tracking_id,True,2020
1028,B2019-05479,2210 Prince,2210 PRINCE St,B2019-05479,0.0,0.0,1.0,1.0,True,True,True,tier_1_tracking_id,True,2020
1029,B2018-03422,2503 Haste,2503 HASTE St,B2018-03422,55.0,0.0,0.0,0.0,False,True,False,tier_1_tracking_id,True,2020
1030,B2020-01236,2629 Woolsey,2629 WOOLSEY St,B2020-01236,0.0,0.0,1.0,0.0,True,False,False,tier_1_tracking_id,True,2020
1032,B2020-01503,2915 Harper,2915 HARPER St,B2020-01503,0.0,0.0,1.0,1.0,True,True,True,tier_1_tracking_id,True,2020
1033,B2019-05560,3020 Acton,3020 ACTON St,B2019-05560,0.0,0.0,1.0,1.0,True,True,True,tier_1_tracking_id,True,2020
1034,B2020-01468,790 Hilldale,790 HILLDALE Ave,B2020-01468,0.0,0.0,1.0,1.0,True,True,True,tier_1_tracking_id,True,2020
1035,B2019-01705,868 Ensenada,868 ENSENADA Ave,B2019-01705,1.0,0.0,0.0,0.0,False,True,False,tier_1_tracking_id,True,2020
1036,B2019-04260,910 Bancroft,910 BANCROFT Way,B2019-04260,0.0,0.0,1.0,1.0,True,True,True,tier_1_tracking_id,True,2020
1037,B2018-00704,94 The Uplands,94 THE UPLANDS,B2018-00704,1.0,0.0,0.0,0.0,False,True,False,tier_1_tracking_id,True,2020
1234,B2019-01469,2341 Carleton,2341 CARLETON St,B2019-01469,1.0,1.0,0.0,0.0,True,True,True,tier_1_tracking_id,True,2020
1235,B2020-00577,2425 Grant,2425 GRANT St,B2020-00577,0.0,0.0,1.0,1.0,True,True,True,tier_1_tracking_id,True,2020
1236,B2018-01337,2510 Channing,2510 CHANNING Way,B2018-01337,0.0,0.0,40.0,40.0,True,True,True,tier_1_tracking_id,True,2020
1237,B2018-04394,2633 Marin,2633 MARIN Ave,B2018-04394,1.0,1.0,0.0,0.0,True,True,True,tier_1_tracking_id,True,2020
1240,B2016-05928,2801 Ashby,2801 ASHBY Ave,B2016-05928,1.0,1.0,0.0,0.0,True,True,True,tier_1_tracking_id,True,2020
1241,B2019-03075,2955 Russell,2955 RUSSELL St,B2019-03075,0.0,0.0,1.0,1.0,True,True,True,tier_1_tracking_id,True,2020
1922,B2019-05488,0 Latham,0 LATHAM Ln,B2019-05488,0.0,0.0,1.0,2.0,True,False,False,tier_1_tracking_id,True,2020
2015,B2018-00512,1120 Oxford,1120 OXFORD St,B2018-00512,0.0,0.0,1.0,1.0,True,True,True,tier_1_tracking_id,True,2020
2016,B2019-03270,1222 Carlotta,1222 CARLOTTA Ave,B2019-03270,0.0,0.0,1.0,0.0,True,False,False,tier_1_tracking_id,True,2020
2017,B2017-02460,1222 Derby,1222 DERBY St,B2017-02460,1.0,0.0,0.0,0.0,False,True,False,tier_1_tracking_id,True,2020
2018,B2020-01020,1307 Ward,1307 WARD St,B2020-01020,0.0,0.0,1.0,0.0,True,False,False,tier_1_tracking_id,True,2020
2019,B2020-01247,1333 Derby,1333 DERBY St,B2020-01247,0.0,0.0,1.0,0.0,True,False,False,tier_1_tracking_id,True,2020
2020,B2019-04237,1334 Blake,1334 BLAKE St,B2019-04237,0.0,0.0,1.0,1.0,True,True,True,tier_1_tracking_id,True,2020
2022,B2019-03338,1448 Campus,1448 CAMPUS Dr,B2019-03338,0.0,0.0,1.0,1.0,True,True,True,tier_1_tracking_id,True,2020
2023,B2019-00401,1507 Tyler,1507 TYLER St,B2019-00401,1.0,0.0,0.0,0.0,False,True,False,tier_1_tracking_id,True,2020
2024,B2018-01311,1510 Hearst,1510 HEARST Ave,B2018-01311,0.0,0.0,1.0,0.0,True,False,False,tier_1_tracking_id,True,2020
2025,B2019-05208,1628 Seventh,1628 SEVENTH St,B2019-05208,0.0,0.0,1.0,1.0,True,True,True,tier_1_tracking_id,True,2020
2027,B2018-05070,1730 Francisco,1730 FRANCISCO St,B2018-05070,0.0,0.0,1.0,0.0,True,False,False,tier_1_tracking_id,True,2020
2028,B2019-00717,1731 Channing,1731 CHANNING Way,B2019-00717,0.0,0.0,1.0,1.0,True,True,True,tier_1_tracking_id,True,2020
2029,B2020-01259,1814 Virginia,1814 VIRGINIA St,B2020-01259,0.0,0.0,1.0,0.0,True,False,False,tier_1_tracking_id,True,2020
2030,B2016-04789,1828 Berkeley,1828 BERKELEY Way,B2016-04789,1.0,1.0,0.0,0.0,True,True,True,tier_1_tracking_id,True,2020
2031,B2019-01573,1884 Thousand Oaks,1884 THOUSAND OAKS Blvd,B2019-01573,0.0,0.0,1.0,0.0,True,False,False,tier_1_tracking_id,True,2020
2033,B2019-05503,1921 Ninth,1921 NINTH St,B2019-05503,0.0,0.0,1.0,0.0,True,False,False,tier_1_tracking_id,True,2020
2034,B2019-02162,2215 Acton,2215 ACTON St,B2019-02162,1.0,0.0,0.0,0.0,False,True,False,tier_1_tracking_id,True,2020
2035,B2019-05406,2870 Webster,2870 WEBSTER St,B2019-05406,0.0,0.0,1.0,1.0,True,True,True,tier_1_tracking_id,True,2020
2036,B2017-01537,2909 Pine,2909 PINE Ave,B2017-01537,1.0,1.0,1.0,1.0,True,True,True,tier_1_tracking_id,True,2020
2037,B2019-01859,2959 California,2959 CALIFORNIA St,B2019-01859,1.0,1.0,0.0,0.0,True,True,True,tier_1_tracking_id,True,2020
2038,B2019-05564,3129 Lewiston,3129 LEWISTON Ave,B2019-05564,0.0,0.0,1.0,0.0,True,False,False,tier_1_tracking_id,True,2020
2040,B2017-02403,908 Cedar,908 CEDAR St,B2017-02403,1.0,0.0,0.0,0.0,False,True,False,tier_1_tracking_id,True,2020
877,B2020-00517,1712 Marin,1712 MARIN Ave,B2020-00688 / B2020-00517,1.0,0.0,1.0,0.0,False,False,False,tier_2_apn_current,True,2020
1023,B2019-04355,1611 Lincoln,1611 LINCOLN St,B2019-04354 / B2019-04355,1.0,0.0,0.0,0.0,False,True,False,tier_2_apn_current,True,2020
