placemark_index,name_raw,name_address,name_qualifier,matched_project_id,action,skip_reason,style_source,geometry_type_id,geometry_type_code,structure_id,structure_label,project_geometries_id,vertex_count,height_meters,confidence_code
0,2400 Bowditch St · North · 750 units · Pre-Application,2400 Bowditch St,North,171,import,,footprint,4,building_footprint,1,North,180,5,85.3,high
1,2556 Haste St · 556 units · Under Construction,2556 Haste St,,177,import,,footprint,4,building_footprint,3,Main,181,5,40.2,high
2,2200 Bancroft Way · North · 550 units · Under Construction,2200 Bancroft Way,North,165,import,,footprint,4,building_footprint,5,North,182,5,79.5,high
3,1950 Oxford St · 300 units · Completed,1950 Oxford St,,170,import,,footprint,4,building_footprint,,,183,5,46.9,high
4,1750 Sacramento St · 739 units · In Review,1750 Sacramento St,,1,import,,parcel,1,apn_parcel,,,184,5,28.0,medium
5,1974 Shattuck Ave · 599 units · Entitled,1974 Shattuck Ave,,119,import,,footprint,4,building_footprint,,,185,7,98.00000000000001,high
6,2128 Oxford St · 485 units · Entitled,2128 Oxford St,,133,import,,synthetic,8,synthetic_polygon,,,186,5,91.0,low
7,2190 Shattuck Ave · 452 units · In Review,2190 Shattuck Ave,,35,import,,parcel,1,apn_parcel,,,187,5,119.0,medium
8,2700 Shattuck Ave · 359 units · In Review,2700 Shattuck Ave,,3,import,,parcel,1,apn_parcel,,,188,5,52.5,medium
9,2276 Shattuck Ave · 336 units · In Review,2276 Shattuck Ave,,2,import,,parcel,1,apn_parcel,,,189,5,63.0,medium
10,2274 Shattuck Ave · 299 units · Entitled,2274 Shattuck Ave,,120,import,,parcel,1,apn_parcel,,,190,9,59.5,medium
11,1914 Fifth St · 257 units · In Review,1914 Fifth St,,4,import,,synthetic,8,synthetic_polygon,,,191,5,52.5,low
12,2029 University Ave · 240 units · Entitled,2029 University Ave,,6,import,,parcel,1,apn_parcel,,,192,5,78.0,medium
13,2352 Shattuck Ave · 237 units · Completed,2352 Shattuck Ave,,179,import,,parcel,1,apn_parcel,,,193,7,28.0,medium
14,2601 San Pablo Ave · 223 units · In Review,2601 San Pablo Ave,,7,import,,parcel,1,apn_parcel,,,194,5,28.0,medium
15,2920 Shattuck Ave · 221 units · In Review,2920 Shattuck Ave,,8,import,,parcel,1,apn_parcel,,,195,5,35.0,medium
16,1899 Oxford St · 212 units · Decision Pending,1899 Oxford St,,9,import,,parcel,1,apn_parcel,,,196,5,23.8,medium
17,1598 University Ave · 207 units · Under Construction,1598 University Ave,,152,import,,parcel,1,apn_parcel,,,197,5,28.0,medium
18,2100 Milvia St · 205 units · Entitled,2100 Milvia St,,121,import,,parcel,1,apn_parcel,,,198,5,52.5,medium
19,2131 University Ave · 205 units · Completed,2131 University Ave,,178,import,,synthetic,8,synthetic_polygon,,,199,5,21.0,low
20,2065 Kittredge St · 189 units · Entitled,2065 Kittredge St,,180,import,,footprint,4,building_footprint,,,200,7,28.0,high
21,2150 Kittredge St · 169 units · Completed,2150 Kittredge St,,135,import,,parcel,1,apn_parcel,,,201,5,10.5,medium
22,2015 Blake St · 168 units · Entitled,2015 Blake St,,181,import,,parcel,1,apn_parcel,,,202,6,24.5,medium
23,3000 Shattuck Ave · 166 units · In Review,3000 Shattuck Ave,,10,import,,parcel,1,apn_parcel,,,203,5,34.7,medium
24,1951 Shattuck Ave · 163 units · Completed,1951 Shattuck Ave,,136,import,,parcel,1,apn_parcel,,,204,5,10.5,medium
25,1581 University Ave · 158 units · In Review,1581 University Ave,,11,import,,parcel,1,apn_parcel,,,205,5,48.2,medium
26,2115 Kittredge St · 148 units · Application Submitted,2115 Kittredge St,,12,import,,parcel,1,apn_parcel,,,206,6,35.0,medium
27,3030 Telegraph Ave · 144 units · Under Construction,3030 Telegraph Ave,,150,import,,parcel,1,apn_parcel,,,207,10,35.0,medium
28,2420 Shattuck Ave · 132 units · In Review,2420 Shattuck Ave,,13,import,,parcel,1,apn_parcel,,,208,5,59.5,medium
29,2847 Shattuck Ave · 132 units · Application Submitted,2847 Shattuck Ave,,14,import,,parcel,1,apn_parcel,,,209,5,41.5,medium
30,2109 Virginia St · 131 units · Entitled,2109 Virginia St,,15,import,,parcel,1,apn_parcel,,,210,6,39.9,medium
31,2136 San Pablo Ave · 125 units · Entitled,2136 San Pablo Ave,,140,import,,parcel,1,apn_parcel,,,211,5,21.0,medium
32,2425 Durant Ave · 117 units · Decision Pending,2425 Durant Ave,,5,import,,parcel,1,apn_parcel,,,212,6,61.0,medium
33,2720 San Pablo Ave · 113 units · In Review,2720 San Pablo Ave,,16,import,,parcel,1,apn_parcel,,,213,5,35.7,medium
34,2000 Dwight Way · 113 units · Completed,2000 Dwight Way,,173,import,,parcel,1,apn_parcel,,,214,6,21.0,medium
35,2530 Bancroft Way · 110 units · Entitled,2530 Bancroft Way,,122,import,,parcel,1,apn_parcel,,,215,5,42.0,medium
36,1717 SAN PABLO Ave,1717 SAN PABLO Ave,,153,import,,parcel,1,apn_parcel,,,216,5,35.0,medium
37,2109 Milvia St · 105 units · In Review,2109 Milvia St,,17,import,,parcel,1,apn_parcel,,,217,5,49.00000000000001,medium
38,2198 San Pablo Ave · 100 units · Entitled,2198 San Pablo Ave,,149,import,,parcel,1,apn_parcel,,,218,5,24.5,medium
39,2655 Shattuck Ave · 97 units · Decision Pending,2655 Shattuck Ave,,18,import,,parcel,1,apn_parcel,,,219,5,25.9,medium
40,2450 Shattuck Ave · 94 units · In Review,2450 Shattuck Ave,,19,import,,parcel,1,apn_parcel,,,220,5,24.5,medium
41,2001 Ashby Ave · 87 units · Completed,2001 Ashby Ave,,154,import,,parcel,1,apn_parcel,,,221,22,3.5,medium
42,2036 Bancroft Way · 85 units · In Review,2036 Bancroft Way,,20,import,,parcel,1,apn_parcel,,,222,5,25.9,medium
43,1700 Sacramento St · 85 units · In Review,1700 Sacramento St,,155,import,,parcel,1,apn_parcel,,,223,5,24.5,medium
44,2538 Durant Ave · 83 units · Under Construction,2538 Durant Ave,,139,import,,parcel,1,apn_parcel,,,224,5,28.0,medium
45,2000 University Ave · 82 units · Completed,2000 University Ave,,137,import,,parcel,1,apn_parcel,,,225,5,10.5,medium
46,1708 Harmon St · 80 units · Permits Active,1708 Harmon St,,145,import,,parcel,1,apn_parcel,,,226,11,17.5,medium
47,2680 Bancroft Way · 79 units · Entitled,2680 Bancroft Way,,34,import,,parcel,1,apn_parcel,,,227,5,28.0,medium
48,2660 Bancroft Way · 78 units · Application Submitted,2660 Bancroft Way,,21,import,,parcel,1,apn_parcel,,,228,5,28.0,medium
49,2427 San Pablo · 78 units · Entitled,2427 San Pablo,,126,import,,parcel,1,apn_parcel,,,229,7,21.3,medium
50,2955 Shattuck Ave · 74 units · In Review,2955 Shattuck Ave,,22,import,,parcel,1,apn_parcel,,,230,5,22.9,medium
51,2037 Durant Ave · 74 units · Entitled,2037 Durant Ave,,123,import,,parcel,1,apn_parcel,,,231,5,27.4,medium
52,2138 Kittredge St · 66 units · Entitled,2138 Kittredge St,,113,import,,parcel,1,apn_parcel,,,232,5,28.0,medium
53,2099 Mlk Jr Way · 72 units · Completed,2099 Mlk Jr Way,,138,import,,parcel,1,apn_parcel,,,233,5,10.5,medium
54,2550 Shattuck Ave · 72 units · Entitled,2550 Shattuck Ave,,156,import,,parcel,1,apn_parcel,,,234,5,24.5,medium
55,2326 Durant Ave · 70 units · In Review,2326 Durant Ave,,23,import,,parcel,1,apn_parcel,,,235,5,24.5,medium
56,2300 Ellsworth St · 69 units · Permits Active,2300 Ellsworth St,,147,import,,parcel,1,apn_parcel,,,236,5,24.5,medium
57,2330 Durant Ave · 68 units · In Review,2330 Durant Ave,,24,import,,parcel,1,apn_parcel,,,237,5,21.0,medium
58,2455 Telegraph Ave · 68 units · In Review,2455 Telegraph Ave,,25,import,,parcel,1,apn_parcel,,,238,5,28.0,medium
59,1752 Shattuck Ave · 68 units · Completed,1752 Shattuck Ave,,164,import,,parcel,1,apn_parcel,,,239,8,24.5,medium
60,2462 Bancroft Way · 66 units · Entitled,2462 Bancroft Way,,116,import,,parcel,1,apn_parcel,,,240,5,26.8,medium
61,2072 Addison St · 66 units · Entitled,2072 Addison St,,182,import,,parcel,1,apn_parcel,,,241,5,21.0,medium
62,2298 Durant Ave · 65 units · Decision Pending,2298 Durant Ave,,26,import,,parcel,1,apn_parcel,,,242,5,27.7,medium
63,2441 Le Conte Ave · 65 units · Application Submitted,2441 Le Conte Ave,,27,import,,parcel,1,apn_parcel,,,243,5,24.5,medium
64,3031 Adeline St · 64 units · In Review,3031 Adeline St,,166,import,,parcel,1,apn_parcel,,,244,5,24.5,medium
65,2372 Ellsworth St · 63 units · Entitled,2372 Ellsworth St,,28,import,,parcel,1,apn_parcel,,,245,5,24.5,medium
66,2001 Center St · 58 units · In Review,2001 Center St,,30,import,,parcel,1,apn_parcel,,,246,5,30.5,medium
67,2127 Dwight Way · 58 units · Entitled,2127 Dwight Way,,144,import,,parcel,1,apn_parcel,,,247,5,21.0,medium
68,2712 Telegraph Ave · 57 units · In Review,2712 Telegraph Ave,,31,import,,parcel,1,apn_parcel,,,248,5,21.0,medium
69,1740 San Pablo Ave · 54 units · In Review,1740 San Pablo Ave,,32,import,,parcel,1,apn_parcel,,,249,9,21.0,medium
70,2902 Adeline St · 54 units · Under Construction,2902 Adeline St,,143,import,,parcel,1,apn_parcel,,,250,12,21.0,medium
71,2587 Telegraph Ave · 52 units · Under Construction,2587 Telegraph Ave,,157,import,,parcel,1,apn_parcel,,,251,11,28.0,medium
72,130 Berkeley Sq · 50 units · In Review,130 Berkeley Sq,,33,import,,parcel,1,apn_parcel,,,252,5,24.5,medium
73,2016 Ashby Ave · 50 units · Permits Active,2016 Ashby Ave,,141,import,,parcel,1,apn_parcel,,,253,5,24.5,medium
74,2350 Telegraph Ave · 48 units · In Review,2350 Telegraph Ave,,142,import,,parcel,1,apn_parcel,,,254,5,28.0,medium
75,2727 Haste St · 45 units · In Review,2727 Haste St,,114,import,,parcel,1,apn_parcel,,,255,5,21.0,medium
76,2650 Telegraph Ave · 45 units · Completed,2650 Telegraph Ave,,172,import,,parcel,1,apn_parcel,,,256,7,17.5,medium
77,2435 San Pablo Ave · 40 units · In Review,2435 San Pablo Ave,,167,import,,synthetic,8,synthetic_polygon,,,257,5,17.5,low
78,2440 Shattuck Ave · 40 units · Completed,2440 Shattuck Ave,,176,import,,parcel,1,apn_parcel,,,258,5,28.0,medium
79,2449 Dwight Way · 39 units · In Review,2449 Dwight Way,,38,import,,parcel,1,apn_parcel,,,259,6,14.0,medium
80,1367 University Ave · 39 units · Completed,1367 University Ave,,158,import,,parcel,1,apn_parcel,,,260,5,14.0,medium
81,2403 San Pablo Ave · 36 units · Under Construction,2403 San Pablo Ave,,159,import,,parcel,1,apn_parcel,,,261,5,14.0,medium
82,1698 University Ave · 36 units · Completed,1698 University Ave,,175,import,,parcel,1,apn_parcel,,,262,6,17.5,medium
83,2442 Haste St · 34 units · Under Construction,2442 Haste St,,124,import,,parcel,1,apn_parcel,,,263,6,25.9,medium
84,2733 San Pablo Ave · 32 units · In Review,2733 San Pablo Ave,,36,import,,parcel,1,apn_parcel,,,264,5,28.0,medium
85,2614 Telegraph Ave · 31 units · In Review,2614 Telegraph Ave,,37,import,,synthetic,8,synthetic_polygon,,,265,5,17.4,low
86,3000 San Pablo Ave · 29 units · In Review,3000 San Pablo Ave,,168,import,,parcel,1,apn_parcel,,,266,5,17.5,medium
87,3020 San Pablo Ave · 29 units · In Review,3020 San Pablo Ave,,169,import,,parcel,1,apn_parcel,,,267,5,17.5,medium
88,2480 Bancroft Way · 28 units · Completed,2480 Bancroft Way,,134,import,,parcel,1,apn_parcel,,,268,6,28.0,medium
89,1773 Oxford St · 24 units · Completed,1773 Oxford St,,174,import,,parcel,1,apn_parcel,,,269,5,17.5,medium
90,2317 Channing Way · 22 units · Stalled,2317 Channing Way,,117,import,,parcel,1,apn_parcel,,,270,6,15.2,medium
91,2800 Telegraph Ave · 18 units · Permits Active,2800 Telegraph Ave,,146,import,,parcel,1,apn_parcel,,,271,5,14.0,medium
92,2344 Fulton St · 18 units · Pre-Application,2344 Fulton St,,160,import,,parcel,1,apn_parcel,,,272,5,14.0,medium
93,1790 University Ave · 17 units · In Review,1790 University Ave,,39,import,,parcel,1,apn_parcel,,,273,6,17.1,medium
94,1710 University Ave · 16 units · Application Submitted,1710 University Ave,,40,import,,parcel,1,apn_parcel,,,274,5,14.0,medium
95,2147 San Pablo Ave · 15 units · Decision Pending,2147 San Pablo Ave,,41,import,,parcel,1,apn_parcel,,,275,5,21.3,medium
96,1740 University Ave · 12 units · Entitled,1740 University Ave,,42,import,,parcel,1,apn_parcel,,,276,5,14.0,medium
97,2018 Blake St · 12 units · Permits Active,2018 Blake St,,148,import,,parcel,1,apn_parcel,,,277,5,21.0,medium
98,2555 College Ave · 12 units · Completed,2555 College Ave,,161,import,,parcel,1,apn_parcel,,,278,5,14.3,medium
99,1015 University Ave · 9 units · Application Submitted,1015 University Ave,,43,import,,parcel,1,apn_parcel,,,279,5,14.0,medium
100,2428 Milvia St · 8 units · In Review,2428 Milvia St,,44,import,,parcel,1,apn_parcel,,,280,5,14.0,medium
101,2200 Fifth St · 8 units · Withdrawn,2200 Fifth St,,45,import,,parcel,1,apn_parcel,,,281,7,10.5,medium
102,1745 Cedar St · 6 units · In Review,1745 Cedar St,,46,import,,parcel,1,apn_parcel,,,282,5,10.5,medium
103,1850 Berryman St · 6 units · Application Submitted,1850 Berryman St,,47,import,,synthetic,8,synthetic_polygon,,,283,5,10.5,low
104,1618 Sixth St · 4 units · In Review,1618 Sixth St,,49,import,,parcel,1,apn_parcel,,,284,5,10.5,medium
105,2420 Ashby Ave · 4 units · In Review,2420 Ashby Ave,,50,import,,parcel,1,apn_parcel,,,285,5,10.5,medium
106,2942 College Ave · 4 units · In Review,2942 College Ave,,51,import,,parcel,1,apn_parcel,,,286,5,10.5,medium
107,2437 Warring St · 4 units · In Review,2437 Warring St,,52,import,,parcel,1,apn_parcel,,,287,6,7.0,medium
108,2641 College Ave · 3 units · In Review,2641 College Ave,,53,import,,parcel,1,apn_parcel,,,288,5,10.5,medium
109,2205 Blake St · 3 units · In Review,2205 Blake St,,54,import,,parcel,1,apn_parcel,,,289,7,10.5,medium
110,2221 Fifth St · 3 units · In Review,2221 Fifth St,,55,import,,synthetic,8,synthetic_polygon,,,290,5,10.5,low
111,1650 Fifth St · 3 units · In Review,1650 Fifth St,,56,import,,parcel,1,apn_parcel,,,291,5,10.5,medium
112,3101 Sacramento St · 3 units · In Review,3101 Sacramento St,,57,import,,parcel,1,apn_parcel,,,292,5,10.5,medium
113,1449 Cornell Ave · 3 units · In Review,1449 Cornell Ave,,58,import,,parcel,1,apn_parcel,,,293,5,18.3,medium
114,1514 Walnut St · 3 units · In Review,1514 Walnut St,,59,import,,parcel,1,apn_parcel,,,294,5,10.5,medium
115,1464 Sixth St · 3 units · In Review,1464 Sixth St,,60,import,,parcel,1,apn_parcel,,,295,5,10.5,medium
116,2812 Eighth St · 3 units · In Review,2812 Eighth St,,61,import,,parcel,1,apn_parcel,,,296,7,10.5,medium
117,2201 Blake St · 3 units · Entitled,2201 Blake St,,62,import,,parcel,1,apn_parcel,,,297,7,10.5,medium
118,2833 Seventh St · 3 units · Entitled,2833 Seventh St,,128,import,,synthetic,8,synthetic_polygon,,,298,5,7.0,low
119,1614 Sixth St · 3 units · Entitled,1614 Sixth St,,129,import,,synthetic,8,synthetic_polygon,,,299,5,10.7,low
120,1716 Seventh St · 2 units · In Review,1716 Seventh St,,63,import,,parcel,1,apn_parcel,,,300,6,10.5,medium
121,1515 Derby St · 2 units · In Review,1515 Derby St,,64,import,,parcel,1,apn_parcel,,,301,5,10.5,medium
122,1922 Francisco St · 2 units · In Review,1922 Francisco St,,65,import,,parcel,1,apn_parcel,,,302,5,10.5,medium
123,2204 Dwight Way · 2 units · Decision Pending,2204 Dwight Way,,66,import,,parcel,1,apn_parcel,,,303,5,10.5,medium
124,1419 Grant St · 2 units · In Review,1419 Grant St,,67,import,,parcel,1,apn_parcel,,,304,5,10.5,medium
125,1236 Dwight Way · 2 units · In Review,1236 Dwight Way,,68,import,,parcel,1,apn_parcel,,,305,5,10.5,medium
126,2808 Ninth St · 2 units · In Review,2808 Ninth St,,69,import,,parcel,1,apn_parcel,,,306,5,10.5,medium
127,3001 Benvenue Ave · 1 units · Decision Pending,3001 Benvenue Ave,,70,import,,parcel,1,apn_parcel,,,307,5,10.5,medium
128,40 Hill Rd · 1 units · Application Submitted,40 Hill Rd,,71,import,,parcel,1,apn_parcel,,,308,11,10.5,medium
129,5 W Parnassus Ct · 1 units · In Review,5 W Parnassus Ct,,72,import,,parcel,1,apn_parcel,,,309,5,10.5,medium
130,0 Le Roy Ave · 1 units · In Review,0 Le Roy Ave,,73,import,,parcel,1,apn_parcel,,,310,6,10.5,medium
131,2328 Grant St · 1 units · In Review,2328 Grant St,,74,import,,parcel,1,apn_parcel,,,311,5,10.5,medium
132,1939 Marin Ave · 1 units · In Review,1939 Marin Ave,,75,import,,parcel,1,apn_parcel,,,312,5,10.5,medium
133,1731 Addison St · 1 units · In Review,1731 Addison St,,76,import,,parcel,1,apn_parcel,,,313,5,10.5,medium
134,1420 Fifth St · 1 units · Decision Pending,1420 Fifth St,,77,import,,parcel,1,apn_parcel,,,314,6,10.5,medium
135,1139 Keeler Ave · 1 units · In Review,1139 Keeler Ave,,78,import,,parcel,1,apn_parcel,,,315,9,10.5,medium
136,1111 Allston Way · 1 units · In Review,1111 Allston Way,,79,import,,parcel,1,apn_parcel,,,316,5,10.5,medium
137,659 Grizzly Peak Blvd · 1 units · Application Submitted,659 Grizzly Peak Blvd,,80,import,,parcel,1,apn_parcel,,,317,6,10.5,medium
138,3036 Regent St · 1 units · In Review,3036 Regent St,,92,import,,parcel,1,apn_parcel,,,318,5,10.5,medium
139,1621 Sacramento St · 1 units · In Review,1621 Sacramento St,,112,import,,parcel,1,apn_parcel,,,319,5,10.5,medium
140,2820 San Pablo Ave · 1 units · Entitled,2820 San Pablo Ave,,162,import,,parcel,1,apn_parcel,,,320,5,7.0,medium
141,0 Parker St · 1 units · Entitled,0 Parker St,,163,import,,parcel,1,apn_parcel,,,321,7,10.5,medium
142,1522 Josephine St · In Review,1522 Josephine St,,81,import,,parcel,1,apn_parcel,,,322,5,10.5,medium
143,3035 Colby St · Entitled,3035 Colby St,,82,import,,parcel,1,apn_parcel,,,323,5,10.5,medium
144,1136 Keith Ave · In Review,1136 Keith Ave,,83,import,,parcel,1,apn_parcel,,,324,6,10.5,medium
145,1730 Parker St · Application Submitted,1730 Parker St,,85,import,,parcel,1,apn_parcel,,,325,5,10.5,medium
146,2740 Shasta Rd · In Review,2740 Shasta Rd,,86,skip,Excluded: project 86 (2740 SHASTA Rd) - duplicate needs review,parcel,,,,,,20,10.5,
147,1109 Cowper St · In Review,1109 Cowper St,,87,import,,parcel,1,apn_parcel,,,326,5,10.5,medium
148,705 Arlington Ave · In Review,705 Arlington Ave,,88,import,,parcel,1,apn_parcel,,,327,7,10.5,medium
149,2027 Seventh St · In Review,2027 Seventh St,,89,import,,parcel,1,apn_parcel,,,328,5,10.5,medium
150,576 San Luis Rd · Application Submitted,576 San Luis Rd,,90,import,,parcel,1,apn_parcel,,,329,5,10.5,medium
151,2009 Addison St · Application Submitted,2009 Addison St,,91,import,,parcel,1,apn_parcel,,,330,5,10.5,medium
152,1312 Addison St · In Review,1312 Addison St,,93,import,,parcel,1,apn_parcel,,,331,5,10.5,medium
153,2145 Grant St · Decision Pending,2145 Grant St,,94,import,,parcel,1,apn_parcel,,,332,5,10.5,medium
154,2903 Adeline St · In Review,2903 Adeline St,,95,import,,parcel,1,apn_parcel,,,333,5,10.5,medium
155,2099 M L King Jr Way · Application Submitted,2099 M L King Jr Way,,96,import,,parcel,1,apn_parcel,,,334,5,10.5,medium
156,1507 Josephine St · In Review,1507 Josephine St,,97,import,,parcel,1,apn_parcel,,,335,5,10.5,medium
157,1338 Seventh St · Application Submitted,1338 Seventh St,,98,import,,parcel,1,apn_parcel,,,336,5,10.5,medium
158,2238 Seventh St · Application Submitted,2238 Seventh St,,99,import,,parcel,1,apn_parcel,,,337,7,10.5,medium
159,703 Santa Barbara Rd · In Review,703 Santa Barbara Rd,,100,import,,parcel,1,apn_parcel,,,338,7,10.5,medium
160,385 Vermont Ave · In Review,385 Vermont Ave,,101,import,,parcel,1,apn_parcel,,,339,6,10.5,medium
161,1246 Rose St · In Review,1246 Rose St,,102,import,,parcel,1,apn_parcel,,,340,5,10.5,medium
162,1512 Channing Way · Application Submitted,1512 Channing Way,,103,import,,parcel,1,apn_parcel,,,341,6,10.5,medium
163,1475 Catherine Dr · In Review,1475 Catherine Dr,,104,import,,parcel,1,apn_parcel,,,342,7,10.5,medium
164,1187 Shattuck Ave · Decision Pending,1187 Shattuck Ave,,105,import,,parcel,1,apn_parcel,,,343,5,10.5,medium
165,2016 Delaware St A · Application Submitted,2016 Delaware St A,,106,import,,parcel,1,apn_parcel,,,344,5,10.5,medium
166,1123 Blake St · In Review,1123 Blake St,,107,import,,parcel,1,apn_parcel,,,345,5,10.5,medium
167,830 Bancroft Way · Decision Pending,830 Bancroft Way,,108,import,,parcel,1,apn_parcel,,,346,7,10.5,medium
168,2740 Shasta Rd · In Review,2740 Shasta Rd,,86,skip,Excluded: project 86 (2740 SHASTA Rd) - duplicate needs review,parcel,,,,,,20,10.5,
169,2143 Blake St · Application Submitted,2143 Blake St,,110,import,,parcel,1,apn_parcel,,,347,5,10.5,medium
170,411 Vassar Ave · Application Submitted,411 Vassar Ave,,111,import,,parcel,1,apn_parcel,,,348,5,10.5,medium
171,1048 Keith St · Entitled,1048 Keith St,,130,import,,synthetic,8,synthetic_polygon,,,349,5,10.5,low
172,811 Cedar · Entitled,811 Cedar,,131,import,,synthetic,8,synthetic_polygon,,,350,5,7.0,low
173,1627 Jaynes St · Entitled,1627 Jaynes St,,132,import,,parcel,1,apn_parcel,,,351,6,10.5,medium
174,2705 Benvenue Ave · In Review,2705 Benvenue Ave,,84,import,,parcel,1,apn_parcel,,,352,5,10.5,medium
175,Dharma University,Dharma University,,,skip,No matched project,footprint,,,,,,5,30.0,
176,Ashby Bart · Building 1 · 618 units · Pre-Application,Ashby Bart,,151,import,,parcel,1,apn_parcel,7,Building 1,353,5,24.0,medium
177,Ashby Bart · Building 2 · 618 units · Pre-Application,Ashby Bart,,151,import,,parcel,1,apn_parcel,8,Building 2,354,5,24.0,medium
178,Ashby Bart · Building 3 · 618 units · Pre-Application,Ashby Bart,,151,import,,parcel,1,apn_parcel,9,Building 3,355,5,24.0,medium
179,Innovation Zone - North - Bakar,Innovation Zone - North - Bakar,,,skip,No matched project,parcel,,,,,,5,37.1,
180,Innovation Zone - South,Innovation Zone - South,,,skip,No matched project,parcel,,,,,,5,39.99999999999999,
181,2400 Bowditch St · South · 750 units · Pre-Application,2400 Bowditch St,South,171,import,,footprint,4,building_footprint,2,South,356,5,45.0,high
182,2556 Haste St · South · 556 units · Under Construction,2556 Haste St,South,177,import,,footprint,4,building_footprint,4,South,357,5,35.0,high
183,2200 Bancroft Way · South · 550 units · Under Construction,2200 Bancroft Way,South,165,import,,footprint,4,building_footprint,6,South,358,5,36.0,high
