GEOID20,corridor,acres,parcels,units_per_block,headroom_mh_byright,headroom_mh_bonus,headroom_corridor_est,headroom_hillside,headroom_total
060014240022012,,1.4786786026995173,12,31,41,65,65,0,106
060014220002000,,1.7208418765373394,6,0,0,0,130,0,130
060014220002013,,2.4280574782963664,6,0,0,0,167,0,167
060014221001000,,1.5387252103960385,17,15,0,0,271,0,271
060014221001015,,1.5098138807643802,5,4,0,0,105,0,105
060014221001016,,2.457463018690959,1,5,0,0,0,0,0
060014221002000,,1.9064180180191805,14,16,0,0,229,0,229
060014221002015,,2.0885346841604813,9,14,0,0,159,0,159
060014221002016,,1.3445003805628466,4,6,0,0,109,0,109
060014232001014,,1.7836066434299993,3,1,0,0,80,0,80
060014232001015,,2.128071545195228,11,10,0,0,166,0,166
060014232002000,,2.1893536797990847,8,1,0,0,195,0,195
060014232002006,,2.2704042449203152,4,1,0,0,138,0,138
060014220001031,,3.594889089584321,5,0,0,0,280,0,280
060014220001038,,1.7818769057597292,6,5,0,0,238,0,238
060014220001039,,0.9822438913319822,37,33,0,0,61,0,61
060014220001057,,2.322790585791354,10,7,0,0,181,0,181
060014220001063,,0.7452698305049706,3,4,0,0,45,0,45
060014230001008,,2.4337409020701113,18,29,122,194,0,0,122
060014230003003,,1.1085147412617036,9,9,63,99,0,0,63
060014230003008,,2.3198253212137483,20,22,138,218,0,0,138
060014225001000,,2.125600491380556,5,5,0,0,0,0,0
060014235002000,,3.591429614243781,28,36,178,282,19,0,197
060014235003012,,0.34817148248723595,0,0,0,0,0,0,0
060014239011003,,0.593300020902664,4,9,0,0,52,0,52
060014239011015,,0.7932082745096007,5,4,35,55,0,0,35
060014239011021,,0.3748588636856898,0,0,0,0,0,0,0
060014238003017,College–Elmwood,5.990328657527022,52,91,289,461,72,0,361
060014236022005,Telegraph,3.5808040828406926,15,143,0,0,283,0,283
060014238003005,,0.5979950231505401,0,0,0,0,0,0,0
060014225003003,,1.7539539976539396,11,28,0,0,67,0,67
060014232002008,,4.787666765926328,37,47,222,354,34,0,256
060014240021005,,1.0578581380609349,0,98,0,0,0,0,0
060014240022010,,1.9410127714245837,14,24,92,148,0,0,92
060014235002002,,0.3827662358926391,0,0,0,0,0,0,0
060014238001006,,0.3212369959073149,0,0,0,0,0,0,0
060014237002016,,0.4168667785351079,1,0,0,0,8,0,8
060014223001013,,4.3320044425008755,35,41,238,378,0,0,238
060014222002013,,0.5782265926331669,0,0,0,0,0,0,0
060014220001068,,1.3921917191860096,3,0,0,0,55,0,55
060014220001034,,4.067107473568075,5,0,0,0,307,0,307
060014239011009,,7.317037450624233,1,2,0,0,815,0,815
060014220001059,,0.5755084334370281,0,0,0,0,0,0,0
060014233003006,,2.857773736667767,19,16,0,0,173,0,173
060014234003013,,4.671280131255293,35,49,178,282,125,0,303
060014224002005,,1.031417862243948,14,12,98,154,0,0,98
060014230003004,,2.7324913082639144,9,87,63,99,0,0,63
060014215003003,,2.3979106217573722,17,18,0,0,0,0,0
060014223003004,,0.8233551310485949,4,8,24,40,0,0,24
060014233001013,,4.218583072407447,27,39,102,162,124,0,226
060014220002024,,4.6742453958329,21,0,0,0,479,0,479
060014240014001,,2.437694588173586,7,10,0,0,105,0,105
060014234001006,,4.552669548151054,32,36,219,347,0,0,219
060014221002002,,4.8133657255989135,35,40,239,379,0,0,239
060014216001007,,10.014192689338342,39,37,0,0,0,0,0
060014213003011,,0.3914149242439899,0,0,0,0,0,0,0
060014223002006,,0.8208840772339232,5,7,33,53,0,0,33
060014213004009,,3.2860073627503645,19,19,131,207,0,0,131
060014229011000,,3.8022105046352728,13,127,0,0,325,0,325
060014232001012,,3.981856116961902,34,39,213,337,0,0,213
060014223003009,University,4.608021153599699,24,95,0,0,420,0,420
060014224001004,,0.2789819756764297,0,0,0,0,0,0,0
060014222001003,,0.26835644427334154,0,0,0,0,0,0,0
060014223003014,,0.33952279413588515,0,0,0,0,0,0,0
060019821001011,,3.2620381407480497,0,0,0,0,0,0,0
060014229012006,,1.4957288740207517,7,0,0,0,127,0,127
060014229022010,,2.5817570255689435,8,94,0,0,393,0,393
060014233002005,,3.4545332329109715,28,33,122,194,104,0,226
060014220001062,,7.770722930997948,10,1,0,0,630,0,630
060014221002026,,3.1958138985148494,20,37,133,213,0,0,133
060014220002054,,3.009743546270074,18,15,7,11,193,0,200
060014224002000,,5.198355909924757,37,149,222,354,92,0,314
060014213003008,,6.839135642866735,39,46,268,424,0,0,268
060014231001015,,2.6865297073110215,13,12,49,77,99,0,148
060014235003013,,3.2128641698360836,21,43,0,0,279,0,279
060014215003018,,2.294126361541163,9,11,0,0,0,0,0
060014238003001,,0.25970775592199075,0,0,0,0,0,0,0
060014234003014,,0.32741463044399405,0,0,0,0,0,0,0
060014211001004,,10.3072596717584,47,45,0,0,0,0,0
060014234002002,,4.834122577642155,27,54,184,292,0,0,184
060014234002001,,4.920609461155664,33,56,202,322,0,0,202
060014234002010,,4.843759687519375,28,35,192,304,0,0,192
060014234003001,,4.948532369261453,26,75,163,267,0,0,163
060014234003007,,4.842524160612039,37,51,251,399,0,0,251
060014234003012,,4.9220920934444665,32,38,216,344,0,0,216
060014234003008,,5.007837660813573,34,56,230,366,0,0,230
060014234002011,,3.8975931818815988,26,52,176,280,0,0,176
060014234003011,,4.973490012789637,38,69,256,408,0,0,256
060014234004000,,3.4612050782105848,2,0,14,22,0,0,14
060014234004009,,4.692284088680003,32,52,215,343,0,0,215
060014234004008,,4.47458424760743,38,52,224,356,0,0,224
060014234004011,,6.11956477203435,41,61,275,439,0,0,275
060014240011003,,5.874189128237454,37,60,251,399,0,0,251
060014240012004,,4.397487368589674,26,70,97,157,145,0,242
060014240013004,,4.319649173427517,28,67,100,160,131,0,231
060014240013007,,4.162737256195867,33,83,129,205,197,0,326
060014238001000,,4.311988906602035,13,11,0,0,0,0,0
060014238001003,,4.407371583848361,19,19,0,0,0,0,0
060014238001002,,0.7247600838431959,4,4,0,0,0,0,0
060014238001009,,15.283714949125644,39,35,0,0,0,0,0
060014229022002,,1.3217666854678674,3,0,0,0,145,0,145
060014229022008,,0.36744570224167483,0,1,0,0,0,0,0
060014229022009,,0.30591646225635066,0,10,0,0,0,0,0
060014229022013,,0.3506425363019076,0,1,0,0,0,0,0
060014229021006,,5.151158782064528,29,143,0,0,293,0,293
060014229012008,,5.330063078246757,5,0,0,0,346,0,346
060014235001005,,5.124718506247542,42,81,279,447,0,0,279
060014235001012,,5.188965905429005,36,40,247,391,0,0,247
060014235001003,,5.293244376408149,15,60,0,0,245,0,245
060014229012000,,0.336310424176812,0,0,0,0,0,0,0
060014229012005,,0.3269204196810597,0,51,0,0,0,0,0
060014229012009,,0.31926015285557763,0,0,0,0,0,0,0
060014235001010,,0.30418672458608054,0,0,0,0,0,0,0
060014220001037,,2.0092138567095215,2,1,0,0,28,0,28
060014216002001,,12.824027982001478,64,58,0,0,0,0,0
060014215001011,,2.2755934579311257,9,9,0,0,0,0,0
060014229011001,,4.103679070025215,14,26,0,0,260,0,260
060014222003016,University,1.4146783088995216,3,1,0,0,125,0,125
060014228003006,,1.8362400896825055,4,1,0,0,176,0,176
060014220001050,,2.485633032178216,8,4,55,87,0,0,55
060014239022004,,0.45072021579610955,0,0,0,0,0,0,0
060014233003004,,4.845242319808178,75,38,7,11,283,0,290
060014239012009,,2.2812768817048705,16,25,65,105,58,0,123
060014239011025,,0.6674316353428136,4,14,0,0,43,0,43
060014240014016,,0.4761720700872276,3,10,18,30,0,0,18
060014240014012,Adeline,2.3979106217573722,13,34,6,10,168,0,174
060014240014018,Adeline,0.43663520905248115,1,0,0,0,14,0,14
060014238002002,,3.21928890975423,14,15,0,0,66,0,66
060014238001004,,5.2502480400328615,22,24,0,0,0,0,0
060014238002013,,2.7478118419148787,20,22,0,0,0,0,0
060014223001007,,4.684870927235988,32,45,220,348,0,0,220
060014223002004,,2.0949594240786276,18,19,110,174,0,0,110
060014222001018,,3.1691265173163954,18,21,124,196,0,0,124
060014222002005,,2.6133865143967405,22,30,148,236,0,0,148
060014222001017,,2.795256075156574,15,21,100,160,0,0,100
060014222002006,,4.0498100968653725,33,45,225,357,0,0,225
060014222002002,,3.114763333393619,25,32,171,271,0,0,171
060014222002010,University,2.6625604853087066,10,99,0,0,168,0,168
060014231001011,,4.538584541407426,31,51,209,333,0,0,209
060014231002001,,11.615435561245574,16,63,112,176,0,0,112
060014231002006,,0.5431376284648294,0,0,0,0,0,0,0
060014231002003,,4.522769796993527,35,52,236,376,0,0,236
060014231004009,,0.553021843723516,0,0,0,0,0,0,0
060014233001004,,0.28046460796523265,0,0,0,0,0,0,0
060014231004007,,3.84693657868083,31,41,211,335,0,0,211
060014231004005,,4.587511406937924,35,43,235,375,0,0,235
060014232002005,,9.824909967134493,64,128,401,645,0,0,401
060014232001019,,4.848207584385784,23,31,153,245,0,0,153
060014232001020,,5.077274273005846,17,22,114,182,0,0,114
060014220001022,,5.0542934725294,18,22,123,195,0,0,123
060014232002015,,0.42675099379379455,0,0,0,0,0,0,0
060014232002004,,4.887250234657596,32,86,189,305,0,0,189
060014232002001,,2.8528316290384237,22,32,19,31,306,0,325
060014232002009,,0.39265045115132574,0,0,0,0,0,0,0
060014220001028,,5.0402084657857715,19,7,0,0,1284,0,1284
060014220001026,,5.647593493432064,0,0,0,0,0,0,0
060014220001044,,17.192604020959497,2,0,0,0,0,0,0
060014220001075,,33.32487885004338,15,17,0,0,1227,0,1227
060014220001033,,0.27329855190268487,0,0,0,0,0,0,0
060014220001051,,2.358373760722626,2,0,14,22,0,0,14
060014220001073,,0.34125253180615533,0,0,0,0,0,0,0
060014220001053,,6.880896452334686,4,0,0,0,569,0,569
060014220002057,,3.364092663293989,19,19,104,164,30,0,134
060014220002042,,2.8599976851009714,26,16,0,0,1167,0,1167
060014220002065,,1.723312930352011,16,12,104,164,0,0,104
060014221001007,,0.2639085474069326,0,0,0,0,0,0,0
060014221001005,,3.4199384795055683,19,47,118,186,45,0,163
060014221001008,,0.2644027581698669,0,0,0,0,0,0,0
060014221001022,,0.2587193343961221,0,0,0,0,0,0,0
060014221002007,,0.3924033457698585,0,7,0,0,0,0,0
060014221001010,,3.355196869561171,14,17,92,148,0,0,92
060014221001011,,3.1992733738553896,21,22,146,230,0,0,146
060014220002015,,2.668985225226853,1,0,0,0,182,0,182
060014219004016,,0.5606821105489982,0,0,0,0,0,0,0
060014219004017,,3.8370523634221434,34,37,233,369,0,0,233
060014219004005,,2.878530588711009,23,26,158,250,0,0,158
060014221001003,,0.27058039270654605,0,0,0,0,0,0,0
060014219003007,,0.4455310027852991,0,0,0,0,0,0,0
060014221001019,,3.1219293894561666,17,17,118,186,0,0,118
060014221002004,,4.599372465248348,34,41,234,370,0,0,234
060014221001023,,0.7232774515543929,6,10,0,0,52,0,52
060014219003005,,2.5110848864693343,26,28,176,280,0,0,176
060014219003010,,2.5231930501612254,20,27,132,212,0,0,132
060014219003011,,3.8486663163511,27,31,184,292,0,0,184
060014219003013,,2.298574258407572,15,11,0,0,139,0,139
060014219003012,,1.7942321748330874,12,16,80,128,0,0,80
060014219002015,,1.4922693986802114,9,10,62,98,0,0,62
060014222001022,,3.621576470782775,30,45,201,321,0,0,201
060014222001021,,3.7372217893094084,33,34,205,325,0,0,205
060014220002038,,9.394946603381626,10,0,0,0,1332,0,1332
060014220001010,,12.911256181659388,0,0,0,0,0,0,0
060014219004002,,3.633437529093199,29,41,194,310,0,0,194
060014212003010,,10.02481822074143,33,32,0,0,0,0,0
060014212003012,,4.8225086247131985,24,24,0,0,0,0,0
060014212004006,,5.466712354198099,39,41,0,0,0,0,0
060014213002013,,3.9062418702329498,29,30,201,317,0,0,201
060014213001016,,2.9067006021982658,20,20,0,0,0,0,0
060014213001017,,2.941542460985136,21,21,0,0,0,0,0
060014213002011,,3.936882937534878,28,19,195,307,0,0,195
060014213002015,Solano,4.1671851530622765,25,59,7,11,188,0,195
060014213004002,Solano,3.697190717511728,17,14,70,110,74,0,144
060014213001021,Solano,6.7889732504289,41,26,0,0,269,0,269
060014213002001,,3.8449597356290925,30,30,205,325,0,0,205
060014220002029,,2.292396623870893,0,0,0,0,0,0,0
060014220002003,,6.9226572618026365,2,3,0,0,606,0,606
060014240021011,,1.3321451114894882,9,17,59,95,0,0,59
060014227003003,College–Southside,3.97419585013642,17,71,0,0,219,0,219
060014228001004,,3.3559381857055723,1,66,0,0,350,0,350
060014228001007,,1.7522242599836693,2,14,0,0,196,0,196
060014228002001,Telegraph,1.7270195110740185,6,2,0,0,149,0,149
060014228002004,,0.6014544984910805,2,5,0,0,65,0,65
060014228001012,Telegraph,2.8063758173225968,9,42,0,0,479,0,479
060014228001011,,3.3477837081171558,1,63,0,0,359,0,359
060014229011003,,3.421421111794371,14,147,0,0,303,0,303
060014228003002,,1.0173328555003196,3,54,0,0,28,0,28
060014215001018,,2.87581242951487,17,17,0,0,0,0,0
060014225003011,,0.979031521372909,4,32,0,0,59,0,59
060014215003014,,5.743964592204258,29,22,0,0,0,0,0
060014220002064,,1.5547870601914042,9,16,60,96,0,0,60
060014220002066,,1.7593903160462172,9,6,62,98,0,0,62
060014212002001,,3.6020551456468692,13,13,0,0,0,0,0
060014213004008,,0.35682017083858675,0,0,0,0,0,0,0
060014214002006,,0.49865865980073965,0,0,0,0,0,0,0
060014211002014,,2.125353385999089,11,12,0,0,0,0,0
060014211002019,,7.783078200071307,45,45,0,0,0,0,0
060014240014002,,4.891203920761071,30,67,102,162,225,0,327
060014232001002,University,3.361868714860784,16,97,0,0,198,0,198
060014224004007,,0.2693448657992102,0,0,0,0,0,0,0
060014222002011,,0.2557540698185161,0,0,0,0,0,0,0
060014222001015,,0.4010520341212093,0,0,0,0,0,0,0
060014217001010,,4.705133568516295,31,91,165,261,40,0,205
060014237001002,,0.26637960122160426,0,0,0,0,0,0,0
060014212004004,,13.440555908762057,69,70,0,0,0,0,0
060014212002006,,8.371683218726094,51,53,0,0,0,0,0
060014230002000,,2.1290599667210963,13,35,85,137,0,0,85
060014220002032,,3.5140856298445584,2,1,0,0,0,0,0
060014220002023,,4.665596707481549,1,0,0,0,0,0,0
060014220002005,,0.2656382850772027,0,0,0,0,0,0,0
060014220002021,,0.3998165072138735,0,0,0,0,0,0,0
060014220002018,,4.864022328799682,25,0,0,0,1824,0,1824
060014220002019,,5.039220044259903,21,4,0,0,738,0,738
060014220002043,,3.0589175171820395,3,0,0,0,0,0,0
060014213004005,,6.007378928848256,34,37,236,372,0,0,236
060014213004004,,6.578192360037408,37,40,258,406,0,0,258
060014213004007,,5.261861992961818,30,32,208,328,0,0,208
060014212001011,,9.91856290671055,47,49,0,0,0,0,0
060014212001006,,5.221089605019737,35,31,0,0,0,0,0
060014212001002,,1.050692081998387,7,9,0,0,0,0,0
060014213001003,,6.936989373927732,38,40,7,11,0,0,7
060014213002003,,1.8436532511265205,15,15,104,164,0,0,104
060014213002004,,3.905500554088548,36,37,248,392,0,0,248
060014213002006,,1.8013982308956353,14,14,98,154,0,0,98
060014213002017,Solano,3.757484430589716,29,30,132,208,66,0,198
060014213002009,,2.7643679024731784,19,20,133,209,0,0,133
060014213002007,,2.4189145791820814,19,18,133,209,0,0,133
060014213001009,,4.555140601965726,32,32,0,0,0,0,0
060014213001001,,3.1884007370708343,19,19,0,0,0,0,0
060014213001002,,4.957428162994271,30,31,0,0,0,0,0
060014213001000,,4.488916359732525,18,18,0,0,0,0,0
060014212003008,,5.427175493163352,30,31,0,0,0,0,0
060014213001014,,3.7001559820893335,24,24,0,0,0,0,0
060014213001012,,3.734997840876204,21,22,21,33,0,0,21
060014213001015,,5.748412489070667,37,39,21,33,0,0,21
060014213002012,,3.8988287087889346,26,28,182,286,0,0,182
060014212004003,,1.5881462866894716,11,11,0,0,0,0,0
060014213001005,,1.1171634296130544,7,8,49,77,0,0,49
060014215001000,,5.446202607536324,13,14,0,0,0,0,0
060014215001007,,11.827699083925868,39,38,0,0,0,0,0
060014216003001,,3.808388139171952,0,0,0,0,0,0,0
060014216003006,,1.6551118450670734,9,13,0,0,0,0,0
060014215003023,,1.8945569597087566,10,13,0,0,0,0,0
060014215003010,,3.918844244687775,26,32,0,0,0,0,0
060014215003009,,4.211664121726366,22,22,0,0,0,0,0
060014215003013,,9.352197372387806,36,30,0,0,0,0,0
060014215002020,,4.440483704964961,19,19,0,0,0,0,0
060014215002005,,5.999965767404241,18,13,0,0,0,0,0
060014215002021,,2.6714562790415246,13,13,0,0,0,0,0
060014212002003,,7.137144732916136,35,33,0,0,0,0,0
060014215001002,,3.7147351995958964,15,11,0,0,0,0,0
060014216001010,,3.7384573162167443,17,16,0,0,0,0,0
060014220002002,,6.308106178093797,8,0,0,0,461,0,461
060014215003022,,6.716324268277554,23,29,0,0,0,0,0
060014216002006,,7.485069110021905,39,32,0,0,0,0,0
060019821001004,,1.9449664575280583,12,13,0,0,0,0,0
060014238002015,,0.526087357143595,4,4,0,0,0,0,0
060014240014015,,0.9194791244393222,5,11,34,54,0,0,34
060014240022003,,1.6224939347134075,13,14,68,108,0,0,68
060014008001024,,0.09093478037991684,0,0,0,0,0,0,0
060014227001004,,1.5238988875080086,18,10,0,0,0,0,0
060014212004001,,10.105127469718258,56,54,0,0,0,0,0
060014212001009,,4.412066586096237,29,29,0,0,0,0,0
060014211002023,,2.719641828427622,18,18,0,0,0,0,0
060014219004003,,4.326815229490065,37,42,253,401,0,0,253
060014223001006,,3.743893634609022,26,32,181,285,0,0,181
060014219002010,,3.782936284880834,22,19,153,241,0,0,153
060014224004002,,4.680917241132513,27,36,7,11,434,0,441
060014223003007,University,4.346089449244504,18,143,0,0,390,0,390
060014235002012,,6.124012668900758,40,88,215,343,164,0,379
060014221001013,,3.1631959881611835,22,23,152,240,0,0,152
060014220002052,,4.806940985680767,5,0,0,0,281,0,281
060014237001008,,4.34559523848157,2,168,0,0,0,0,0
060014223002008,,4.757272804005867,28,42,182,294,0,0,182
060014220002037,,3.494564304708652,4,2,0,0,240,0,240
060014222003008,,0.4121717762872318,0,0,0,0,0,0,0
060014216002012,,10.562519530813983,59,56,0,0,0,0,0
060014212003005,,7.4321885583879315,37,37,0,0,0,0,0
060014222003007,,9.367023695275837,66,103,296,468,370,0,666
060014237001001,,23.441404907501173,0,56,0,0,0,0,0
060014236011011,Telegraph,4.8225086247131985,31,69,136,216,142,0,278
060014225002000,,5.973525491587255,25,27,0,0,0,0,0
060014218002008,,4.649040646923249,28,34,191,303,0,0,191
060014220002016,,4.829674680775747,2,0,0,0,363,0,363
060014220002010,,0.38943808119225254,0,0,0,0,0,0,0
060014228001006,,3.482209035635294,1,24,0,0,363,0,363
060014237002017,,2.2264194870191596,10,15,0,0,94,0,94
060014239012000,,0.3862257112331794,0,0,0,0,0,0,0
060014219001010,,6.739799279516935,52,60,360,568,0,0,360
060014219002014,,1.9872214777589436,17,18,118,186,0,0,118
060014229022007,,4.275417310144895,11,129,0,0,616,0,616
060014220001072,,4.965582640582688,29,14,194,306,0,0,194
060014220002036,,3.9022881841294748,5,0,0,0,0,0,0
060014220002059,University,3.596124616491657,5,0,7,11,225,0,232
060014221001017,,3.1125393849604146,26,129,181,285,0,0,181
060014220001017,University,3.4725719257580745,12,120,39,63,146,0,185
060019821001008,,0.2952909308532626,0,0,0,0,0,0,0
060019821001003,,18.903067471475214,4,1,0,0,0,0,0
060014235001015,,0.3027040922972775,0,0,0,0,0,0,0
060014219002013,,1.9338467153620358,16,19,106,170,0,0,106
060014219002005,,3.9057476594700153,30,33,206,326,0,0,206
060014215001025,,2.975643003627605,13,11,0,0,0,0,0
060014216002003,,3.586981717377372,19,16,0,0,0,0,0
060014216002011,,7.326427455119985,36,43,0,0,0,0,0
060014233003012,,2.818978191777422,22,23,152,240,0,0,152
060014216004010,,2.2521184466917448,8,14,0,0,0,0,0
060014225001011,,3.2318912842090555,43,89,0,0,388,0,388
060014225003000,,3.8657165876723343,23,112,0,0,265,0,265
060014216001001,,12.66612764324396,72,72,0,0,0,0,0
060014225002003,,1.0526689250501242,4,8,0,0,0,4,4
060014228004003,,5.088641120553335,22,257,0,0,449,0,449
060014236021002,,4.991775811018207,22,154,138,222,16,0,154
060014227003001,College–Southside,5.3948046881911536,14,138,0,0,297,0,297
060014236022004,,1.0185683824076555,6,15,0,0,54,0,54
060014236011002,,13.61451809731494,13,61,82,130,325,0,407
060014220001016,,3.3336987013735273,5,152,0,0,225,0,225
060014220002067,,0.2621788097366624,0,0,0,0,0,0,0
060014220002058,,3.7031212466669396,3,0,0,0,239,0,239
060014239011029,,2.4700653931457848,14,15,52,84,70,0,122
060019821001016,,0.4695002247876141,0,0,0,0,0,0,0
060014240014013,,0.7677564202184827,0,0,0,0,0,0,0
060014239011028,,3.9030295002738766,29,49,133,213,133,0,266
060014239011026,,3.670750441694741,27,58,0,0,332,0,332
060014225002002,,2.8239202994067654,30,35,0,0,0,28,28
060014213002005,,2.9284458757673764,23,25,160,252,0,0,160
060014213002016,Solano,5.1867419569958,43,46,161,253,109,0,270
060014213001010,,1.5772736499049163,10,10,0,0,0,0,0
060014213001013,,3.1258830755596416,20,20,0,0,0,0,0
060014220001049,,2.5923825569720313,31,30,215,339,0,0,215
060014233002006,,3.6238004192159794,29,31,202,318,0,0,202
060014233002007,,8.616317546378587,70,78,482,762,0,0,482
060014233002010,,1.9686885741489062,12,13,7,11,136,0,143
060014240021003,,4.693766720968806,36,45,244,388,0,0,244
060014240011004,,4.43010527894334,29,41,122,194,155,0,277
060014237002011,,4.890462604616669,26,29,178,282,0,0,178
060014238003013,,5.625848219862953,33,38,217,345,0,0,217
060014238002006,,5.447191029062193,28,26,194,306,0,0,194
060014238002003,,2.176009989199858,13,12,0,0,0,0,0
060014224001005,University,3.3964634682661874,5,46,0,0,365,0,365
060014235001004,,5.130401930021287,1,0,0,0,365,0,365
060014235001002,,0.30319830306021184,0,0,0,0,0,0,0
060014223002015,,5.196379066873019,21,37,142,226,0,0,142
060014223002013,,2.437200377410652,24,50,166,262,0,0,166
060014230002002,,5.00289555318423,23,68,153,245,0,0,153
060014230002006,,4.932964730229021,36,72,240,384,0,0,240
060014234001009,,4.4948468888877375,30,45,170,270,53,0,223
060014224001006,,1.7969503340292263,1,8,0,0,0,0,0
060014217002010,,0.28219434563550283,0,2,0,0,0,0,0
060014217003008,,0.26193170435519525,0,0,0,0,0,0,0
060014223002011,,4.00211875824221,26,120,170,274,0,0,170
060014216003005,,1.0662597210308185,7,8,0,0,0,0,0
060014224001001,,7.574274152731552,2,0,0,0,612,0,612
060014213003016,,0.5782265926331669,5,5,14,22,16,0,30
060014212001003,,1.96226383423076,13,16,0,0,0,0,0
060014220001058,,13.850256631234616,5,54,0,0,1301,0,1301
060014220001009,,0.4447896866408976,0,0,0,0,0,0,0
060014220002047,,3.8405118387626835,2,0,0,0,0,0,0
060014220002017,,0.40031071797680784,0,0,0,0,0,0,0
060014215002010,,2.167361300848507,16,18,0,0,0,0,0
060014212004002,,20.4151053006728,72,77,14,22,0,0,14
060014212001012,,13.131921287309567,46,37,0,0,0,0,0
060014212002002,,4.996965024029017,19,19,0,0,0,0,0
060014212002024,,0.7482350950825766,0,0,0,0,0,0,0
060014211002018,,3.6475225358368273,21,19,0,0,0,0,0
060014213001019,,3.0947477974947786,19,19,21,33,0,0,21
060014213001020,,5.964876803235904,31,31,0,0,0,0,0
060014213002000,,4.843018371374973,34,37,237,373,0,0,237
060014213002010,,1.3996048806300245,10,20,55,87,11,0,66
060014213001011,,1.981785159366666,11,10,0,0,0,0,0
060014240014003,,4.14766382792637,21,80,87,139,144,0,231
060014233001002,,3.9885279622615157,31,36,214,338,0,0,214
060014230003005,,0.6998024403150123,0,0,0,0,0,0,0
060014216001008,,7.6595255093377235,36,32,0,0,0,0,0
060014227001003,,26.136830408545013,84,149,0,0,0,9,9
060014236011006,,4.809659144876906,37,53,251,399,0,0,251
060014236012009,,5.106432708018971,5,5,33,53,0,0,33
060014236012013,Telegraph,3.621329365401308,15,21,42,66,189,0,231
060014239022003,,0.27058039270654605,0,0,0,0,0,0,0
060014236012012,,0.2582251236331878,0,0,0,0,0,0,0
060014237002005,College–Elmwood,4.623835898013597,33,73,224,356,0,0,224
060014232001001,University,1.9276690808253567,10,30,6,10,92,0,98
060014219001013,,2.113492327688665,14,25,55,87,36,0,91
060014218001002,,28.660023458706238,53,92,361,573,0,0,361
060014222001010,,3.6771751816128875,1,0,0,0,455,0,455
060014218002021,,1.4897983448655399,11,13,75,119,0,0,75
060014222002004,,4.10145512159201,29,69,197,313,0,0,197
060014231001003,University,2.963534839935714,12,15,6,10,299,0,305
060014231003004,,4.57046113561669,34,58,224,360,0,0,224
060014222001004,,3.3994287328437935,28,34,188,300,0,0,188
060014215001023,,5.209969862853714,17,16,0,0,0,0,0
060014216003007,,1.941506982187518,8,11,0,0,0,0,0
060014216004003,,4.7046393577533605,26,32,0,0,0,0,0
060014225003007,,3.0512572503565574,16,40,0,0,164,0,164
060014216002010,,10.876096259895816,37,35,0,0,0,0,0
060014225002005,,2.437200377410652,50,83,0,0,0,48,48
060014236021003,,5.0135210845873175,26,135,131,211,0,0,131
060014236021005,,1.9079006503079836,15,30,97,157,0,0,97
060014213001004,,3.597113038017526,30,31,210,330,0,0,210
060014231001014,,3.6314606860414615,22,41,146,234,0,0,146
060014231003002,,7.53523150245974,64,76,441,697,0,0,441
060014216003011,,7.84732559925277,53,74,0,0,0,0,0
060014216002007,,6.956757804445106,33,28,0,0,0,0,0
060014238001013,,25.220316548683297,61,62,0,0,0,0,0
060014212001008,,1.9479317221056642,11,15,0,0,0,0,0
060014211001000,,10.44761552843175,34,33,0,0,0,0,0
060014212002007,,13.4296832719775,59,61,0,0,0,0,0
060014212002016,,4.469889245359553,26,26,0,0,0,0,0
060014232002003,,0.3484185878687031,0,0,0,0,0,0,0
060014236023000,College–Southside,5.615716899222799,54,111,372,588,0,0,372
060014229012003,,5.448920766732463,34,254,0,0,823,0,823
060014236023008,,2.950438254717954,20,38,120,192,0,0,120
060014221002001,,2.93338798339672,18,28,7,11,169,0,176
060014218001009,,2.938082985644596,25,33,169,269,0,0,169
060014220001030,,1.4658291228632248,7,12,0,0,90,0,90
060014233003014,,5.095065860471482,36,88,245,389,0,0,245
060014240022004,,2.9615579968839767,21,30,142,226,0,0,142
060014229021007,,5.210958284379583,24,192,0,0,265,0,265
060014217001009,,0.3370517403212135,0,0,0,0,0,0,0
060014231001008,,2.9613108915025093,17,22,47,75,140,0,187
060014230001003,University,1.1816579341759845,2,49,0,0,27,0,27
060014234003010,,3.48344456254263,24,41,158,254,0,0,158
060014218002000,,0.6019487092540148,10,12,63,99,3,0,66
060014222003015,,0.7655324717852782,0,0,0,0,0,0,0
060014222002000,,3.2333739164978583,26,28,178,282,0,0,178
060014231004001,,4.271957834804354,38,50,225,357,0,0,225
060014216001006,,2.731008675975111,11,10,0,0,0,0,0
060014222001019,,3.7404341592684816,35,38,242,382,0,0,242
060014215001027,,0.9852091559095881,5,6,0,0,0,0,0
060014216003014,,3.5471977509611583,18,20,0,0,0,0,0
060014225001007,,1.225395586695673,9,11,0,0,0,0,0
060014236011004,Telegraph,1.8359929843010385,11,22,0,0,98,0,98
060014220001060,,0.47666628085016194,1,0,0,0,0,0,0
060014213002014,Solano,7.064989961527724,9,2,7,11,75,0,82
060014222003010,,1.7003321298755647,4,37,0,0,171,0,171
060014211001001,,4.451109236368049,22,21,0,0,0,0,0
060014212003011,,4.790879135885401,29,29,0,0,0,0,0
060014213001006,,1.5016594031759638,13,14,90,142,0,0,90
060014219002011,,2.609432828293266,2,0,14,22,0,0,14
060014238003014,,6.12129450970462,54,51,361,569,0,0,361
060014224003007,,4.7958212435147445,32,149,212,340,0,0,212
060014240014004,,0.3612680677049957,1,0,0,0,17,0,17
060014239012001,,5.5415852847826494,38,73,254,406,0,0,254
060014231001005,University,5.4343415492259,24,182,0,0,517,0,517
060014236011001,,5.520334221976474,32,78,216,344,0,0,216
060014215001021,,8.17770549427437,38,36,0,0,0,0,0
060014216002004,,3.5877230335217734,13,11,0,0,0,0,0
060014222003000,,3.2002617953812584,30,36,202,322,0,0,202
060014217001017,,4.5855345638861875,23,30,0,0,0,0,0
060014228001002,Telegraph,3.2170649613210256,10,111,0,0,222,0,222
060014224003000,,5.105938497256037,37,78,198,314,130,0,328
060014237003004,College–Southside,4.215123597066906,27,69,178,286,0,0,178
060014231002004,,4.6777048711734395,32,42,214,342,0,0,214
060014239012008,,4.787666765926328,33,60,222,354,0,0,222
060014212001010,,2.6148691466855434,13,13,0,0,0,0,0
060014225001006,,2.8345458308098537,35,73,0,0,0,0,0
060014223002014,,2.5469151667820733,5,6,33,53,0,0,33
060014218002004,,1.5466325826029879,5,5,6,10,82,0,88
060014234002008,,3.863245533857663,32,43,188,300,0,0,188
060014220002014,,2.258296081228424,8,0,0,0,168,0,168
060014232001000,,1.5152501991566578,6,0,0,0,138,0,138
060014220001047,,1.1774571426910427,4,24,0,0,79,0,79
060014230003015,,2.2382805453295838,17,30,74,118,68,0,142
060014225002001,,3.519274842855369,18,21,0,0,0,7,7
060014215003012,,5.554928975381877,11,13,0,0,0,0,0
060014216002009,,10.386827604590827,28,28,0,0,0,0,0
060014215003007,,4.237115976017484,26,27,0,0,0,0,0
060014228002003,Telegraph,1.433458317891026,5,110,0,0,129,0,129
060014232002010,,4.9319763087031525,35,69,211,339,21,0,232
060014215001020,,6.48478652584282,32,30,0,0,0,0,0
060014212002014,,1.3543845958215333,5,4,0,0,0,0,0
060014239011000,,0.6849761174269823,4,5,0,0,59,0,59
060014231001002,University,4.293950213754932,21,138,0,0,450,0,450
060014232002002,,4.855126535066865,37,75,239,387,0,0,239
060014240012002,,2.2891842539118197,23,35,155,247,0,0,155
060014240022001,,4.414043429147974,35,48,234,374,0,0,234
060014223003002,,4.572685084049894,23,51,160,252,0,0,160
060014231001010,,3.572155394489342,13,18,90,142,0,0,90
060014228002002,,3.3322160690847245,1,80,0,0,319,0,319
060014220001011,University,80.29244581088896,32,1,0,0,2457,0,2457
060014211002012,,1.625953410053948,11,11,0,0,0,0,0
060014215003008,,1.451249905356662,8,7,0,0,0,0,0
060014223002012,,0.790737220694929,6,9,40,64,0,0,40
060014240013005,,0.29430250932739394,0,0,0,0,0,0,0
060014240013008,,5.093583228182679,36,66,238,382,0,0,238
060014235001013,,5.037490306589633,1,0,7,11,0,0,7
060014235003005,,0.3785654444076973,0,0,0,0,0,0,0
060014235003001,,3.0045543332592635,1,1,0,0,252,0,252
060014239012006,,3.759955484404388,33,51,125,201,154,0,279
060014234003009,,3.7807123364476296,25,48,166,266,0,0,166
060014220001048,,1.6281773584871524,12,12,42,66,85,0,127
060014220001061,,2.164396036270901,6,0,0,0,32,0,32
060014233003001,,13.9248824564377,1,0,7,11,0,0,7
060014234004006,,3.8924039688707883,29,53,128,204,103,0,231
060014240022000,,3.9954469129425965,27,38,98,158,143,0,241
060014238003004,,2.5110848864693343,10,10,69,109,0,0,69
060014238002014,,9.494035861349959,54,53,0,0,0,0,0
060014229022006,,2.146110238042331,1,0,0,0,336,0,336
060014235001011,,5.350819930289998,27,170,118,190,281,0,399
060014223003012,,0.5920644939953281,0,0,0,0,0,0,0
060014224002013,,0.5110139288740979,0,0,0,0,0,0,0
060014230002013,,5.073567692283839,37,72,252,400,0,0,252
060014229023000,,5.246788564692322,16,98,0,0,929,0,929
060014230003006,,0.7857951130655858,0,0,0,0,0,0,0
060014217001006,,5.802034356849042,31,59,210,334,0,0,210
060014224003003,,0.28960750707951777,0,0,0,0,0,0,0
060014217002000,,4.9408721024359705,39,71,14,22,0,23,37
060014231004004,,5.379237049158722,34,65,238,374,0,0,238
060014223003013,,0.2651440743142684,0,0,0,0,0,0,0
060014237001009,,4.564283501080011,19,19,133,209,0,0,133
060014239012002,,5.642157175039786,38,77,251,403,0,0,251
060014239021004,,5.4775849909826535,36,75,237,381,0,0,237
060014222001001,,5.0229110890830695,27,26,185,293,0,0,185
060014218002007,,3.644063060496287,23,25,157,249,0,0,157
060014223001012,,0.3212369959073149,0,0,0,0,0,0,0
060014240022011,,0.2604490720663923,0,12,0,0,0,0,0
060014234003002,,4.927528411836744,36,50,246,390,0,0,246
060014220002027,,3.4859156163573015,1,0,0,0,0,0,0
060014219001004,,4.457039765523261,33,35,229,361,0,0,229
060014234004007,,5.696026148199628,35,94,229,369,0,0,229
060014234004001,,5.3676230962297655,17,24,116,184,0,0,116
060014240011007,,5.671315610052911,34,100,228,364,0,0,228
060014238001010,,8.323003458577062,17,13,0,0,0,0,0
060014221002032,,0.3150593613706358,0,0,0,0,0,0,0
060014240011002,,4.62803668949854,1,0,7,11,0,0,7
060014240014009,Adeline,3.5667190760970646,17,33,0,0,320,0,320
060014235002006,Adeline,3.3591505556646455,5,43,0,0,284,0,284
060014235003007,Adeline,5.32363833832861,32,74,7,11,392,0,399
060014235003008,,1.2664150800192224,0,0,0,0,0,0,0
060014239011012,,0.37535307444862415,0,0,0,0,0,0,0
060014234002009,,4.888238656183464,31,53,211,335,0,0,211
060014234003000,,3.7774999664885565,27,54,177,285,0,0,177
060014240012003,,5.554187659237475,37,103,250,398,0,0,250
060014238001001,,3.648263851981229,10,10,0,0,0,0,0
060014238001011,,1.5384781050145713,3,1,0,0,0,0,0
060014238002007,,3.9942113860352606,22,22,0,0,0,0,0
060014222003005,,3.270192618336466,25,29,173,273,0,0,173
060014231003007,,0.5337476239690772,0,0,0,0,0,0,0
060014222001006,,3.0282764498801114,17,29,113,181,0,0,113
060014216001003,,9.071485659041107,56,58,0,0,0,0,0
060014216004002,,3.421174006412904,17,18,0,0,0,0,0
060014225003009,,3.853361318598976,2,3,0,0,300,0,300
060014225002007,,2.603749404519521,11,1,0,0,133,0,133
060014228001013,,2.0151443858647333,0,93,0,0,0,0,0
060014236023002,,5.77954776713553,39,135,260,416,0,0,260
060014232002014,,0.3014685653899417,0,1,0,0,0,0,0
060014220001027,,5.021428456794267,2,1,0,0,390,0,390
060014219001007,,4.724654893652201,39,38,235,375,27,0,262
060014220002070,,0.26267302049959673,0,0,0,0,0,0,0
060014220001020,,4.715017783774981,4,0,0,0,79,0,79
060014222003003,,0.3224725228146508,0,0,0,0,0,0,0
060014215001004,,2.2113460587496627,8,8,0,0,0,0,0
060014215003001,,7.1230597261725075,31,29,0,0,0,0,0
060014220002053,,4.798539402710883,7,7,0,0,352,0,352
060014220002001,,1.6239765670022106,5,1,0,0,105,0,105
060014221001014,,1.79052559411108,12,11,0,0,130,0,130
060014219002016,,0.8950156916740728,8,9,55,87,0,0,55
060014215003000,,5.505260793706976,28,22,0,0,0,0,0
060014221001004,,3.2385631295086688,19,46,91,147,46,0,137
060014221001020,,1.512779145341986,13,14,91,143,0,0,91
060014219004004,,3.837793679566545,31,34,212,336,0,0,212
060014219003008,,0.45936890414746034,0,0,0,0,0,0,0
060014219003004,,2.5550696443704894,18,20,121,193,0,0,121
060014222001024,,0.566365534322743,0,0,0,0,0,0,0
060014221002024,University,3.6346730560005347,26,27,97,153,126,0,223
060014219002009,,0.29380829856445956,0,0,0,0,0,0,0
060014227002002,,4.53290111763368,11,54,0,0,246,0,246
060014222001014,,6.0399968392019225,3,0,0,0,1025,0,1025
060014222001000,,0.2646498635513341,0,0,0,0,0,0,0
060014223003010,University,4.602831940588889,53,219,7,11,1686,0,1693
060014229021004,,18.933708538777143,4,11,0,0,1330,0,1330
060014240022008,,3.8852379128082406,30,93,127,203,281,0,408
060014237001006,,0.41019493323549444,0,0,0,0,0,0,0
060014217001007,,4.815342568650651,29,43,193,309,0,0,193
060014219004011,,0.5547515813937862,0,0,0,0,0,0,0
060014220002008,,5.16054878656028,1,0,0,0,388,0,388
060014216002008,,4.926045779547941,25,24,0,0,0,0,0
060014212002015,,3.2081691675882076,13,14,0,0,0,0,0
060014214001007,,0.5347360454949458,0,3,0,0,0,0,0
060014234004005,,0.6091147653165625,0,0,0,0,0,0,0
060014240011005,,0.6985669134076764,0,1,0,0,0,0,0
060014240013006,,0.3565730654571196,1,0,0,0,7,0,7
060019821001005,,22.92816703019387,2,11,0,0,38,0,38
060014240014006,,0.2866422425019118,0,0,0,0,0,0,0
060014240013003,,5.215900392008926,29,109,186,302,0,0,186
060014240014007,,0.3222254174331836,0,0,0,0,0,0,0
060014240011001,,4.585040353123253,34,61,211,339,0,0,211
060014240012001,,2.267686085724176,17,29,111,179,0,0,111
060014240013002,,2.258543186609891,15,39,102,162,0,0,102
060014240013001,,2.3087055790477256,15,31,85,137,27,0,112
060014240012006,,2.8483837321720147,19,34,73,117,90,0,163
060014240013000,Adeline,4.096265908581199,21,59,7,11,291,0,298
060014240014008,,4.855620745829799,29,68,71,115,317,0,388
060014240014000,Adeline,3.0611414656152443,20,7,0,0,280,0,280
060014235002004,,5.112610342555651,2,12,14,22,0,0,14
060014235002005,,5.081227959109321,32,48,219,347,0,0,219
060014235001014,,5.270510681313169,3,0,7,11,51,0,58
060014235002003,,4.893427869194275,3,0,0,0,395,0,395
060014235002013,Adeline,2.4426366958029293,13,32,40,64,240,0,280
060014235002014,,5.036501885063764,37,64,250,398,0,0,250
060014235003004,,4.994741075595813,24,51,143,231,14,0,157
060014234004010,,4.63495564017962,32,84,149,237,127,0,276
060014240011000,,4.568978503327887,28,46,7,11,356,0,363
060014239011011,,0.9123130683767744,0,0,0,0,0,0,0
060014235002001,,2.1129981169257306,10,35,7,11,123,0,130
060014235002009,,6.243858778912333,45,57,250,398,212,0,462
060014235002008,Adeline,0.8878496356115251,1,1,0,0,33,0,33
060014235002010,,0.898228061633146,0,0,0,0,0,0,0
060014235002011,Adeline,2.008966751328054,1,0,0,0,143,0,143
060014235003003,Adeline,1.3548788065844675,1,91,0,0,79,0,79
060014235003002,,0.790737220694929,0,0,0,0,0,0,0
060014239011001,Adeline,3.9405895182568855,23,68,0,0,270,0,270
060014235003011,,1.3832959254531916,3,0,0,0,138,0,138
060014239012004,,0.35163095782777626,0,0,0,0,0,0,0
060014240012000,,2.271886877209118,16,31,7,11,158,0,165
060014239011008,,0.3570672762200539,0,0,0,0,0,0,0
060014239011023,,0.6797869044161718,0,0,0,0,0,0,0
060014240012007,Adeline,1.6882239661836735,7,54,0,0,84,0,84
060014239011020,,0.4255154668864587,0,1,0,0,0,0,0
060014239011017,,0.6147981890903074,4,4,0,0,53,0,53
060014239012005,,3.6359085829078706,26,37,107,171,116,0,223
060014239012007,,3.799492345439134,33,45,113,181,195,0,308
060014233003008,,2.8147774002924804,23,31,160,252,0,0,160
060014220001065,,9.326251307333754,30,5,0,0,593,0,593
060014233001011,,4.870199963336361,34,40,231,367,0,0,231
060014233002001,,4.998200550936353,35,50,238,378,0,0,238
060014233001008,,4.985351071100061,30,50,178,286,0,0,178
060014233001010,,4.8958989230089465,28,54,191,303,0,0,191
060014233002000,,4.927775517218211,25,45,171,271,0,0,171
060014233003000,,4.133331715801274,36,41,244,388,0,0,244
060014233003011,,1.7534597868910051,13,15,90,142,0,0,90
060014233002008,,4.798786508092351,30,46,209,329,0,0,209
060014234002006,,0.3419938479505568,0,0,0,0,0,0,0
060014234003004,,0.31753041518530745,0,0,0,0,0,0,0
060014233002009,,7.119106040069033,40,128,202,322,144,0,346
060014232002011,,5.092347701275343,31,77,183,295,30,0,213
060014233002014,,2.977125635916408,22,61,149,237,0,0,149
060014233002013,,1.9291517131141598,13,29,81,129,3,0,84
060014234003005,,0.3125883075559642,0,0,0,0,0,0,0
060014234004004,,0.3862257112331794,0,0,0,0,0,0,0
060014233003010,,1.1468160753891143,9,10,62,98,0,0,62
060014240021009,,4.728855685137143,44,56,274,434,0,0,274
060014240022002,,1.0810860439188483,8,9,54,86,0,0,54
060014240021001,,4.0221342941410505,32,44,207,327,23,0,230
060014234004012,,4.4763139852777,36,50,162,258,153,0,315
060014240011006,,4.31940206804605,28,74,91,147,233,0,324
060014240022005,,2.938330091026063,23,33,157,249,0,0,157
060014240022014,,0.26119038821079377,0,0,0,0,0,0,0
060014240022006,,3.2706868290994002,27,36,66,106,199,0,265
060014240022007,,3.3519844996020978,23,26,82,130,145,0,227
060014237002008,,3.491351934749579,25,39,166,266,0,0,166
060014237002006,,9.073215396711376,45,52,305,485,0,0,305
060014237002007,,3.3477837081171558,26,40,173,277,0,0,173
060014238003008,College–Elmwood,12.56852101756443,87,132,567,899,8,0,575
060014238003003,,4.0495629914839055,32,33,222,350,0,0,222
060014237002012,,4.99152870563674,20,21,137,217,0,0,137
060014237002018,,7.312589553757824,38,62,256,404,13,0,269
060014238003002,,2.923009557375099,28,26,196,308,0,0,196
060014238003011,,2.9526622031511587,25,28,172,272,0,0,172
060014238003009,,7.660019720100658,30,31,209,329,0,0,209
060014238002008,,6.674316353428136,36,37,252,396,0,0,252
060014238003016,College–Elmwood,2.1982494735319027,13,22,47,75,38,0,85
060014238003015,,0.6911537519636615,5,6,21,33,0,0,21
060014238002004,,17.64283002599267,72,72,0,0,0,0,0
060014238002011,,3.5447266971464866,14,15,0,0,0,0,0
060014237002014,,3.715229410358831,15,14,105,165,0,0,105
060014238003010,,1.6108799817844508,11,21,68,108,9,0,77
060014238002000,,0.6872000658601868,1,0,0,0,0,0,0
060014231004000,,3.97246611246615,36,47,130,206,150,0,280
060014230003017,,0.8208840772339232,0,0,0,0,0,0,0
060014230003009,,5.207993019801976,35,45,240,380,0,0,240
060014230003010,,5.020934246031333,37,43,251,399,0,0,251
060014234001004,,0.35385490626098076,0,0,0,0,0,0,0
060014234001002,,4.757519909387334,28,81,191,303,0,0,191
060014218001006,,5.033042409723223,34,58,233,369,0,0,233
060014218001001,,2.4428838011843963,17,18,117,185,0,0,117
060014214002011,,1.6902008092354108,8,9,55,87,0,0,55
060014217001005,,4.253919141957251,5,0,35,55,0,0,35
060014217001011,,4.983621333429791,48,63,264,424,0,0,264
060014217002008,,5.04465636265218,41,63,274,438,0,0,274
060014223001003,,2.5402433214824596,23,42,153,245,0,0,153
060014223001004,,2.605973352952726,17,40,112,180,0,0,112
060014223001002,,5.071590849232101,36,68,244,388,0,0,244
060014223001008,,2.3981577271388397,17,24,114,182,0,0,114
060014223001009,,2.4468374872878713,17,42,113,181,0,0,113
060014223002001,,4.120482235964982,32,71,181,289,33,0,214
060014217001003,,5.274464367416644,41,45,0,0,0,24,24
060014217001012,,4.440483704964961,51,61,352,556,0,0,352
060014217002007,,5.061953739354882,39,96,257,409,18,0,275
060014217003005,,4.971018958974965,32,89,216,344,0,0,216
060014217002006,,3.877083435219824,7,13,0,0,275,0,275
060014217002004,,0.9091006984177012,1,0,0,0,20,0,20
060014217003004,,5.030571355908552,16,25,7,11,433,0,440
060014217001016,,4.273687572474625,29,47,6,10,0,3,9
060014217002001,,5.080980853727853,46,63,313,497,0,0,313
060014224003001,,5.027358985949479,36,96,239,383,0,0,239
060014224003005,,5.127683770825148,32,87,153,245,138,0,291
060014224003008,,4.780994920626715,31,87,167,267,132,0,299
060014224002001,,2.479949608404471,10,16,64,104,0,0,64
060014232001013,,2.3116708436253317,12,27,13,21,158,0,171
060014231001007,,0.5856397540771818,0,0,0,0,0,0,0
060014222001007,,2.8973105977025133,22,37,146,234,0,0,146
060014213003013,,5.2581554122398115,32,45,158,250,81,0,239
060014219001000,,13.036785715444708,78,99,493,785,0,0,493
060014213004010,,3.9235392469356514,24,24,168,264,0,0,168
060014218002010,,1.1564531852663338,6,11,42,66,0,0,42
060014213003010,,8.344748732146174,47,69,248,392,143,0,391
060014213003009,,4.801010456525555,30,38,204,324,0,0,204
060014213003006,,5.582851883487666,33,35,230,362,0,0,230
060014213003015,,0.3592912246532584,0,0,0,0,0,0,0
060014218002011,,0.892297532477934,6,6,42,66,0,0,42
060014218002005,,5.830451475717766,45,58,312,492,0,0,312
060014219002001,,5.121259030907002,2,0,14,22,0,0,14
060014219002018,,1.1431094946671068,10,10,70,110,0,0,70
060014219002019,,2.981573532782817,23,25,159,251,0,0,159
060014219002020,,3.137002817725664,29,29,203,319,0,0,203
060014223001011,,0.3802951820779674,0,0,0,0,0,0,0
060014222001012,,5.1135987640815195,31,31,216,340,0,0,216
060014222001013,,1.9335996099805688,16,16,112,176,0,0,112
060014218002012,,3.287737100420635,21,25,143,227,0,0,143
060014218002016,,3.3974518897920563,22,22,153,241,0,0,153
060014223001005,,5.089382436697737,33,37,225,357,0,0,225
060014218002017,,3.9195855608321764,25,25,174,274,0,0,174
060014218002006,,2.9855272188862916,24,27,166,262,0,0,166
060014218002019,,3.009990651651541,22,24,153,241,0,0,153
060014218002020,,2.3801190342917367,18,19,125,197,0,0,125
060014220002068,,0.4242799399791229,0,0,0,0,0,0,0
060014220002060,,3.459969551303249,13,45,119,187,0,0,119
060014221002005,,4.981397384996586,36,44,201,321,0,0,201
060014221002010,,5.254943042280738,1,0,7,11,0,0,7
060014221002027,,0.2950438254717954,0,0,0,0,0,0,0
060014220001015,University,5.563824769114695,8,137,0,0,395,0,395
060014221002030,,0.3135767290818328,0,0,0,0,0,0,0
060014220001013,,19.87270898835237,10,1,0,0,693,0,693
060014220001018,,4.106891439984288,49,44,337,533,0,0,337
060014220001014,,14.834477365618337,9,1,0,0,696,0,696
060014220001023,,4.7038980416089595,11,0,0,0,314,0,314
060014220001024,,4.710569886908573,37,27,7,11,1058,0,1065
060014220001012,,7.386474062816506,1,0,0,0,0,0,0
060014221002011,,4.820284676279994,30,49,204,324,0,0,204
060014221002020,,3.519274842855369,22,51,143,231,0,0,143
060014221002031,,0.30888172683395665,0,0,0,0,0,0,0
060014232001007,,0.2646498635513341,0,0,0,0,0,0,0
060014221002018,University,2.382342982724941,10,45,7,11,125,0,132
060014222003009,,0.4695002247876141,0,0,0,0,0,0,0
060014232001003,,0.25847222901465494,0,0,0,0,0,0,0
060014231001006,,0.30122146000847455,0,0,0,0,0,0,0
060014211001008,,8.873060037722972,49,51,0,0,0,0,0
060014215002016,,2.5175096263874805,13,14,0,0,0,0,0
060014215002000,,2.612892303633806,16,18,0,0,0,0,0
060014215001016,,3.664572807158062,18,20,0,0,0,0,0
060014215001013,,2.1713149869519817,10,10,0,0,0,0,0
060014215001019,,4.0404200923696205,24,24,0,0,0,0,0
060014215002006,,7.879943509606435,31,34,0,0,0,0,0
060014215002004,,3.065342257100186,13,15,0,0,0,0,0
060014215002015,,10.338394949823263,39,47,0,0,0,0,0
060014215003017,,3.7431523184646203,24,26,0,0,0,0,0
060014215002019,,5.423963123204279,26,11,0,0,0,0,0
060014215003021,,3.956157157289317,18,24,0,0,0,0,0
060014215003002,,5.849478590090738,33,29,0,0,0,0,0
060014215003005,,5.741246433008119,26,26,0,0,0,0,0
060014215001012,,9.095454881043421,41,40,0,0,0,0,0
060014215001009,,6.200368231774113,32,31,0,0,0,0,0
060014222003012,University,2.5357954246160506,12,80,14,22,140,0,154
060014224002012,University,2.371717451321853,13,13,0,0,169,0,169
060014239011013,,0.6298716173598045,0,0,0,0,0,0,0
060019821001010,,0.43564678752661246,0,0,0,0,0,0,0
060019821001002,,0.4492375835073066,0,0,0,0,0,0,0
060014216001005,,4.772593337656831,20,18,0,0,0,0,0
060014237002015,,1.8273442959496877,3,2,21,33,0,0,21
060014238001008,,1.101595790580623,0,0,0,0,0,0,0
060014224004006,,4.432823438139479,25,283,0,0,455,0,455
060014213003000,Solano,6.7136061090814145,35,41,189,297,84,0,273
060014230001012,,4.979420541944848,17,36,113,181,0,0,113
060014229011002,,0.8221196041412591,1,98,0,0,64,0,64
060014233001006,,4.45802818704913,28,60,104,164,161,0,265
060014239011007,Adeline,1.7020618675458348,6,16,0,0,117,0,117
060014229011004,,4.409842637663033,12,227,0,0,315,0,315
060014239011006,Adeline,5.628813484440559,9,13,6,10,611,0,617
060014239011014,Adeline,4.594183252237538,23,44,69,109,260,0,329
060019821001009,,0.32963857887719855,0,0,0,0,0,0,0
060014224003002,,4.963852902912417,35,86,195,311,50,0,245
060014224004009,,2.2039328973056476,37,136,0,0,512,0,512
060014224001002,,4.336946550130219,2,61,0,0,390,0,390
060014213004000,Solano,4.124930132831391,26,22,90,142,154,0,244
060014217002009,,4.954957109179599,32,72,157,253,63,0,220
060014213003001,Solano,5.583593199632068,22,17,117,185,111,0,228
060014220001035,,3.99075191069472,6,2,0,0,283,0,283
060014240021010,,2.221477379389816,15,32,79,127,47,0,126
060014215001026,,0.611338713749767,0,0,0,0,0,0,0
060014236012007,Telegraph,5.42915233621509,32,61,164,260,105,0,269
060014239021000,,0.681516642086442,0,0,0,0,0,0,0
060014213004013,,4.205733592571154,29,31,201,317,0,0,201
060014222001023,,3.8494076324955016,26,41,0,0,246,0,246
060014224002004,,1.2879132482068658,14,32,94,150,0,0,94
060014213004003,Solano,4.076003267300893,28,18,76,120,152,0,228
060014236022003,,4.935929994806627,17,320,27,43,226,0,253
060014236023010,Telegraph,2.4713009200531206,30,29,27,43,379,0,406
060014220001003,University,242.2146717571672,10,2,0,0,0,0,0
060014220001005,,91.19374681969443,3,53,0,0,0,0,0
060014233001005,,0.49569339522313366,0,0,0,0,0,0,0
060014220001041,,2.4381887989365203,1,0,7,11,0,0,7
060014220001054,,5.128672192351017,20,16,139,219,0,0,139
060014220001055,,5.2139235489571885,30,30,202,322,0,0,202
060014220001056,,2.9286929811488434,14,7,6,10,234,0,240
060014220001071,,2.707039453972796,1,0,0,0,115,0,115
060014233001007,,4.057717469072322,25,38,168,268,0,0,168
060014233003005,,0.7744282655180962,0,0,0,0,0,0,0
060014233003002,,4.324838386438327,38,42,262,414,0,0,262
060014233003003,,4.427634225128668,38,43,262,414,0,0,262
060014233003007,,2.798468445115647,24,25,165,261,0,0,165
060014230002005,,4.965582640582688,35,70,237,377,0,0,237
060014230002011,,4.988563441059133,36,56,246,390,0,0,246
060014234001005,,0.33878147799148367,0,0,0,0,0,0,0
060014234001001,,4.673998290451432,34,62,230,366,0,0,230
060014234001008,,4.925551568785006,37,70,247,395,0,0,247
060014230002012,,5.028347407475347,30,76,205,325,0,0,205
060014230002009,,2.8436887299241387,24,40,163,259,0,0,163
060014224002011,,1.3709406563798332,3,106,21,33,0,0,21
060014224002014,,0.5008826082339441,0,0,0,0,0,0,0
060014224002007,,1.9209972355257432,11,7,0,0,237,0,237
060014229023001,,5.638944805080713,10,2,0,0,999,0,999
060014229023002,,2.714205510035344,4,1,0,0,313,0,313
060014229023004,,5.413090486419724,9,181,0,0,513,0,513
060014239022013,Telegraph,0.6988140187891435,7,8,28,44,12,0,40
060014239022006,Telegraph,2.92202113584923,17,48,0,0,243,0,243
060014239022007,Telegraph,2.163901825507967,32,14,0,0,1806,0,1806
060014239022009,Telegraph,2.51405015104694,29,30,46,74,709,0,755
060014236011010,,0.26415565278839975,0,0,0,0,0,0,0
060014236012003,,4.971018958974965,31,72,193,309,16,0,209
060014236012002,,4.589735355371129,50,66,345,545,0,0,345
060014239021005,,8.071203074862021,47,64,290,462,25,0,315
060014236011013,,5.02637056442361,28,61,189,301,0,0,189
060014236011014,College–Elmwood,4.655465386841395,33,58,171,271,51,0,222
060014236012001,,4.288513895362654,33,54,220,352,0,0,220
060014237002009,College–Elmwood,3.3848495153372307,22,57,94,150,81,0,175
060014239021001,,2.49922382815891,20,19,135,215,0,0,135
060014239021003,College–Elmwood,5.3231441275656755,47,81,305,489,6,0,311
060014238003020,College–Elmwood,0.4850678638200456,2,2,0,0,21,0,21
060014239022015,,3.395475046740319,27,34,182,290,0,0,182
060014239022008,,5.5171218520174,29,52,182,290,0,0,182
060014219002004,,1.8797306368207267,17,17,119,187,0,0,119
060014219002003,,2.9736661605758674,22,23,154,242,0,0,154
060014222001008,,2.8550555774716284,18,25,123,195,0,0,123
060014215001024,,0.4418244220632916,0,0,0,0,0,0,0
060014215002022,,9.961065032322901,54,47,0,0,0,0,0
060014215001028,,9.482421908421003,44,39,0,0,0,0,0
060014216002002,,26.53615270499595,98,88,0,0,0,0,0
060014215001017,,5.960923117132429,27,27,0,0,0,0,0
060014216002000,,4.517333478601249,27,28,0,0,0,0,0
060014216004005,,4.955945530705468,39,60,0,0,0,0,0
060014216003013,,6.787737723521564,39,42,0,0,0,0,0
060014216003015,,3.660124910291653,17,17,0,0,0,0,0
060014216004004,,5.198603015306224,30,37,0,0,0,0,0
060014215003011,,4.558105866543332,18,27,0,0,0,0,0
060014215003019,,15.536503754366553,6,0,0,0,0,0,0
060014216004001,,2.8476424160276133,18,18,0,0,0,0,0
060014216002005,,15.602727996599754,79,69,0,0,0,0,0
060014216004008,,5.534666334101569,50,53,0,0,0,0,0
060014225001010,,4.024358242574254,22,24,152,240,0,0,152
060014225001009,,0.6832463797567121,12,14,0,0,0,0,0
060014225003005,,10.600326654178458,67,251,84,132,358,0,442
060014225001012,,4.1770693683209625,32,128,0,0,257,0,257
060014225003002,,1.0368541806362257,15,30,0,0,199,0,199
060014225001013,,3.9764197985696246,25,100,0,0,7,18,25
060014225001004,,1.6857529123690018,9,11,0,0,0,0,0
060014225003008,,3.5425027487132823,3,11,0,0,298,0,298
060014225003012,,1.696131338390623,8,92,0,0,83,0,83
060014225001001,,3.410301369628349,18,22,0,0,0,2,2
060014216001002,,6.336770402343988,36,37,0,0,0,0,0
060014228003004,,5.151405887445995,23,228,0,0,443,0,443
060014225001003,,0.5369599939281503,3,4,0,0,0,0,0
060014225001014,,3.7389515269796787,26,47,0,0,4,13,17
060014225002008,,3.326779750692447,1,13,0,0,192,0,192
060014228004002,,2.457215913309492,14,73,0,0,192,0,192
060014228003001,,2.9062063914353313,4,74,0,0,233,0,233
060014228003005,,3.185435472493228,17,88,0,0,269,0,269
060014228004000,,4.9586636899016066,17,69,0,0,508,0,508
060014228004004,,5.016239243783456,24,280,0,0,489,0,489
060014236021001,,5.036996095826698,24,215,156,248,9,0,165
060014236023007,,4.91566735352632,28,81,185,297,0,0,185
060014236021004,,5.062447950117816,125,213,866,1366,0,0,866
060014228002000,Telegraph,5.217135918916262,22,239,0,0,433,0,433
060014236021000,Telegraph,4.707110411568032,35,172,166,262,266,0,432
060014236023006,,5.096301387378817,31,135,205,329,0,0,205
060014228001000,College–Southside,5.182294060129391,11,58,0,0,455,0,455
060014236022000,College–Southside,6.537667077476793,26,399,60,96,259,0,319
060014228001008,Telegraph,1.6207641970431375,7,8,0,0,62,0,62
060014228001009,Telegraph,5.2050277552243704,8,15,0,0,473,0,473
060014236021007,,0.3130825183188985,0,0,0,0,0,0,0
060014228001005,,4.827944943105476,7,47,0,0,483,0,483
060014236022001,,5.152641414353331,23,127,75,119,287,0,362
060014236023004,,0.26366144202546543,0,0,0,0,0,0,0
060014236011009,,0.27700513262469234,0,0,0,0,0,0,0
060014237003001,College–Southside,5.0048723962359665,27,82,172,276,7,0,179
060014237003002,College–Southside,5.06566032007689,68,128,465,737,0,0,465
060014219004006,,0.5764968549628967,4,5,27,43,0,0,27
060014219003002,,9.607457231443387,73,94,451,719,81,0,532
060014219001005,,4.375742095020564,31,31,130,206,71,0,201
060014219001009,,0.4549210072810514,0,0,0,0,0,0,0
060014219001003,,0.37189359910808384,0,0,0,0,0,0,0
060014220002004,,3.678163603138756,5,0,0,0,342,0,342
060014216001000,,27.109437189999774,84,68,0,0,0,0,0
060014219003014,,0.42106757002004974,0,0,0,0,0,0,0
060014235002007,,0.7798645839103738,0,0,0,0,0,0,0
060014236011003,,0.29949172233820437,0,0,0,0,0,0,0
060014236023011,,0.2686035496548087,0,0,0,0,0,0,0
060014239022010,,0.3936388726771944,0,0,0,0,0,0,0
060014232001009,,4.142474614915559,18,79,118,190,0,0,118
060014232001018,,0.39314466191426006,0,0,0,0,0,0,0
060014220001046,,8.787314470353866,1,0,0,0,0,0,0
060014220001042,,2.4431309065658637,17,12,105,165,0,0,105
060014220002025,,20.65998673370676,17,3,0,0,804,0,804
060014233002003,,3.963323213351865,27,34,84,132,153,0,237
060014240022009,,3.963570318733332,29,35,196,312,0,0,196
060014235001009,,4.983374228048323,16,68,60,96,224,0,284
060014235003006,,4.744670429551041,36,92,27,43,361,0,388
060014224004000,,4.868964436429025,37,69,241,381,0,0,241
060014222003011,University,2.7794413307426757,5,33,0,0,265,0,265
060014212001005,,0.4450367920223648,0,4,0,0,0,0,0
060014220002039,,17.41425754813554,18,0,0,0,1523,0,1523
060014220002063,,1.3921917191860096,13,11,90,142,0,0,90
060014220002011,,4.650770384593518,7,0,0,0,335,0,335
060014221002028,,0.2708274980880132,0,0,0,0,0,0,0
060014233001012,,4.000141915190472,26,33,178,282,0,0,178
060014220001067,,0.4032759825544138,0,0,0,0,0,0,0
060014233002015,,3.403629524328735,20,35,0,0,282,0,282
060014213003007,,1.0375954967806271,1,0,7,11,0,0,7
060014217003007,,4.821025992424396,32,106,216,344,0,0,216
060014223003008,University,4.646816698490044,24,80,0,0,457,0,457
060014224002009,University,4.193131218116329,17,40,0,0,268,0,268
060014222003013,University,5.185753535469932,31,85,128,204,200,0,328
060014224002010,University,2.354172969237684,1,0,0,0,207,0,207
060014217003002,,4.546986124377309,23,63,0,0,330,0,330
060014239011019,Adeline,5.1224945578143375,32,37,121,193,239,0,360
060014223002017,,4.6576893352746,19,46,131,207,0,0,131
060014239022002,Telegraph,3.9877866461171143,13,58,0,0,259,0,259
060014219004012,,4.093053538622127,32,36,0,0,279,0,279
060014227001000,,1.2634498154416163,14,10,0,0,0,0,0
060014220002048,,3.6831057107680993,4,0,0,0,91,0,91
060014220001001,,1.8424177242191848,0,0,0,0,0,0,0
060014224004005,,0.3306270004030672,0,0,0,0,0,0,0
060014224001000,,6.564848669438182,42,355,13,21,438,0,451
060014224001003,,0.2807117133466998,0,1,0,0,0,0,0
060014223003001,,4.588252723082326,55,86,379,599,0,0,379
060014230001001,University,5.121259030907002,26,94,14,22,434,0,448
060014230001013,,4.970771853593498,31,97,209,333,0,0,209
060014230002004,,4.993752654069945,37,67,247,395,0,0,247
060014230003000,,4.988316335677666,38,68,254,406,0,0,254
060014230002003,,5.0310655666714865,33,67,216,348,0,0,216
060014223003000,,4.557858761161865,37,69,142,226,92,0,234
060014223003011,,0.560435005167531,0,0,0,0,0,0,0
060014230001000,University,5.038231622734034,22,97,7,11,450,0,457
060014224002003,,2.609185722911799,11,39,67,107,8,0,75
060014229021000,University,5.312518596162588,14,196,0,0,474,0,474
060014230001015,,4.835358104549491,33,90,223,355,0,0,223
060014229021001,,5.018463192216661,11,36,0,0,611,0,611
060014229021002,,4.974231328934038,2,1,0,0,330,0,330
060014230002008,,4.82152020318733,16,40,108,172,0,0,108
060014230002007,,5.08394611830546,30,47,206,326,0,0,206
060014229021003,,0.4119246709057646,0,0,0,0,0,0,0
060014230003012,,5.124965611629009,33,73,218,350,0,0,218
060014231004003,,3.6280012107009214,22,24,130,206,0,0,130
060014222002007,,4.026335085625992,34,44,233,369,0,0,233
060014223002018,,0.3642333322826017,0,0,0,0,0,0,0
060014222002008,University,3.9151376639657673,17,50,0,0,372,0,372
060014231001001,University,1.9686885741489062,2,1,0,0,213,0,213
060014223003005,,0.2505648568077056,0,0,0,0,0,0,0
060014223002009,,5.026617669805077,35,64,240,380,0,0,240
060014223002016,,5.17191563410777,19,32,126,202,0,0,126
060014230001005,,0.30196277615287603,0,0,0,0,0,0,0
060014230001006,,0.8287914494408726,0,0,0,0,0,0,0
060014230001009,,5.39431047742822,40,72,269,429,0,0,269
060014230003002,,4.841288633704703,34,50,230,366,0,0,230
060014230001010,,4.983374228048323,79,76,553,869,0,0,553
060014230003001,,5.101490600389628,35,54,234,374,0,0,234
060014231003001,,4.496576626558007,36,50,246,390,0,0,246
060014231004002,,3.6210822600198407,32,33,221,349,0,0,221
060014236011000,College–Elmwood,5.405924430357176,35,111,199,319,0,0,199
060019821001000,,1.6420152598493136,0,0,0,0,0,0,0
060014227002004,,0.3301327896401329,0,0,0,0,0,0,0
060014227002000,,2.3840727203952112,11,19,0,0,120,0,120
060014227002001,,4.423927644406661,15,123,0,0,232,0,232
060014227001002,,3.125635970178174,15,13,0,0,0,0,0
060014227002005,,0.30245698691581036,0,19,0,0,0,0,0
060014237003003,,4.9949881809772805,40,54,267,427,0,0,267
060014237001004,,5.026617669805077,31,108,213,337,0,0,213
060014237002003,,7.21523003345976,28,32,192,304,0,0,192
060014227002006,,3.7008972982337354,19,54,0,0,18,11,29
060014227001001,,5.24431751087765,24,32,0,0,0,0,0
060014237002000,,3.31689553543376,8,8,56,88,0,0,56
060014237001010,,0.27107460346948037,0,0,0,0,0,0,0
060014237002001,,4.071061159671549,15,15,104,164,0,0,104
060014236011007,,4.972007380500834,38,60,256,408,0,0,256
060014236012008,,4.8778602301618434,35,47,234,374,0,0,234
060014235003014,,3.3208492215372347,24,46,152,244,16,0,168
060014236012011,,3.864975271527933,31,59,209,333,0,0,209
060014236011005,,5.0315597774344205,33,58,214,342,14,0,228
060014236011008,Telegraph,6.151194260862146,31,38,157,249,155,0,312
060014236012005,Telegraph,2.659101009968166,26,32,93,149,78,0,171
060014236012010,,3.860280269280057,23,49,150,242,0,0,150
060014239022005,Telegraph,5.845277798605796,28,55,89,141,347,0,436
060014239022012,,3.753036533723307,30,45,202,322,0,0,202
060014227002003,,0.5391839423613548,0,0,0,0,0,0,0
060014237002004,,4.080698269548768,18,37,125,197,0,0,125
060014239022011,Telegraph,4.08489906103371,20,64,107,171,141,0,248
060014236011015,Telegraph,5.123730084721673,30,31,101,161,686,0,787
060014213004012,,3.494317199327185,24,25,167,263,0,0,167
060014218002001,,6.1052326599092535,39,42,256,404,11,0,267
060014223002007,,0.7373624582980214,0,0,0,0,0,0,0
060014222003006,,4.217594650881578,43,58,261,413,0,0,261
060014231001012,,14.881180282715631,63,229,432,684,0,0,432
060014220002028,,3.7327738924429994,0,0,0,0,0,0,0
060014220002045,,0.31456515060770146,0,0,0,0,0,0,0
060014220002035,,7.469007260226539,9,0,0,0,0,0,0
060014220001000,,32.11949879924655,2,0,0,0,0,0,0
060014220002046,,5.544797654741723,10,3,0,0,0,0,0
060014220002034,,3.167396779646125,2,0,0,0,0,0,0
060014220002026,,2.318342688924945,10,2,0,0,14,0,14
060014220002044,,4.431093700469209,53,18,0,0,0,0,0
060014220002030,,6.51616890928915,0,0,0,0,0,0,0
060014220002040,,4.516592162456848,5,0,0,0,352,0,352
060014212003001,,0.5831687002625102,0,0,0,0,0,0,0
060014217002002,,4.116528549861507,19,24,0,0,524,0,524
060014233003013,,6.399040958473713,40,75,230,366,119,0,349
060014212003002,,7.473208051711481,20,23,0,0,0,0,0
060014211001007,,2.2251839601118237,11,12,0,0,0,0,0
060014231001000,University,2.9800909004940137,16,74,0,0,271,0,271
060014232001005,University,3.4794908764391552,6,13,14,22,200,0,214
060014220002061,,4.938648154002767,35,42,245,385,0,0,245
060014221001021,,2.92202113584923,19,31,128,204,0,0,128
060014220001045,,10.205946465356863,4,0,0,0,0,0,0
060014240021012,,1.8162245537836652,13,23,67,107,51,0,118
060014221002013,,4.902570768308561,30,62,203,323,0,0,203
060014221002021,,3.4152434772576923,20,29,134,214,0,0,134
060014221001009,,2.9588398376878375,23,27,159,251,0,0,159
060014219003006,,2.5997957184160465,16,14,0,0,166,0,166
060019821001001,,186.60113460416696,1,69,0,0,53187,0,53187
060014238003000,,0.26193170435519525,0,0,0,0,0,0,0
060014235001001,,1.410971728177514,1,0,0,0,129,0,129
060014234003006,,4.640391958571898,33,61,215,343,6,0,221
060014227001006,,5.818837522788809,28,46,0,0,0,0,0
060014240014014,Adeline,1.2847008782477927,4,5,0,0,86,0,86
060014240022015,,0.509531296585295,4,11,24,40,0,0,24
060014240022013,,1.4500143784493262,11,22,90,146,0,0,90
060014238001012,,4.639650642427497,11,14,0,0,0,0,0
060014219001008,,4.161748834669998,27,33,182,290,0,0,182
060014222001020,,3.7387044215982117,37,35,251,395,0,0,251
060014219002012,,2.29091399158209,14,21,93,149,0,0,93
060014222001005,,2.5834867632392133,20,23,135,215,0,0,135
060014219002007,,3.594641984202854,24,39,162,258,0,0,162
060014219002006,,3.6341788452376007,27,36,180,288,0,0,180
060014235001017,,1.2604845508640103,12,15,61,97,39,0,100
060014234002004,,0.83249803016288,2,11,13,21,0,0,13
060014230003016,,1.9709125225821107,14,34,69,109,55,0,124
060014230002010,,2.107314693151986,22,29,47,75,144,0,191
060014230003007,,1.8851669552130044,15,18,103,163,0,0,103
060014230002001,,2.7347152566971187,18,35,118,190,0,0,118
060014230001007,,2.1868826259844134,18,21,125,197,0,0,125
060014221002014,,2.842453203016803,20,34,20,32,180,0,200
060014224002006,,1.5770265445234493,12,31,69,109,14,0,83
060014221001001,,1.7598845268091514,14,15,7,11,95,0,102
060014223001001,,2.9810793220198826,21,36,128,204,13,0,141
060014218002013,,2.4221269491411546,16,16,111,175,0,0,111
060014216003010,,2.131283915154301,12,26,0,0,0,0,0
060014219001001,,1.1789397749798458,10,11,68,108,0,0,68
060014218001000,,2.8644455819673804,16,16,110,174,0,0,110
060014213004006,,2.020827809638478,13,14,89,141,0,0,89
060014215003015,,2.7742521177318653,19,24,0,0,0,0,0
060014211002011,,3.34481844353955,16,19,0,0,0,0,0
060014211002016,,4.466923980781948,24,25,0,0,0,0,0
060014229022001,University,2.10780890391492,10,22,0,0,324,0,324
060014225003004,,4.961134743716278,6,35,0,0,56,0,56
060014228001003,,1.7388805693844425,4,35,0,0,117,0,117
060014239011004,,0.5979950231505401,3,3,0,0,50,0,50
060014221002029,University,3.2842776250800942,20,42,89,141,113,0,202
060014221002025,,3.548680383249961,23,48,120,192,0,0,120
060014232001004,University,3.3107179008970813,37,39,7,11,608,0,615
060014232001010,,3.860280269280057,26,61,175,279,0,0,175
060014215002007,,4.451603447130983,25,28,0,0,0,0,0
060014215001001,,2.5503746421226134,12,14,0,0,0,0,0
060014220001064,,7.263168477464391,12,1,0,0,510,0,510
060014212002018,,0.2473524868486325,0,0,0,0,0,0,0
060014213003014,,0.6876942766231211,0,0,0,0,0,0,0
060014237001003,,1.499188349361292,0,0,0,0,0,0,0
060014219004001,,3.5864875066144375,33,42,217,345,8,0,225
060014238003019,College–Elmwood,2.9089245506314705,22,69,113,181,36,0,149
060014233001001,,4.835852315312426,35,46,237,377,0,0,237
060014217003000,,4.834369683023622,53,108,362,574,0,0,362
060014231002005,,4.72564331517807,23,36,0,0,334,0,334
060014221002033,,0.31753041518530745,0,0,0,0,0,0,0
060014217001014,,4.955945530705468,42,99,0,0,142,28,170
060014222003001,,7.450968567379436,9,22,56,88,35,0,91
060014221001002,,3.2217599635689016,20,26,117,185,40,0,157
060014221002009,,4.544515070562638,32,58,216,344,0,0,216
060014236011016,,0.2723101303768162,0,0,0,0,0,0,0
060014235001000,,3.2793355174507512,17,53,0,0,274,0,274
060014220001069,,3.2546249793040345,1,0,0,0,229,0,229
060014220001043,,2.344782964741932,27,20,189,297,0,0,189
060014239011016,,2.659101009968166,20,25,87,139,59,0,146
060014239011005,,2.795997391300976,23,42,120,192,56,0,176
060014239011002,,2.8372639900059924,22,31,103,163,72,0,175
060014235003010,,1.5775207552863835,10,14,0,0,115,0,115
060014218002003,,2.0722257289836485,2,0,0,0,103,0,103
060014218002023,,2.0114378051427257,15,15,105,165,0,0,105
060014238002012,,5.446943923680726,32,31,0,0,0,0,0
060014225003013,,2.285477673189812,1,0,0,0,156,0,156
060014225002004,,3.4701008719434028,9,27,0,0,0,9,9
060014225003010,,4.142474614915559,30,141,0,0,310,0,310
060014215001006,,1.8392053542601117,1,1,0,0,0,0,0
060014215001005,,0.4954462898416665,0,0,0,0,0,0,0
060014224004008,,0.2723101303768162,0,0,0,0,0,0,0
060014230001002,University,2.3267442718948286,17,15,0,0,259,0,259
060014230001014,,4.927528411836744,41,58,280,444,0,0,280
060014230001016,,4.808917828732505,1,7,7,11,0,0,7
060014230003011,,5.038231622734034,37,52,250,398,0,0,250
060014234001007,,4.790632030503934,35,53,235,375,0,0,235
060014234001000,,4.705380673897762,40,75,226,358,65,0,291
060014229022003,University,5.414326013327059,18,112,0,0,950,0,950
060014237001011,,4.253424931194317,11,11,77,121,0,0,77
060014220001025,,4.985598176481528,24,21,165,261,0,0,165
060014238003018,,0.5705663258076847,0,9,0,0,0,0,0
060014221002017,,2.2629910834763,15,62,42,66,105,0,147
060019821001014,,0.32444936586638806,0,0,0,0,0,0,0
060014223001010,,0.9661820415366165,6,6,42,66,0,0,42
060014224004004,,0.33112121116600157,0,0,0,0,0,0,0
060014234003003,,4.6688090774406215,1,0,7,11,0,0,7
060014220001070,,0.9980586357458808,0,0,0,0,0,0,0
060014218002022,,0.8077874920161635,0,0,0,0,0,0,0
060014220001074,,2.1782339376330624,2,0,0,0,0,0,0
060014234002007,,0.7274782430393347,2,11,14,22,0,0,14
060014221002006,,4.480267671381174,26,37,176,280,0,0,176
060014220002006,,5.406171535738643,16,0,0,0,725,0,725
060014220002020,,4.525735061571133,9,0,0,0,387,0,387
060014225003001,,3.4233979548461084,11,78,0,0,190,0,190
060014221002023,University,3.6628430694877916,21,43,81,129,162,0,243
060014228003000,,2.2128286910384656,4,5,0,0,230,0,230
060014229022011,,1.2802529813813837,5,98,0,0,1393,0,1393
060014222003004,,7.157160268814977,46,91,201,321,146,0,347
060014239012003,,3.4725719257580745,25,70,63,99,178,0,241
060014234001003,,4.889968393853735,28,87,147,235,158,0,305
060014235003009,Adeline,3.909454240192023,19,28,0,0,224,0,224
060014215003004,,3.864975271527933,19,15,0,0,0,0,0
060014212002011,,0.14134427819921858,1,2,0,0,0,0,0
060014211002013,,1.5807331252454566,7,7,0,0,0,0,0
060014211002006,,0.8253319741003322,3,3,0,0,0,0,0
060014211002005,,2.3460184916492675,12,14,0,0,0,0,0
060014211002002,,1.7032973944531706,7,6,0,0,0,0,0
060014212001004,,1.9617696234678257,12,11,0,0,0,0,0
060014212001001,,1.6108799817844508,9,10,0,0,0,0,0
060014212001007,,5.521075538120875,32,33,0,0,0,0,0
060014213003012,,0.32840305196986275,3,3,20,32,0,0,20
060014224002008,,0.3768357067374271,3,17,0,0,34,0,34
060014215002018,,2.1362260227836445,11,11,0,0,0,0,0
060014215002012,,1.6227410400948747,10,10,0,0,0,0,0
060014215002011,,1.110738689694908,7,7,0,0,0,0,0
060014213004011,,1.8421706188377176,13,13,91,143,0,0,91
060014225001002,,1.5150030937751906,10,13,0,0,0,0,0
060014225001005,,3.2007560061441924,26,32,0,0,0,0,0
060014225001008,,2.3413234894013915,16,57,0,0,0,0,0
060014220001032,University,1.7267724056925513,176,151,0,0,31363,0,31363
060014240012005,,0.35731438160152107,0,0,0,0,0,0,0
060014230003013,,4.962123165242147,27,49,178,286,0,0,178
060014217001008,,0.3768357067374271,0,0,0,0,0,0,0
060014217003006,,4.9492736854058546,40,92,269,429,0,0,269
060014223002002,,4.861304169603543,43,67,296,468,0,0,296
060014217001015,,8.219219198360854,14,86,0,0,87,6,93
060014217003003,,0.5184270903181128,0,0,0,0,0,0,0
060014224004003,,0.3039396192046134,0,0,0,0,0,0,0
060014231004006,,4.511650054827505,33,41,229,361,0,0,229
060014222002001,,3.1547944051913,25,25,174,274,0,0,174
060014233002004,,0.4447896866408976,0,0,0,0,0,0,0
060014220001040,,1.5646712754500909,23,13,14,22,154,0,168
060014233003015,,0.2547656482926475,0,0,0,0,0,0,0
060014233003016,,0.5018710297598128,0,0,0,0,0,0,0
060014233001009,,4.936424205569562,30,43,204,324,0,0,204
060014233002012,,2.606220458334193,20,21,138,218,0,0,138
060014233002011,,2.545185429111803,20,21,132,208,9,0,141
060014234004002,,5.670821399289977,31,104,204,328,0,0,204
060014240021008,,4.829180470012812,32,55,210,338,0,0,210
060014238003007,College–Elmwood,5.974019702350189,40,41,124,196,219,0,343
060014237002013,,2.9665001045133197,10,10,70,110,0,0,70
060014232002012,,3.4248805871349117,26,48,174,278,0,0,174
060014227003000,,4.08143958569317,11,46,0,0,204,0,204
060014212003006,,4.101208016210543,23,24,0,0,0,0,0
060014219004013,,3.8281565696893254,31,39,210,334,0,0,210
060014239011022,Adeline,5.16054878656028,31,69,64,104,318,0,382
060014234004003,,5.649570336483801,23,167,75,119,160,0,235
060014240021004,,4.828933364631345,37,97,177,285,212,0,389
060014236022002,,1.1317426471196173,0,0,0,0,0,0,0
060014225003006,,1.3709406563798332,8,23,0,0,79,0,79
060014229022005,,1.5898760243597418,6,53,0,0,91,0,91
060014229022000,,1.6533821073968031,2,0,0,0,308,0,308
060014238003012,College–Elmwood,10.40758445663407,69,95,377,597,118,0,495
060014238002009,,3.075967788503274,14,13,98,154,0,0,98
060014238002005,,4.478290828329437,21,22,7,11,0,0,7
060014229012002,,4.18077594904297,8,115,0,0,318,0,318
060014235001006,,5.370835466188838,34,78,105,165,333,0,438
060014235001007,,0.30542225149341634,0,0,0,0,0,0,0
060014232002013,,4.587511406937924,22,47,148,236,0,0,148
060014220002069,University,7.455169358864378,5,0,0,0,600,0,600
060014233002002,,3.9976708613758007,27,36,180,288,0,0,180
060014240021006,,0.4867976014903157,0,0,0,0,0,0,0
060014234002005,,0.3518780632092434,0,1,0,0,0,0,0
060014238003006,,0.632095565793009,1,5,7,11,0,0,7
060014228003003,,3.984821381539508,2,0,0,0,373,0,373
060014228004001,,2.596089137694039,8,60,0,0,217,0,217
060014228001001,Telegraph,4.992270021781141,17,120,0,0,444,0,444
060014219002008,,4.987575019533265,19,113,127,203,0,0,127
060014214002010,,4.7226780506004635,27,30,0,0,0,0,0
060019821001013,,0.33112121116600157,0,0,0,0,0,0,0
060014212004005,,7.790985572278256,48,50,0,0,0,0,0
060014211002009,,13.127226285061692,61,61,0,0,0,0,0
060014212002021,,5.614975583078398,30,30,0,0,0,0,0
060014211002017,,5.238139876340971,29,31,0,0,0,0,0
060014220002009,,5.036996095826698,7,0,0,0,356,0,356
060014220002041,,2.8743297972260673,2,0,0,0,223,0,223
060014218002018,,3.6089740963279495,26,27,180,284,0,0,180
060014231002000,,8.236516575063554,66,111,446,710,0,0,446
060014230001011,University,1.5449028449327176,8,60,0,0,211,0,211
060014231003000,,4.313224433509371,35,50,239,379,0,0,239
060014227003002,,0.5115081396370322,0,0,0,0,0,0,0
060014227001005,,1.304716414146633,8,7,0,0,0,0,0
060014239011024,,0.29949172233820437,0,2,0,0,0,0,0
060014240014010,,0.8359575055034203,0,1,0,0,0,0,0
060014239011027,,2.4987296173959757,3,0,0,0,15,0,15
060014213002002,,1.8228963990832787,16,16,112,176,0,0,112
060014221002022,University,3.6784107085202233,23,25,90,146,114,0,204
060014214002004,,3.3023163179271977,17,19,0,0,0,0,0
060014240021000,,2.540737532245394,1,40,0,0,225,0,225
060014219004010,,0.42971625837140054,0,0,0,0,0,0,0
060014219004009,,1.9709125225821107,9,11,0,0,115,0,115
060014232001017,,4.887991550801997,34,97,231,367,0,0,231
060014231004008,,3.6835999215310338,24,37,0,0,231,0,231
060014240021007,,6.129943198055971,41,67,205,325,128,0,333
060014238002001,,8.43741325019636,34,51,202,318,83,0,285
060014236012004,Telegraph,3.7426581077016863,27,38,14,22,288,0,302
060014239022000,,0.45368548037371553,0,0,0,0,0,0,0
060014231003008,,3.6346730560005347,26,38,101,161,109,0,210
060014221001006,,3.0225930261063665,19,24,106,170,40,0,146
060014220002012,,2.5785446556098703,8,1,0,0,175,0,175
060014219003009,,2.5654480703921103,16,18,0,0,156,0,156
060014239011010,,0.6585358416099956,0,0,0,0,0,0,0
060014229022012,,3.7354920516391386,11,39,0,0,302,0,302
060014230001004,University,4.663372759048344,29,35,7,11,518,0,525
060014231001013,,7.316296134479831,42,100,278,446,0,0,278
060014229021005,,0.3941330834401287,0,0,0,0,0,0,0
060014233001003,,4.57046113561669,29,58,121,193,109,0,230
060014235001008,,4.8679760149031575,22,53,77,125,234,0,311
060014220001076,,1.94743751134273,1,0,0,0,327,0,327
060014235003000,,6.248059570397276,38,57,190,302,243,0,433
060014231003006,,4.770616494605094,28,53,117,185,152,0,269
060014220002049,,3.8293920965966612,6,0,0,0,90,0,90
060014229012001,,1.1475573915335158,0,51,0,0,0,0,0
060019821001012,,0.3639862269011345,0,0,0,0,0,0,0
060014223003015,,0.5772381711072982,0,1,0,0,0,0,0
060014220001036,,3.8595389531356554,2,0,0,0,273,0,273
060014217001002,,2.039113607867048,15,18,0,0,0,0,0
060014225002006,,4.556870339635996,12,62,0,0,153,0,153
060014237001000,,16.681095881322463,0,26,0,0,0,0,0
060014218001004,,2.0724728343651155,16,31,66,106,26,0,92
060014218001005,,1.8948040650902238,13,32,86,138,0,0,86
060014218001008,,1.5629415377798208,15,21,104,164,0,0,104
060014223001000,,1.8765182668616536,13,31,67,107,35,0,102
060014223002000,,0.536465783165216,12,11,0,0,80,0,80
060014218002009,,1.233055853521155,7,8,26,42,32,0,58
060014218002014,,1.6002544503813627,11,13,75,119,0,0,75
060014223002005,,1.7245484572593468,13,24,86,138,0,0,86
060014223003003,,3.5012361500082654,30,53,204,324,0,0,204
060014216004007,,3.2556134008299034,28,65,77,121,0,6,83
060014216003008,,2.528382263172036,11,32,0,0,0,0,0
060014216003004,,4.243046505172696,22,23,0,0,0,0,0
060014216003003,,3.364339768675456,19,19,0,0,0,0,0
060014236023009,,3.2427639209936108,22,33,149,237,0,0,149
060014236023012,,2.0452912424037275,16,39,109,173,0,0,109
060014235001016,,3.908712924047621,19,23,88,140,170,0,258
060014219001002,,4.463464505441407,33,41,228,360,0,0,228
060014219003000,,3.7508125852901024,28,61,141,225,66,0,207
060014219004008,,0.6696555837760181,5,3,35,55,0,0,35
060014227004001,College–Southside,2.410512996212198,12,100,0,0,124,0,124
060014237003000,,5.009567398483843,27,139,181,289,0,0,181
060014227004002,,2.409030363923395,8,111,0,0,141,0,141
060014220002031,,9.903489478441053,0,0,0,0,0,0,0
060014237001005,,4.853891008159529,56,86,386,610,0,0,386
060014237001012,,2.3806132450546706,8,9,0,0,0,0,0
060014235003015,,3.588464349666175,28,64,187,299,0,0,187
060014236012006,Telegraph,4.72910279051861,22,62,127,203,149,0,276
060014239022001,,5.501060002222035,4,0,7,11,336,0,343
060014237002010,College–Elmwood,6.378284106430471,39,43,125,201,248,0,373
060014239022016,,0.3605267515605942,5,6,35,55,0,0,35
060014239021007,,0.8119882835011053,8,8,55,87,0,0,55
060014222001009,,2.494528825911034,16,18,111,175,0,0,111
060014219002000,,5.092347701275343,33,67,225,357,0,0,225
060014219002002,,3.467382712747264,26,25,182,286,0,0,182
060014222001011,,2.8066229227040638,22,22,154,242,0,0,154
060014218002015,,3.174315730327206,21,21,147,231,0,0,147
060014218001011,,4.914926037381918,33,48,224,356,0,0,224
060014222003014,,0.4601102202918618,0,6,0,0,0,0,0
060014222002003,,3.0794272638438143,15,75,99,159,0,0,99
060014222002012,,0.5819331733551744,0,0,0,0,0,0,0
060014231003005,,4.526229272334067,37,47,252,400,0,0,252
060014211002020,,5.583346094250601,8,8,0,0,0,0,0
060014211002022,,0.532017886298807,4,6,0,0,0,0,0
060014215002009,,7.796421890670533,31,30,0,0,0,0,0
060014214001002,,9.931165281165375,55,58,0,0,0,0,0
060014214001005,,4.916655775052188,22,23,0,0,0,0,0
060014214001011,,5.648087704194998,34,36,0,0,0,0,0
060014214001001,,3.6131748878128915,22,22,0,0,0,0,0
060014215002017,,8.290879758986332,48,50,0,0,0,0,0
060014215002013,,1.095665261425411,8,8,0,0,0,0,0
060014214001009,,7.465794890267466,42,56,0,0,0,0,0
060014215003016,,4.244529137461499,23,27,0,0,0,0,0
060014220002033,,5.4859865739525375,2,1,0,0,0,0,0
060014220001007,,1.5098138807643802,1,0,0,0,0,0,0
060014220001008,,25.14247835352114,0,0,0,0,0,0,0
060014212001000,,12.350326965728923,35,37,0,0,0,0,0
060014211002000,,3.6270127891750525,22,24,0,0,0,0,0
060014211001002,,10.001837420264984,47,43,0,0,0,0,0
060014211002003,,7.67385762146282,45,47,0,0,0,0,0
060014211002004,,0.5952768639544013,2,3,0,0,0,0,0
060014211002008,,10.953687349676505,51,49,0,0,0,0,0
060014211002007,,5.8225441035108165,28,27,0,0,0,0,0
060014211001003,,10.765145943617057,58,60,0,0,0,0,0
060014211001005,,8.438648777103696,22,21,0,0,0,0,0
060014212003000,,12.779301907955922,36,31,0,0,0,0,0
060014212003013,,3.603784883317139,19,21,0,0,0,0,0
060014212002012,,8.244918158033439,39,40,0,0,0,0,0
060014212002008,,6.784772458943959,7,4,0,0,0,0,0
060014212003003,,1.186600041805328,3,3,0,0,0,0,0
060014212002020,,3.4431663853634817,5,0,0,0,0,0,0
060014212002019,,11.475821020716625,45,50,0,0,0,0,0
060014214002000,,5.466712354198099,26,33,0,0,148,0,148
060014213003005,,4.492622940454533,23,24,157,249,0,0,157
060014214002002,,0.839911191606895,1,0,0,0,0,0,0
060014213003004,,7.390427748919981,34,38,234,370,0,0,234
060014214002001,,5.7812775048058,25,25,0,0,0,0,0
060014212002017,,2.5390077945751237,15,15,0,0,0,0,0
060014214001008,,1.3706935509983662,8,6,0,0,16,0,16
060014212002022,,2.8987932299913166,18,19,0,0,0,0,0
060014214001006,,4.951744739220526,26,27,0,0,0,0,0
060014214002007,,6.075332908751727,31,35,0,0,0,0,0
060014214002008,,5.2500009346513945,27,30,7,11,0,0,7
060014212002000,,4.3411473416151605,18,22,0,0,0,0,0
060014212002004,,8.978326930227984,41,42,0,0,0,0,0
060014212002005,,9.437695834375445,45,49,0,0,0,0,0
060014211002015,,2.657371272297896,10,9,0,0,0,0,0
060014214001003,,8.311389505648107,48,52,0,0,0,0,0
060014215002008,,2.4448606442361336,13,13,0,0,0,0,0
060014214001000,,2.512567518758137,14,15,0,0,0,0,0
060014231001004,,5.51539211434713,1,0,0,0,488,0,488
060014217002005,,0.8095172296864336,0,0,0,0,0,0,0
060014233003009,,4.25317782581285,36,45,196,312,70,0,266
060014220001006,,2.4297872159666367,0,0,0,0,0,0,0
060014219004015,,3.8610215854244583,30,25,0,0,294,0,294
060014232001006,University,3.1725859926569355,8,3,6,10,213,0,219
060014217001004,,0.5587052674972608,0,0,0,0,0,0,0
060014222002009,University,3.9613463703001273,23,50,0,0,377,0,377
060014216004009,,4.944825788539445,10,11,0,0,0,0,0
060014236023003,Telegraph,5.301151748615098,49,95,32,52,854,0,886
060014220002007,,4.340158920089292,14,3,0,0,331,0,331
060014215003006,,5.829463054191898,33,42,0,0,0,0,0
060014216001004,,12.414080154147452,64,57,0,0,0,0,0
060014236023001,,5.746929856781864,46,140,313,497,0,0,313
060014232001008,,3.9867982245912454,27,30,185,293,0,0,185
060014232001016,,2.9390714071704647,16,25,12,20,176,0,188
060014232002016,,1.0183212770261882,3,0,7,11,0,0,7
060014220001052,,4.285301525403582,3,1,0,0,294,0,294
060014219001012,,0.9973173196014793,4,5,27,43,0,0,27
060014221002008,,0.3993222964509392,0,3,0,0,0,0,0
060014220001019,,3.8222260405341135,17,5,0,0,291,0,291
060014221002012,,0.3978396641621362,0,0,0,0,0,0,0
060014232001011,,0.31110567526716115,0,0,0,0,0,0,0
060014211001006,,11.425164417515857,41,40,0,0,0,0,0
060014215001014,,7.602444166218809,33,36,0,0,0,0,0
060014215003020,,3.099937010505589,14,14,0,0,0,0,0
060014220002062,,4.997953445554886,17,13,115,183,0,0,115
060014221001024,,1.754695313798341,12,12,84,132,0,0,84
060014219004014,,3.8160484059974342,31,35,213,337,0,0,213
060014221001018,,0.2537772267667788,0,0,0,0,0,0,0
060014219002017,,0.4173609892980423,0,0,0,0,0,0,0
060014238002010,,21.08698483288202,79,78,0,0,0,0,0
060014237002002,,0.3924033457698585,0,0,0,0,0,0,0
060014238001005,,4.010520341212094,24,23,0,0,0,0,0
060014229023003,,2.6969081333326423,4,1,0,0,0,0,0
060014229012007,,3.770828121188943,16,158,0,0,243,0,243
060014234002000,,4.2319267630066735,32,51,212,340,0,0,212
060014229012004,,0.3321096326918702,0,0,0,0,0,0,0
060014233001000,,4.460746346245268,32,33,215,339,11,0,226
060014230003014,,5.296209640985754,34,49,227,363,0,0,227
060014218001012,,4.793103084318606,36,38,250,394,0,0,250
060014218001003,,2.816260032581283,18,24,109,173,7,0,116
060014218001010,,4.990046073347937,34,47,231,367,0,0,231
060014223002010,,4.9134434050931155,41,59,275,439,0,0,275
060014224003004,,5.163019840374952,32,93,142,226,75,0,217
060014217001013,,0.672620848353624,0,0,0,0,0,0,0
060014217001001,,5.329815972865289,30,28,0,0,0,0,0
060014217003001,,5.023899510608938,27,97,174,278,8,0,182
060014224003006,,4.969536326686162,7,2,7,11,74,0,81
060014224004001,,5.081475064490788,32,159,193,309,13,0,206
060014236011012,,5.111374815648315,45,50,307,487,0,0,307
060014239021006,,2.4493085411025426,19,27,117,185,0,0,117
060014237002019,,2.3986519379017737,2,0,0,0,157,0,157
060014220001002,,15.421352646602854,0,0,0,0,0,0,0
060014220002022,,5.124965611629009,14,4,0,0,354,0,354
060014220002056,,3.1513349298507594,14,12,0,0,252,0,252
060014214002005,,6.245588516582604,33,36,0,0,0,0,0
060014216003002,,1.4729951789257725,9,11,0,0,0,0,0
060014216004000,,6.528771283743975,36,36,0,0,0,0,0
060019821001006,,65.66504275494012,0,1,0,0,0,0,0
060019821001007,,59.7626836132154,0,0,0,0,0,0,0
060019821001015,,55.42474864155932,0,0,0,0,0,0,0
060014216003000,,4.356467875266125,22,21,0,0,0,0,0
060014215001003,,19.143748113024234,48,40,0,0,0,0,0
060014239011018,,0.8572085683095966,7,11,7,11,47,0,54
060014216001009,,5.732844850038235,32,31,0,0,0,0,0
060014237001007,,7.657548666285987,46,60,316,500,0,0,316
060014240014005,,2.245940812155066,16,35,43,71,72,0,115
060014240014011,,4.9586636899016066,34,77,226,362,0,0,226
060014240014017,,2.603749404519521,14,36,74,118,37,0,111
060014219004000,,1.5659068023574267,10,8,62,98,0,0,62
060014212002010,,0.6165279267605775,0,0,0,0,0,0,0
060014222001002,,5.798327776127034,30,32,204,324,0,0,204
060014236023013,,1.945954879053927,14,18,95,151,0,0,95
060014218001007,,3.269945512954999,22,33,148,236,0,0,148
060014220001066,,1.4287633156431498,3,0,0,0,75,0,75
060014240021002,,4.672762763544096,37,50,254,402,0,0,254
060014238001007,,13.580170449291005,47,50,0,0,0,0,0
060014229022004,,1.000035478797618,5,0,0,0,70,0,70
060014224002002,,2.5029304088809177,8,26,56,88,0,0,56
060014217002003,,0.5327592024432085,0,0,0,0,0,0,0
060014223003006,,0.32444936586638806,0,0,0,0,0,0,0
060014239022014,Telegraph,2.8088468711372685,21,34,61,97,92,0,153
060014218002002,,0.5112610342555651,8,0,0,0,127,0,127
060014216004006,,1.732208724084829,11,27,0,0,0,4,4
060014228002005,,3.021851709961965,2,2,0,0,288,0,288
060014220001029,,4.994741075595813,16,14,0,0,354,0,354
060014220001021,,5.030077145145618,23,19,158,250,0,0,158
060014221001012,,0.2616845989737281,0,0,0,0,0,0,0
060014215002003,,3.2976213156793213,19,21,0,0,0,0,0
060014220002055,,2.989233799608299,30,10,0,0,160,0,160
060014220002051,,3.3262855399295126,20,8,0,0,272,0,272
060014212002023,,3.117481492589758,17,19,0,0,0,0,0
060014213001008,,5.521075538120875,40,39,133,209,0,0,133
060014212002013,,6.729915064258248,36,41,0,0,0,0,0
060014212002009,,0.5357244670208144,0,0,0,0,0,0,0
060014219001006,,1.5355128404369653,11,10,0,0,69,0,69
060014212003004,,0.7912314314578633,0,0,0,0,0,0,0
060014216003009,,2.9857743242677586,35,45,0,0,0,6,6
060014234002003,,3.7246194148545833,26,33,181,285,0,0,181
060014221002019,,1.5389723157775057,6,29,0,0,107,0,107
060014212004000,,9.464877426336834,52,52,0,0,0,0,0
060014211002001,,4.650770384593518,23,21,0,0,0,0,0
060014211002010,,10.628002456902781,62,63,0,0,0,0,0
060014213003003,,3.1024080643202607,12,14,84,132,0,0,84
060014214002003,,8.645970192154648,44,48,0,0,6,0,6
060014214002009,,4.120729341346449,21,21,14,22,0,0,14
060014211002021,,4.026829296388926,21,25,0,0,0,0,0
060014236012000,College–Elmwood,4.151617514029844,42,32,13,21,396,0,409
060014239021002,College–Elmwood,2.4559803864021563,33,27,0,0,315,0,315
060014223002003,,5.035513463537895,31,43,208,332,0,0,208
060014231001009,,4.553410864295455,32,51,209,337,0,0,209
060014222001016,,2.6593481153496334,20,22,137,217,0,0,137
060014231002002,,4.621364844198926,31,41,211,335,0,0,211
060014232002007,,2.7381747320376593,15,36,6,10,156,0,162
060014231003003,,5.433600233081498,37,44,253,401,0,0,253
060014236023005,Telegraph,3.0799214746067487,25,60,69,109,196,0,265
060014227003004,College–Southside,0.688929803530457,1,99,0,0,34,0,34
060014228001010,,1.6719150110068406,2,2,0,0,127,0,127
060014236021006,Telegraph,1.851807728714937,11,16,0,0,124,0,124
060014227004000,College–Southside,5.399746795820497,19,207,0,0,295,0,295
060014219003001,,3.2981155264422557,19,18,81,129,78,0,159
060014219001011,,4.232668079151075,25,30,169,269,0,0,169
060014215002002,,2.494775931292501,12,13,0,0,0,0,0
060014215002001,,5.443978659103119,30,31,0,0,0,0,0
060014215001015,,11.436778370444813,56,50,0,0,0,0,0
060014215002023,,6.71484163598875,36,38,0,0,0,0,0
060014216003012,,3.094994902876246,14,16,0,0,0,0,0
060014215001010,,1.6729034325327092,7,7,0,0,0,0,0
060014221002003,,0.38573150047024507,0,0,0,0,0,0,0
060014219003003,,11.604562924461018,99,111,625,989,65,0,690
060014222003002,,0.29973882771967153,0,0,0,0,0,0,0
060014220002050,,5.818096206644408,6,0,0,0,147,0,147
060014212003007,,5.174386687922442,33,34,0,0,0,0,0
060014213004001,,6.643181075363273,33,34,231,363,0,0,231
060014213002018,Solano,1.7957148071218905,14,33,70,110,35,0,105
060014213001007,,0.4860562853459142,0,1,0,0,0,0,0
060014213002008,,3.8909213365819855,27,27,188,296,0,0,188
060014214001004,,5.217877235060663,34,37,0,0,0,0,0
060014214001010,,10.206934886882731,56,65,0,0,0,0,0
060014215002014,,6.165526372987242,32,32,0,0,0,0,0
060014217001000,,5.602126103242106,40,42,0,0,0,0,0
060014212003009,,3.8518786863101733,25,26,0,0,0,0,0
060014213001018,,2.8001981827859175,20,20,28,44,0,0,28
060014213003002,,4.967559483634425,24,27,166,262,0,0,166
060014219004007,,4.044373778473095,33,29,228,360,0,0,228
