id,project_id,geometry_type_id,geojson,height_meters,base_elevation_meters,source_document_id,version_label,edited_by,edit_notes,is_current,superseded_by,created_at,updated_at
1,1,1,"{""type"": ""MultiPolygon"", ""coordinates"": [[[[-122.28253889574741, 37.873963734114], [-122.2833232633541, 37.87387017609439], [-122.28340467549997, 37.874662763835346], [-122.28264828392587, 37.874766203336286], [-122.28253889574741, 37.873963734114]]]]}",28.0,,,parcel_import_2026-04-25,parcel_import_script,"Imported from berkeley_parcels.csv via APN match",1,,"2026-04-25 18:51:20","2026-04-25 18:51:20"
2,2,1,"{""type"": ""MultiPolygon"", ""coordinates"": [[[[-122.26839820987634, 37.86760063152184], [-122.268447246836, 37.86784023737008], [-122.26808449132832, 37.86788481305854], [-122.2680598123012, 37.867648951947615], [-122.26839820987634, 37.86760063152184]]]]}",63.0,,,parcel_import_2026-04-25,parcel_import_script,"Imported from berkeley_parcels.csv via APN match",1,,"2026-04-25 18:51:20","2026-04-25 18:51:20"
3,3,1,"{""type"": ""MultiPolygon"", ""coordinates"": [[[[-122.26814529534384, 37.85938810237744], [-122.26828837728414, 37.860085707524775], [-122.26823133889663, 37.86009136377392], [-122.26815904707063, 37.85974703866181], [-122.26802097411243, 37.85976765369747], [-122.26808972700947, 37.86010927644639], [-122.26738697753152, 37.86020494680588], [-122.26768074820805, 37.859447940422136], [-122.26814529534384, 37.85938810237744]]]]}",52.5,,,parcel_import_2026-04-25,parcel_import_script,"Imported from berkeley_parcels.csv via APN match",1,,"2026-04-25 18:51:20","2026-04-25 18:51:20"
4,5,1,"{""type"": ""MultiPolygon"", ""coordinates"": [[[[-122.25999301224887, 37.867797796169725], [-122.26024138789072, 37.8677653188486], [-122.26031796235097, 37.86811738479477], [-122.2602404724875, 37.86812751695053], [-122.26007987117404, 37.868148517285], [-122.25999301224887, 37.867797796169725]]]]}",61.0,,,parcel_import_2026-04-25,parcel_import_script,"Imported from berkeley_parcels.csv via APN match",1,,"2026-04-25 18:51:20","2026-04-25 18:51:20"
5,6,1,"{""type"": ""MultiPolygon"", ""coordinates"": [[[[-122.26964461434542, 37.872134731148954], [-122.26999703385181, 37.872092370549986], [-122.27005800284498, 37.87239703808411], [-122.26970737992343, 37.87244212108648], [-122.26964461434542, 37.872134731148954]]]]}",78.0,,,parcel_import_2026-04-25,parcel_import_script,"Imported from berkeley_parcels.csv via APN match",1,,"2026-04-25 18:51:20","2026-04-25 18:51:20"
6,7,1,"{""type"": ""MultiPolygon"", ""coordinates"": [[[[-122.28854021911629, 37.859216774383135], [-122.28876813003608, 37.85918584168565], [-122.28881316504844, 37.859329373538706], [-122.28857139308256, 37.85936050647946], [-122.28854021911629, 37.859216774383135]]]]}",28.0,,,parcel_import_2026-04-25,parcel_import_script,"Imported from berkeley_parcels.csv via APN match",1,,"2026-04-25 18:51:20","2026-04-25 18:51:20"
7,8,1,"{""type"": ""MultiPolygon"", ""coordinates"": [[[[-122.2667401480044, 37.856102708681924], [-122.26708047323233, 37.85606396466496], [-122.26709333832326, 37.856168155884156], [-122.26710785200832, 37.85626818617434], [-122.26712052819616, 37.85636413838727], [-122.26713770580794, 37.856503275259094], [-122.26715032858293, 37.85659716677563], [-122.26681018985246, 37.85664346318044], [-122.2667401480044, 37.856102708681924]]]]}",35.0,,,parcel_import_2026-04-25,parcel_import_script,"Imported from berkeley_parcels.csv via APN match",1,,"2026-04-25 18:51:20","2026-04-25 18:51:20"
8,9,1,"{""type"": ""MultiPolygon"", ""coordinates"": [[[[-122.26590232738812, 37.87461069027057], [-122.26588504733212, 37.874466734692845], [-122.26586350467389, 37.874289893264624], [-122.2661416664758, 37.874256893549045], [-122.26616770936238, 37.874258565545276], [-122.26619405627233, 37.87427463575083], [-122.26621522748009, 37.87429013021297], [-122.26622783811946, 37.87431054463941], [-122.26628087657382, 37.87471902298317], [-122.26592123604571, 37.874749802546255], [-122.26590232738812, 37.87461069027057]]]]}",23.8,,,parcel_import_2026-04-25,parcel_import_script,"Imported from berkeley_parcels.csv via APN match",1,,"2026-04-25 18:51:20","2026-04-25 18:51:20"
9,10,1,"{""type"": ""MultiPolygon"", ""coordinates"": [[[[-122.26657635533849, 37.85489794582511], [-122.26693375217175, 37.85484932760576], [-122.26699411941514, 37.855129291088055], [-122.26661422438595, 37.85517892391511], [-122.26657635533849, 37.85489794582511]]]]}",34.7,,,parcel_import_2026-04-25,parcel_import_script,"Imported from berkeley_parcels.csv via APN match",1,,"2026-04-25 18:51:20","2026-04-25 18:51:20"
10,11,1,"{""type"": ""MultiPolygon"", ""coordinates"": [[[[-122.28055199625508, 37.87073191111111], [-122.28073334723472, 37.87070857703476], [-122.28077091412317, 37.87104654865218], [-122.2807225032433, 37.87105071339525], [-122.2805894567276, 37.8710657758446], [-122.28055199625508, 37.87073191111111]]]]}",48.2,,,parcel_import_2026-04-25,parcel_import_script,"Imported from berkeley_parcels.csv via APN match",1,,"2026-04-25 18:51:20","2026-04-25 18:51:20"
11,12,1,"{""type"": ""MultiPolygon"", ""coordinates"": [[[[-122.26699171628572, 37.868701854913766], [-122.26733197529634, 37.868658311599454], [-122.26736758175193, 37.86884387843026], [-122.26738141237793, 37.86891509444319], [-122.26740127898348, 37.869021913887835], [-122.26736770810464, 37.869026768447014], [-122.26719468226673, 37.86905178582438], [-122.26706136955896, 37.86906856542085], [-122.2670609146114, 37.86906617236289], [-122.26699171628572, 37.868701854913766]]]]}",35.0,,,parcel_import_2026-04-25,parcel_import_script,"Imported from berkeley_parcels.csv via APN match",1,,"2026-04-25 18:51:20","2026-04-25 18:51:20"
12,13,1,"{""type"": ""MultiPolygon"", ""coordinates"": [[[[-122.2677970130208, 37.865272124542756], [-122.26818551319239, 37.865218233501466], [-122.2681934744431, 37.865261379182336], [-122.26820694423766, 37.8653181731219], [-122.26781653764152, 37.86536521967802], [-122.2677970130208, 37.865272124542756]]]]}",59.5,,,parcel_import_2026-04-25,parcel_import_script,"Imported from berkeley_parcels.csv via APN match",1,,"2026-04-25 18:51:20","2026-04-25 18:51:20"
13,14,1,"{""type"": ""MultiPolygon"", ""coordinates"": [[[[-122.26616472438718, 37.85688865891305], [-122.26660507417897, 37.85683125014626], [-122.26663347275465, 37.85707803266258], [-122.26621551778646, 37.857130302215026], [-122.26616472438718, 37.85688865891305]]]]}",41.5,,,parcel_import_2026-04-25,parcel_import_script,"Imported from berkeley_parcels.csv via APN match",1,,"2026-04-25 18:51:20","2026-04-25 18:51:20"
14,15,1,"{""type"": ""MultiPolygon"", ""coordinates"": [[[[-122.2684051405695, 37.87726574689183], [-122.26839035147249, 37.87715404366436], [-122.26837728542152, 37.87704161568805], [-122.26834117964766, 37.87676336747056], [-122.26875064142084, 37.8767132716366], [-122.26881190101207, 37.87724798499854], [-122.2684071699731, 37.87727807473793], [-122.2684051405695, 37.87726574689183]]]]}",39.9,,,parcel_import_2026-04-25,parcel_import_script,"Imported from berkeley_parcels.csv via APN match",1,,"2026-04-25 18:51:20","2026-04-25 18:51:20"
15,16,1,"{""type"": ""MultiPolygon"", ""coordinates"": [[[[-122.2885780863559, 37.85748227996431], [-122.28849395908641, 37.857231409128254], [-122.28882407478976, 37.857142870198366], [-122.28890696216224, 37.857398192924116], [-122.2885780863559, 37.85748227996431]]]]}",35.7,,,parcel_import_2026-04-25,parcel_import_script,"Imported from berkeley_parcels.csv via APN match",1,,"2026-04-25 18:51:20","2026-04-25 18:51:20"
16,17,1,"{""type"": ""MultiPolygon"", ""coordinates"": [[[[-122.27021907921606, 37.87048932915641], [-122.27026226283938, 37.87048386370987], [-122.27051790683129, 37.87045188837567], [-122.27054238464014, 37.87067882035553], [-122.27025911676868, 37.870715331967894], [-122.27021907921606, 37.87048932915641]]]]}",49.0,,,parcel_import_2026-04-25,parcel_import_script,"Imported from berkeley_parcels.csv via APN match",1,,"2026-04-25 18:51:20","2026-04-25 18:51:20"
17,18,1,"{""type"": ""MultiPolygon"", ""coordinates"": [[[[-122.26613057025851, 37.860547199248735], [-122.26678165021562, 37.860463975174014], [-122.26677505799377, 37.860551282036184], [-122.2667561221218, 37.8608468576224], [-122.26632954472754, 37.86090130626557], [-122.26619648327699, 37.86091496264939], [-122.26613057025851, 37.860547199248735]]]]}",25.9,,,parcel_import_2026-04-25,parcel_import_script,"Imported from berkeley_parcels.csv via APN match",1,,"2026-04-25 18:51:20","2026-04-25 18:51:20"
18,19,1,"{""type"": ""MultiPolygon"", ""coordinates"": [[[[-122.26770797902974, 37.8644439220885], [-122.26808796782319, 37.86439702831648], [-122.26809355020539, 37.86441274190318], [-122.26816573747223, 37.86446110423199], [-122.2682140824923, 37.86467326704248], [-122.2682199953658, 37.86470270034828], [-122.26774502462095, 37.8647626827703], [-122.26770797902974, 37.8644439220885]]]]}",24.5,,,parcel_import_2026-04-25,parcel_import_script,"Imported from berkeley_parcels.csv via APN match",1,,"2026-04-25 18:51:20","2026-04-25 18:51:20"
19,20,1,"{""type"": ""MultiPolygon"", ""coordinates"": [[[[-122.26834072600992, 37.86671496660818], [-122.26841151195394, 37.86706823711974], [-122.26857562398996, 37.86704861446543], [-122.26864821260112, 37.8674046080076], [-122.26848061906367, 37.86742291306954], [-122.26804366193926, 37.86748027478138], [-122.2679694310436, 37.86676447485359], [-122.26834072600992, 37.86671496660818]]]]}",25.9,,,parcel_import_2026-04-25,parcel_import_script,"Imported from berkeley_parcels.csv via APN match",1,,"2026-04-25 18:51:20","2026-04-25 18:51:20"
20,21,1,"{""type"": ""MultiPolygon"", ""coordinates"": [[[[-122.2551606616823, 37.86877331031076], [-122.25523323065747, 37.86876536665233], [-122.25534722426896, 37.86875061973853], [-122.25542302547893, 37.86909832878837], [-122.25523315315624, 37.8691286234623], [-122.2551606616823, 37.86877331031076]]]]}",28.0,,,parcel_import_2026-04-25,parcel_import_script,"Imported from berkeley_parcels.csv via APN match",1,,"2026-04-25 18:51:20","2026-04-25 18:51:20"
21,22,1,"{""type"": ""MultiPolygon"", ""coordinates"": [[[[-122.26603976681804, 37.85585979696457], [-122.26601650160971, 37.8557557679286], [-122.26605103743535, 37.85575113063698], [-122.26621333202593, 37.855728782408775], [-122.26619351364758, 37.85562402050176], [-122.266424939621, 37.85559515110643], [-122.2664707120298, 37.85591721074479], [-122.26606489102232, 37.85596929311244], [-122.26603976681804, 37.85585979696457]]]]}",22.9,,,parcel_import_2026-04-25,parcel_import_script,"Imported from berkeley_parcels.csv via APN match",1,,"2026-04-25 18:51:20","2026-04-25 18:51:20"
22,23,1,"{""type"": ""MultiPolygon"", ""coordinates"": [[[[-122.26214017793305, 37.866924445268204], [-122.26221271043364, 37.86691580036684], [-122.26233362476823, 37.8669002554371], [-122.26240632505872, 37.867262431767635], [-122.26221290695409, 37.86728798013969], [-122.26214017793305, 37.866924445268204]]]]}",24.5,,,parcel_import_2026-04-25,parcel_import_script,"Imported from berkeley_parcels.csv via APN match",1,,"2026-04-25 18:51:20","2026-04-25 18:51:20"
23,24,1,"{""type"": ""MultiPolygon"", ""coordinates"": [[[[-122.26197608623805, 37.86694542452996], [-122.26201413310024, 37.86694279330458], [-122.26203308835683, 37.86693839574319], [-122.26214017793305, 37.866924445268204], [-122.26221290695409, 37.86728798013969], [-122.26204882462079, 37.86730896766862], [-122.26197608623805, 37.86694542452996]]]]}",21.0,,,parcel_import_2026-04-25,parcel_import_script,"Imported from berkeley_parcels.csv via APN match",1,,"2026-04-25 18:51:20","2026-04-25 18:51:20"
24,25,1,"{""type"": ""MultiPolygon"", ""coordinates"": [[[[-122.25813409474087, 37.86579825469264], [-122.25847597731523, 37.86575058138047], [-122.2585151687762, 37.865942274304494], [-122.25812491970417, 37.86599615931336], [-122.25808746666563, 37.865804440266764], [-122.25813409474087, 37.86579825469264]]]]}",28.0,,,parcel_import_2026-04-25,parcel_import_script,"Imported from berkeley_parcels.csv via APN match",1,,"2026-04-25 18:51:20","2026-04-25 18:51:20"
25,26,1,"{""type"": ""MultiPolygon"", ""coordinates"": [[[[-122.26359023364937, 37.86685263834067], [-122.26392181229312, 37.86680855303636], [-122.26397280917999, 37.86705912096451], [-122.26363939756068, 37.86709912470797], [-122.26359023364937, 37.86685263834067]]]]}",27.7,,,parcel_import_2026-04-25,parcel_import_script,"Imported from berkeley_parcels.csv via APN match",1,,"2026-04-25 18:51:20","2026-04-25 18:51:20"
26,27,1,"{""type"": ""MultiPolygon"", ""coordinates"": [[[[-122.26167330057974, 37.87688295317811], [-122.26181839294014, 37.87686432216635], [-122.26190961162122, 37.87683823393249], [-122.26200902706515, 37.87679279853877], [-122.26208575727821, 37.877178261164374], [-122.26192171296908, 37.877201321596424], [-122.26174553437416, 37.877225230430284], [-122.26167330057974, 37.87688295317811]]]]}",24.5,,,parcel_import_2026-04-25,parcel_import_script,"Imported from berkeley_parcels.csv via APN match",1,,"2026-04-25 18:51:20","2026-04-25 18:51:20"
27,28,1,"{""type"": ""MultiPolygon"", ""coordinates"": [[[[-122.26375709771106, 37.866366036086575], [-122.26382765240729, 37.86671037783683], [-122.26356337208578, 37.866743182370726], [-122.26349458233076, 37.866400171001], [-122.26375709771106, 37.866366036086575]]]]}",24.5,,,parcel_import_2026-04-25,parcel_import_script,"Imported from berkeley_parcels.csv via APN match",1,,"2026-04-25 18:51:20","2026-04-25 18:51:20"
28,30,1,"{""type"": ""MultiPolygon"", ""coordinates"": [[[[-122.27019325951906, 37.87013332471112], [-122.27048170952081, 37.87009671917422], [-122.27050036543717, 37.870297634464805], [-122.27023266715302, 37.87033256428781], [-122.27019325951906, 37.87013332471112]]]]}",30.5,,,parcel_import_2026-04-25,parcel_import_script,"Imported from berkeley_parcels.csv via APN match",1,,"2026-04-25 18:51:20","2026-04-25 18:51:20"
29,31,1,"{""type"": ""MultiPolygon"", ""coordinates"": [[[[-122.25919983464402, 37.86091714017034], [-122.25952622373165, 37.86087382308346], [-122.25954982924208, 37.860992956579395], [-122.25955950649721, 37.861036071282676], [-122.25953018196398, 37.861041320761004], [-122.25954385982362, 37.86110703349734], [-122.2591638704972, 37.86115389976048], [-122.25919983464402, 37.86091714017034]]]]}",21.0,,,parcel_import_2026-04-25,parcel_import_script,"Imported from berkeley_parcels.csv via APN match",1,,"2026-04-25 18:51:20","2026-04-25 18:51:20"
30,32,1,"{""type"": ""MultiPolygon"", ""coordinates"": [[[[-122.29329535431697, 37.872120473947774], [-122.29317937306163, 37.8717658364801], [-122.2935069934474, 37.87170112169829], [-122.29359649475589, 37.87196344821051], [-122.29370777790587, 37.87194068856764], [-122.2937078408349, 37.87194088542696], [-122.2937362662525, 37.87202966473449], [-122.29373647493694, 37.872030314917076], [-122.29329535431697, 37.872120473947774]]]]}",21.0,,,parcel_import_2026-04-25,parcel_import_script,"Imported from berkeley_parcels.csv via APN match",1,,"2026-04-25 18:51:20","2026-04-25 18:51:20"
31,33,1,"{""type"": ""MultiPolygon"", ""coordinates"": [[[[-122.26786479653461, 37.870806550791784], [-122.26804795609837, 37.87078595950883], [-122.268057779161, 37.87090735424928], [-122.26786604884194, 37.87093150192055], [-122.26786479653461, 37.870806550791784]]]]}",24.5,,,parcel_import_2026-04-25,parcel_import_script,"Imported from berkeley_parcels.csv via APN match",1,,"2026-04-25 18:51:20","2026-04-25 18:51:20"
32,34,1,"{""type"": ""MultiPolygon"", ""coordinates"": [[[[-122.25466412920818, 37.868948935488255], [-122.2549301345941, 37.868915455299344], [-122.25490670150172, 37.86880387046044], [-122.25499481960095, 37.868793641436895], [-122.2551606616823, 37.86877331031076], [-122.25523315315624, 37.8691286234623], [-122.25481346326082, 37.869182936639234], [-122.25478221800248, 37.86918064967872], [-122.2547561456385, 37.869176916435116], [-122.25472458265983, 37.869160910698575], [-122.25470851241903, 37.869140546143385], [-122.25469737419317, 37.86910912692665], [-122.25466412920818, 37.868948935488255]]]]}",28.0,,,parcel_import_2026-04-25,parcel_import_script,"Imported from berkeley_parcels.csv via APN match",1,,"2026-04-25 18:51:20","2026-04-25 18:51:20"
33,35,1,"{""type"": ""MultiPolygon"", ""coordinates"": [[[[-122.26901797780027, 37.869325250199765], [-122.2690673552271, 37.86957926860162], [-122.2686697405353, 37.86961544319144], [-122.26827387551579, 37.86965158945649], [-122.2682510776356, 37.86942256562457], [-122.26901797780027, 37.869325250199765]]]]}",119.0,,,parcel_import_2026-04-25,parcel_import_script,"Imported from berkeley_parcels.csv via APN match",1,,"2026-04-25 18:51:20","2026-04-25 18:51:20"
34,36,1,"{""type"": ""MultiPolygon"", ""coordinates"": [[[[-122.28740893127171, 37.85647955454271], [-122.28738941998894, 37.85638852196677], [-122.28737190995523, 37.85630912459462], [-122.28734658003305, 37.85619208598696], [-122.28778692794924, 37.85613597597118], [-122.28791212229147, 37.85651519221562], [-122.28759781213422, 37.856554293584615], [-122.28749420025899, 37.85656753488399], [-122.28743029488768, 37.856575375185606], [-122.28740893127171, 37.85647955454271]]]]}",28.0,,,parcel_import_2026-04-25,parcel_import_script,"Imported from berkeley_parcels.csv via APN match",1,,"2026-04-25 18:51:20","2026-04-25 18:51:20"
35,38,1,"{""type"": ""MultiPolygon"", ""coordinates"": [[[[-122.25892954869417, 37.865152590896315], [-122.25899153457044, 37.865429082800766], [-122.25897599988512, 37.865431377057874], [-122.25862545145115, 37.865478483528946], [-122.25857372480695, 37.865197020526786], [-122.25892954869417, 37.865152590896315]]]]}",14.0,,,parcel_import_2026-04-25,parcel_import_script,"Imported from berkeley_parcels.csv via APN match",1,,"2026-04-25 18:51:20","2026-04-25 18:51:20"
36,39,1,"{""type"": ""MultiPolygon"", ""coordinates"": [[[[-122.27551064664067, 37.870816093084265], [-122.27568340639839, 37.87079563501471], [-122.27571870210761, 37.87103956960104], [-122.27572466653064, 37.871071755375354], [-122.27555193359036, 37.87109289324105], [-122.27551064664067, 37.870816093084265]]]]}",17.1,,,parcel_import_2026-04-25,parcel_import_script,"Imported from berkeley_parcels.csv via APN match",1,,"2026-04-25 18:51:20","2026-04-25 18:51:20"
37,40,1,"{""type"": ""MultiPolygon"", ""coordinates"": [[[[-122.2770412598375, 37.87063305544324], [-122.27719155018897, 37.87061432014789], [-122.27722899380149, 37.87087538212914], [-122.27707528930401, 37.87089555749958], [-122.2770412598375, 37.87063305544324]]]]}",14.0,,,parcel_import_2026-04-25,parcel_import_script,"Imported from berkeley_parcels.csv via APN match",1,,"2026-04-25 18:51:20","2026-04-25 18:51:20"
38,41,1,"{""type"": ""MultiPolygon"", ""coordinates"": [[[[-122.29086520175858, 37.86690755571757], [-122.29086145554481, 37.86689593891741], [-122.29120274192951, 37.866824155558376], [-122.2913285549679, 37.86722739352544], [-122.29098487369336, 37.867271761699165], [-122.29086520175858, 37.86690755571757]]]]}",21.3,,,parcel_import_2026-04-25,parcel_import_script,"Imported from berkeley_parcels.csv via APN match",1,,"2026-04-25 18:51:20","2026-04-25 18:51:20"
39,42,1,"{""type"": ""MultiPolygon"", ""coordinates"": [[[[-122.27651685661657, 37.87058326884512], [-122.27662571986978, 37.87057133230099], [-122.27668617463756, 37.87056355514937], [-122.27673843291299, 37.870937020993566], [-122.27656569031248, 37.870958161191695], [-122.27651685661657, 37.87058326884512]]]]}",14.0,,,parcel_import_2026-04-25,parcel_import_script,"Imported from berkeley_parcels.csv via APN match",1,,"2026-04-25 18:51:20","2026-04-25 18:51:20"
40,43,1,"{""type"": ""MultiPolygon"", ""coordinates"": [[[[-122.29295872307944, 37.869088321693845], [-122.2932482445784, 37.869024862281684], [-122.29333603068157, 37.869287912449494], [-122.29304479037928, 37.86935207647553], [-122.29295872307944, 37.869088321693845]]]]}",14.0,,,parcel_import_2026-04-25,parcel_import_script,"Imported from berkeley_parcels.csv via APN match",1,,"2026-04-25 18:51:20","2026-04-25 18:51:20"
41,44,1,"{""type"": ""MultiPolygon"", ""coordinates"": [[[[-122.2699872507569, 37.86427655675264], [-122.27016854340319, 37.86425117094875], [-122.27020768235445, 37.86443943040616], [-122.27001078676301, 37.86446435811148], [-122.2699872507569, 37.86427655675264]]]]}",14.0,,,parcel_import_2026-04-25,parcel_import_script,"Imported from berkeley_parcels.csv via APN match",1,,"2026-04-25 18:51:20","2026-04-25 18:51:20"
42,45,1,"{""type"": ""MultiPolygon"", ""coordinates"": [[[[-122.29789346102818, 37.86453872729266], [-122.29830707506765, 37.86445002534158], [-122.29835370117814, 37.86458665546985], [-122.29843471658255, 37.86457031288079], [-122.2985225959539, 37.864836094511], [-122.29802454848067, 37.86494394384462], [-122.29789346102818, 37.86453872729266]]]]}",10.5,,,parcel_import_2026-04-25,parcel_import_script,"Imported from berkeley_parcels.csv via APN match",1,,"2026-04-25 18:51:20","2026-04-25 18:51:20"
43,46,1,"{""type"": ""MultiPolygon"", ""coordinates"": [[[[-122.27619090925651, 37.87759178798435], [-122.27622649978123, 37.8779201686204], [-122.27609697054037, 37.877937913563436], [-122.27605797252959, 37.87761164799709], [-122.27619090925651, 37.87759178798435]]]]}",10.5,,,parcel_import_2026-04-25,parcel_import_script,"Imported from berkeley_parcels.csv via APN match",1,,"2026-04-25 18:51:20","2026-04-25 18:51:20"
44,49,1,"{""type"": ""MultiPolygon"", ""coordinates"": [[[[-122.29953048510448, 37.87332001905457], [-122.29996319852914, 37.87323032565849], [-122.30001316947148, 37.873362097054375], [-122.29958046905996, 37.87345178169383], [-122.29953048510448, 37.87332001905457]]]]}",10.5,,,parcel_import_2026-04-25,parcel_import_script,"Imported from berkeley_parcels.csv via APN match",1,,"2026-04-25 18:51:20","2026-04-25 18:51:20"
45,50,1,"{""type"": ""MultiPolygon"", ""coordinates"": [[[[-122.25853373974, 37.855836600572644], [-122.2586994576728, 37.855812840398016], [-122.25876262957517, 37.856139453094784], [-122.25860028913803, 37.85615971507029], [-122.25853373974, 37.855836600572644]]]]}",10.5,,,parcel_import_2026-04-25,parcel_import_script,"Imported from berkeley_parcels.csv via APN match",1,,"2026-04-25 18:51:20","2026-04-25 18:51:20"
46,51,1,"{""type"": ""MultiPolygon"", ""coordinates"": [[[[-122.25319635021918, 37.85742467070557], [-122.25346248867325, 37.85739806409561], [-122.2537441781479, 37.85737052887114], [-122.2537481837325, 37.85739311632174], [-122.25376387979789, 37.857471180334144], [-122.25372410149465, 37.85747383129037], [-122.25355652484947, 37.857492118025405], [-122.25320576231039, 37.85752959852365], [-122.25319635021918, 37.85742467070557]]]]}",10.5,,,parcel_import_2026-04-25,parcel_import_script,"Imported from berkeley_parcels.csv via APN match",1,,"2026-04-25 18:51:20","2026-04-25 18:51:20"
47,52,1,"{""type"": ""MultiPolygon"", ""coordinates"": [[[[-122.25008075883333, 37.86655723923688], [-122.25047108516017, 37.86650612135452], [-122.25049515133692, 37.866645168056294], [-122.250154852925, 37.866687296107884], [-122.25010820666927, 37.866692800628556], [-122.25008075883333, 37.86655723923688]]]]}",7.0,,,parcel_import_2026-04-25,parcel_import_script,"Imported from berkeley_parcels.csv via APN match",1,,"2026-04-25 18:51:20","2026-04-25 18:51:20"
48,53,1,"{""type"": ""MultiPolygon"", ""coordinates"": [[[[-122.25301859343524, 37.8625102230996], [-122.25301382220039, 37.862455363629145], [-122.25316083466879, 37.86244562403025], [-122.25331304675855, 37.86243579735059], [-122.25347909384804, 37.862425101922675], [-122.25349030294711, 37.86253274670696], [-122.25302318153064, 37.862558223476405], [-122.25301859343524, 37.8625102230996]]]]}",10.5,,,parcel_import_2026-04-25,parcel_import_script,"Imported from berkeley_parcels.csv via APN match",1,,"2026-04-25 18:51:20","2026-04-25 18:51:20"
49,54,1,"{""type"": ""MultiPolygon"", ""coordinates"": [[[[-122.26463112603851, 37.86349013639898], [-122.26497133951135, 37.86344591901659], [-122.26504926525271, 37.863808697103316], [-122.2649075784173, 37.86382454958841], [-122.26476942886273, 37.86384240593343], [-122.2647072694832, 37.86385088918243], [-122.26463112603851, 37.86349013639898]]]]}",10.5,,,parcel_import_2026-04-25,parcel_import_script,"Imported from berkeley_parcels.csv via APN match",1,,"2026-04-25 18:51:20","2026-04-25 18:51:20"
50,56,1,"{""type"": ""MultiPolygon"", ""coordinates"": [[[[-122.30037435491612, 37.872253066194844], [-122.30087443557161, 37.872155475117935], [-122.30090435983402, 37.87224634721799], [-122.30040618324306, 37.8723507734213], [-122.30037435491612, 37.872253066194844]]]]}",10.5,,,parcel_import_2026-04-25,parcel_import_script,"Imported from berkeley_parcels.csv via APN match",1,,"2026-04-25 18:51:20","2026-04-25 18:51:20"
51,57,1,"{""type"": ""MultiPolygon"", ""coordinates"": [[[[-122.27815885466646, 37.85126785924448], [-122.27835220526083, 37.851241586395346], [-122.27840051649233, 37.85145029611369], [-122.27819847306257, 37.851476001114676], [-122.27815885466646, 37.85126785924448]]]]}",10.5,,,parcel_import_2026-04-25,parcel_import_script,"Imported from berkeley_parcels.csv via APN match",1,,"2026-04-25 18:51:20","2026-04-25 18:51:20"
52,58,1,"{""type"": ""MultiPolygon"", ""coordinates"": [[[[-122.29177507646112, 37.877608979615665], [-122.29175441605581, 37.877542686092745], [-122.2918665423582, 37.87752175392904], [-122.2920010440345, 37.87749499598228], [-122.29204922530852, 37.877624730148256], [-122.29179751962722, 37.87767731446908], [-122.29177507646112, 37.877608979615665]]]]}",18.3,,,parcel_import_2026-04-25,parcel_import_script,"Imported from berkeley_parcels.csv via APN match",1,,"2026-04-25 18:51:20","2026-04-25 18:51:20"
53,59,1,"{""type"": ""MultiPolygon"", ""coordinates"": [[[[-122.26823903193883, 37.87967372045454], [-122.2686692957966, 37.87962401567062], [-122.26867546061119, 37.87966443807999], [-122.26868023519383, 37.87971930494268], [-122.26825702666595, 37.87977440007159], [-122.26823903193883, 37.87967372045454]]]]}",10.5,,,parcel_import_2026-04-25,parcel_import_script,"Imported from berkeley_parcels.csv via APN match",1,,"2026-04-25 18:51:20","2026-04-25 18:51:20"
54,60,1,"{""type"": ""MultiPolygon"", ""coordinates"": [[[[-122.30065785558863, 37.87536703589974], [-122.30021819204673, 37.87545614427679], [-122.30017856241041, 37.875322158716685], [-122.300618256824, 37.87523511732977], [-122.30065785558863, 37.87536703589974]]]]}",10.5,,,parcel_import_2026-04-25,parcel_import_script,"Imported from berkeley_parcels.csv via APN match",1,,"2026-04-25 18:51:20","2026-04-25 18:51:20"
55,61,1,"{""type"": ""MultiPolygon"", ""coordinates"": [[[[-122.29129876041414, 37.85494486672717], [-122.29174310590096, 37.8548392343462], [-122.29178801969928, 37.85497795513856], [-122.29157774030288, 37.85502097624864], [-122.29159266583954, 37.8550653737116], [-122.2913548426109, 37.85511568512245], [-122.29129876041414, 37.85494486672717]]]]}",10.5,,,parcel_import_2026-04-25,parcel_import_script,"Imported from berkeley_parcels.csv via APN match",1,,"2026-04-25 18:51:20","2026-04-25 18:51:20"
56,62,1,"{""type"": ""MultiPolygon"", ""coordinates"": [[[[-122.26463112603851, 37.86349013639898], [-122.26497133951135, 37.86344591901659], [-122.26504926525271, 37.863808697103316], [-122.2649075784173, 37.86382454958841], [-122.26476942886273, 37.86384240593343], [-122.2647072694832, 37.86385088918243], [-122.26463112603851, 37.86349013639898]]]]}",10.5,,,parcel_import_2026-04-25,parcel_import_script,"Imported from berkeley_parcels.csv via APN match",1,,"2026-04-25 18:51:20","2026-04-25 18:51:20"
57,63,1,"{""type"": ""MultiPolygon"", ""coordinates"": [[[[-122.29790728892927, 37.871828524923906], [-122.2983158675926, 37.87174469621577], [-122.29833849830462, 37.87182056943755], [-122.29834776356057, 37.8718451524407], [-122.29793751514786, 37.87193174998486], [-122.29790728892927, 37.871828524923906]]]]}",10.5,,,parcel_import_2026-04-25,parcel_import_script,"Imported from berkeley_parcels.csv via APN match",1,,"2026-04-25 18:51:20","2026-04-25 18:51:20"
58,64,1,"{""type"": ""MultiPolygon"", ""coordinates"": [[[[-122.27940356005912, 37.85889684437249], [-122.2795763253005, 37.85887775674125], [-122.27965241348251, 37.85923300939513], [-122.27947629434213, 37.85925695441234], [-122.27940356005912, 37.85889684437249]]]]}",10.5,,,parcel_import_2026-04-25,parcel_import_script,"Imported from berkeley_parcels.csv via APN match",1,,"2026-04-25 18:51:20","2026-04-25 18:51:20"
59,65,1,"{""type"": ""MultiPolygon"", ""coordinates"": [[[[-122.27212710609986, 37.8748078755748], [-122.27227918725508, 37.87479116935766], [-122.27235378059147, 37.875158111619086], [-122.27220183445, 37.87517962624993], [-122.27212710609986, 37.8748078755748]]]]}",10.5,,,parcel_import_2026-04-25,parcel_import_script,"Imported from berkeley_parcels.csv via APN match",1,,"2026-04-25 18:51:20","2026-04-25 18:51:20"
60,66,1,"{""type"": ""MultiPolygon"", ""coordinates"": [[[[-122.26476942886273, 37.86384240593343], [-122.2649075784173, 37.86382454958841], [-122.26498745877043, 37.86419622754107], [-122.2648406590461, 37.86421490331741], [-122.26476942886273, 37.86384240593343]]]]}",10.5,,,parcel_import_2026-04-25,parcel_import_script,"Imported from berkeley_parcels.csv via APN match",1,,"2026-04-25 18:51:20","2026-04-25 18:51:20"
61,67,1,"{""type"": ""MultiPolygon"", ""coordinates"": [[[[-122.27571958422035, 37.88048503632824], [-122.27571074626404, 37.880405525987406], [-122.27617033973934, 37.88035054395793], [-122.2761850849904, 37.88045950420329], [-122.27572382166939, 37.88051726100064], [-122.27571958422035, 37.88048503632824]]]]}",10.5,,,parcel_import_2026-04-25,parcel_import_script,"Imported from berkeley_parcels.csv via APN match",1,,"2026-04-25 18:51:20","2026-04-25 18:51:20"
62,68,1,"{""type"": ""MultiPolygon"", ""coordinates"": [[[[-122.28582956994188, 37.86150522557607], [-122.28569278561585, 37.86152275338185], [-122.28563755496198, 37.86125163718545], [-122.2857743387979, 37.8612341094381], [-122.28582956994188, 37.86150522557607]]]]}",10.5,,,parcel_import_2026-04-25,parcel_import_script,"Imported from berkeley_parcels.csv via APN match",1,,"2026-04-25 18:51:20","2026-04-25 18:51:20"
63,69,1,"{""type"": ""MultiPolygon"", ""coordinates"": [[[[-122.29069886362417, 37.85520101593506], [-122.29070836716494, 37.855230034495264], [-122.29070835782116, 37.85523006057654], [-122.29070878456308, 37.855231316848496], [-122.29072867521097, 37.85529549169966], [-122.2906252478393, 37.855316291532745], [-122.29029256910565, 37.85538381996034], [-122.29026087051406, 37.85529023130587], [-122.29069886362417, 37.85520101593506]]]]}",10.5,,,parcel_import_2026-04-25,parcel_import_script,"Imported from berkeley_parcels.csv via APN match",1,,"2026-04-25 18:51:20","2026-04-25 18:51:20"
64,70,1,"{""type"": ""MultiPolygon"", ""coordinates"": [[[[-122.25356696621779, 37.85580887181235], [-122.25385883078619, 37.855772260769236], [-122.25386830353563, 37.855879930684374], [-122.25357653339667, 37.85592066305906], [-122.25356696621779, 37.85580887181235]]]]}",10.5,,,parcel_import_2026-04-25,parcel_import_script,"Imported from berkeley_parcels.csv via APN match",1,,"2026-04-25 18:51:20","2026-04-25 18:51:20"
65,71,1,"{""type"": ""MultiPolygon"", ""coordinates"": [[[[-122.25117430190845, 37.88917711373094], [-122.2513996066737, 37.88917789153698], [-122.25150347425411, 37.88946681545936], [-122.25123925648094, 37.8895057606488], [-122.25124542073172, 37.88947338954652], [-122.251244886985, 37.88945074309589], [-122.25122684862286, 37.8894207930225], [-122.25120916691307, 37.88940526131482], [-122.25119032183885, 37.88934166733588], [-122.2511893525845, 37.88930048943742], [-122.25117430190845, 37.88917711373094]]]]}",10.5,,,parcel_import_2026-04-25,parcel_import_script,"Imported from berkeley_parcels.csv via APN match",1,,"2026-04-25 18:51:20","2026-04-25 18:51:20"
66,72,1,"{""type"": ""MultiPolygon"", ""coordinates"": [[[[-122.25766887149767, 37.88235584287475], [-122.25781523497199, 37.88224379272334], [-122.25808365233272, 37.88223704591338], [-122.25816063498587, 37.88241444513801], [-122.25777638067694, 37.88250531370967], [-122.25775108194951, 37.88246174720701], [-122.25773120286011, 37.88242702227031], [-122.2577098589061, 37.88240398953213], [-122.25766887149767, 37.88235584287475]]]]}",10.5,,,parcel_import_2026-04-25,parcel_import_script,"Imported from berkeley_parcels.csv via APN match",1,,"2026-04-25 18:51:20","2026-04-25 18:51:20"
67,74,1,"{""type"": ""MultiPolygon"", ""coordinates"": [[[[-122.27480680343135, 37.865801426496304], [-122.2752644833178, 37.86574305226406], [-122.27527002829355, 37.865829496027885], [-122.27527219133047, 37.86584800116381], [-122.27481965450174, 37.865904248504144], [-122.27480680343135, 37.865801426496304]]]]}",10.5,,,parcel_import_2026-04-25,parcel_import_script,"Imported from berkeley_parcels.csv via APN match",1,,"2026-04-25 18:51:20","2026-04-25 18:51:20"
68,75,1,"{""type"": ""MultiPolygon"", ""coordinates"": [[[[-122.27466920052125, 37.88945051566243], [-122.27483626840623, 37.889406805897394], [-122.2750335997726, 37.889832332937154], [-122.27487186620542, 37.88988077065038], [-122.27466920052125, 37.88945051566243]]]]}",10.5,,,parcel_import_2026-04-25,parcel_import_script,"Imported from berkeley_parcels.csv via APN match",1,,"2026-04-25 18:51:20","2026-04-25 18:51:20"
69,76,1,"{""type"": ""MultiPolygon"", ""coordinates"": [[[[-122.27594639357781, 37.87027391477567], [-122.27611898257855, 37.870246597078115], [-122.27617148502041, 37.87063035383182], [-122.2760039877582, 37.8706534758533], [-122.27594639357781, 37.87027391477567]]]]}",10.5,,,parcel_import_2026-04-25,parcel_import_script,"Imported from berkeley_parcels.csv via APN match",1,,"2026-04-25 18:51:20","2026-04-25 18:51:20"
70,77,1,"{""type"": ""MultiPolygon"", ""coordinates"": [[[[-122.30173274523895, 37.87653518928078], [-122.30199141014656, 37.87648454647868], [-122.30212937159469, 37.876457721736735], [-122.30215697423705, 37.87645248751765], [-122.30219807745769, 37.876575469147134], [-122.30177543603358, 37.876652655547915], [-122.30173274523895, 37.87653518928078]]]]}",10.5,,,parcel_import_2026-04-25,parcel_import_script,"Imported from berkeley_parcels.csv via APN match",1,,"2026-04-25 18:51:20","2026-04-25 18:51:20"
71,78,1,"{""type"": ""MultiPolygon"", ""coordinates"": [[[[-122.25745557215826, 37.88980755593164], [-122.25755553246172, 37.88956504052949], [-122.25760803843475, 37.889586916077675], [-122.25772180020226, 37.88963466721738], [-122.25773450732987, 37.889638694086486], [-122.25773424245612, 37.88963936297466], [-122.25764849935115, 37.889857663151], [-122.25763692046625, 37.88985498450472], [-122.25745557215826, 37.88980755593164]]]]}",10.5,,,parcel_import_2026-04-25,parcel_import_script,"Imported from berkeley_parcels.csv via APN match",1,,"2026-04-25 18:51:20","2026-04-25 18:51:20"
72,79,1,"{""type"": ""MultiPolygon"", ""coordinates"": [[[[-122.29057791707469, 37.866848059356165], [-122.29056998769883, 37.866806969386516], [-122.29051479243894, 37.866816740290304], [-122.29050128817354, 37.86675994863941], [-122.29045715587318, 37.8665820738315], [-122.29066093754089, 37.86655563474009], [-122.29073743249322, 37.86692529685125], [-122.29059932934095, 37.86694592731715], [-122.29057791707469, 37.866848059356165]]]]}",10.5,,,parcel_import_2026-04-25,parcel_import_script,"Imported from berkeley_parcels.csv via APN match",1,,"2026-04-25 18:51:20","2026-04-25 18:51:20"
73,80,1,"{""type"": ""MultiPolygon"", ""coordinates"": [[[[-122.26527536991978, 37.90017392645916], [-122.26524707696791, 37.90015031277855], [-122.26561592165407, 37.899990982390065], [-122.26570369730332, 37.900111208314684], [-122.26537084571004, 37.900252833423465], [-122.26527536991978, 37.90017392645916]]]]}",10.5,,,parcel_import_2026-04-25,parcel_import_script,"Imported from berkeley_parcels.csv via APN match",1,,"2026-04-25 18:51:20","2026-04-25 18:51:20"
74,81,1,"{""type"": ""MultiPolygon"", ""coordinates"": [[[[-122.27502094226745, 37.878515810687674], [-122.27548052435736, 37.878460840231476], [-122.2754986764271, 37.87856768009149], [-122.27503568897622, 37.87862546059855], [-122.27502094226745, 37.878515810687674]]]]}",10.5,,,parcel_import_2026-04-25,parcel_import_script,"Imported from berkeley_parcels.csv via APN match",1,,"2026-04-25 18:51:20","2026-04-25 18:51:20"
75,82,1,"{""type"": ""MultiPolygon"", ""coordinates"": [[[[-122.25722415682304, 37.85400545743518], [-122.25729320623265, 37.85399551008219], [-122.25733277503427, 37.85420366824454], [-122.25727060705682, 37.85421146888252], [-122.25722415682304, 37.85400545743518]]]]}",10.5,,,parcel_import_2026-04-25,parcel_import_script,"Imported from berkeley_parcels.csv via APN match",1,,"2026-04-25 18:51:20","2026-04-25 18:51:20"
76,83,1,"{""type"": ""MultiPolygon"", ""coordinates"": [[[[-122.26031839565893, 37.888492471778626], [-122.2606843605582, 37.88835998041825], [-122.26070642309682, 37.88841320217202], [-122.26075033238175, 37.888510754902406], [-122.26038039302789, 37.88862201597461], [-122.26035829446896, 37.88856741045815], [-122.26031839565893, 37.888492471778626]]]]}",10.5,,,parcel_import_2026-04-25,parcel_import_script,"Imported from berkeley_parcels.csv via APN match",1,,"2026-04-25 18:51:20","2026-04-25 18:51:20"
77,84,1,"{""type"": ""MultiPolygon"", ""coordinates"": [[[[-122.25426564574751, 37.86140259788645], [-122.25462539862698, 37.86137871225898], [-122.25464065361074, 37.86151101218565], [-122.25427737235378, 37.86153220588187], [-122.25426564574751, 37.86140259788645]]]]}",10.5,,,parcel_import_2026-04-25,parcel_import_script,"Imported from berkeley_parcels.csv via APN match",1,,"2026-04-25 18:51:20","2026-04-25 18:51:20"
78,85,1,"{""type"": ""MultiPolygon"", ""coordinates"": [[[[-122.27454511119225, 37.860727941135416], [-122.27471955178086, 37.860706082380354], [-122.27472627522802, 37.860769853350774], [-122.27475233094536, 37.86106267462078], [-122.2746263879744, 37.861084487912585], [-122.27454511119225, 37.860727941135416]]]]}",10.5,,,parcel_import_2026-04-25,parcel_import_script,"Imported from berkeley_parcels.csv via APN match",1,,"2026-04-25 18:51:20","2026-04-25 18:51:20"
79,86,1,"{""type"": ""MultiPolygon"", ""coordinates"": [[[[-122.25797083719793, 37.88654290907646], [-122.2579067509549, 37.88625133656897], [-122.25797520061973, 37.88621338127207], [-122.25832408552269, 37.88601988672094], [-122.25835381955811, 37.88605009238004], [-122.2584307602861, 37.88612825196846], [-122.25843076590851, 37.886128258312915], [-122.25848597673009, 37.88618433459213], [-122.2585260406167, 37.88622504129849], [-122.25853744661507, 37.88623662890824], [-122.25859090136605, 37.886290928452276], [-122.25869376131304, 37.88677454261325], [-122.25858959346078, 37.886766482494124], [-122.25849736324892, 37.886750005537706], [-122.25836821002115, 37.886711411703914], [-122.25830001497258, 37.886684959136744], [-122.25821224754476, 37.88663819793578], [-122.25810548907592, 37.88659378471049], [-122.25797475819753, 37.886561391283145], [-122.25797083719793, 37.88654290907646]]]]}",10.5,,,parcel_import_2026-04-25,parcel_import_script,"Imported from berkeley_parcels.csv via APN match",1,,"2026-04-25 18:51:20","2026-04-25 18:51:20"
80,87,1,"{""type"": ""MultiPolygon"", ""coordinates"": [[[[-122.2909085708297, 37.86741231039857], [-122.29102598604419, 37.86739680052654], [-122.29110249330243, 37.86762293420208], [-122.29112671340887, 37.86769328445833], [-122.29114908388027, 37.867758877363215], [-122.2911528786378, 37.86777255660387], [-122.2910267235518, 37.86778614108349], [-122.29098702932144, 37.867791553157915], [-122.2909085708297, 37.86741231039857]]]]}",10.5,,,parcel_import_2026-04-25,parcel_import_script,"Imported from berkeley_parcels.csv via APN match",1,,"2026-04-25 18:51:20","2026-04-25 18:51:20"
81,88,1,"{""type"": ""MultiPolygon"", ""coordinates"": [[[[-122.27545229740473, 37.89747647880446], [-122.27574498434905, 37.89732306029823], [-122.2757842076807, 37.89736848410184], [-122.27581608253254, 37.89739753044255], [-122.27584269341952, 37.89742253275681], [-122.27561000704651, 37.897621059806255], [-122.27555184294181, 37.89758073061861], [-122.27554118825523, 37.897569905466426], [-122.27550748158262, 37.897537446316704], [-122.27546128936996, 37.89749007240041], [-122.27545229740473, 37.89747647880446]]]]}",10.5,,,parcel_import_2026-04-25,parcel_import_script,"Imported from berkeley_parcels.csv via APN match",1,,"2026-04-25 18:51:20","2026-04-25 18:51:20"
82,89,1,"{""type"": ""MultiPolygon"", ""coordinates"": [[[[-122.29558651434638, 37.867282869490666], [-122.29554349279601, 37.86715168569547], [-122.29569507432373, 37.86711504557158], [-122.29584845970554, 37.86708249709688], [-122.2961467119803, 37.867022333675486], [-122.29622777820526, 37.86729371374868], [-122.29593304157392, 37.867355889349504], [-122.29577789407452, 37.867387773052], [-122.295631331372, 37.86741678681684], [-122.29558651434638, 37.867282869490666]]]]}",10.5,,,parcel_import_2026-04-25,parcel_import_script,"Imported from berkeley_parcels.csv via APN match",1,,"2026-04-25 18:51:20","2026-04-25 18:51:20"
83,90,1,"{""type"": ""MultiPolygon"", ""coordinates"": [[[[-122.27558739473994, 37.900078376162156], [-122.27588590737012, 37.899878180392314], [-122.27600827612994, 37.89992165868265], [-122.27569882112671, 37.90017215948414], [-122.27558739473994, 37.900078376162156]]]]}",10.5,,,parcel_import_2026-04-25,parcel_import_script,"Imported from berkeley_parcels.csv via APN match",1,,"2026-04-25 18:51:20","2026-04-25 18:51:20"
84,91,1,"{""type"": ""MultiPolygon"", ""coordinates"": [[[[-122.26986838390988, 37.871057187531726], [-122.27015685379902, 37.87102148332558], [-122.27020148362651, 37.87136689878681], [-122.26996280812168, 37.87139541042202], [-122.26994794924204, 37.871342953244124], [-122.26986838390988, 37.871057187531726]]]]}",10.5,,,parcel_import_2026-04-25,parcel_import_script,"Imported from berkeley_parcels.csv via APN match",1,,"2026-04-25 18:51:20","2026-04-25 18:51:20"
85,92,1,"{""type"": ""MultiPolygon"", ""coordinates"": [[[[-122.2566629194917, 37.854077681206135], [-122.25670598677974, 37.85428717123387], [-122.2564487250194, 37.854321901562805], [-122.25640557359534, 37.85410897608433], [-122.2566629194917, 37.854077681206135]]]]}",10.5,,,parcel_import_2026-04-25,parcel_import_script,"Imported from berkeley_parcels.csv via APN match",1,,"2026-04-25 18:51:20","2026-04-25 18:51:20"
86,93,1,"{""type"": ""MultiPolygon"", ""coordinates"": [[[[-122.28399041447351, 37.866887371688506], [-122.28433064214246, 37.86684308676911], [-122.28434177043039, 37.866945920735354], [-122.28399813264805, 37.86699232461555], [-122.28399041447351, 37.866887371688506]]]]}",10.5,,,parcel_import_2026-04-25,parcel_import_script,"Imported from berkeley_parcels.csv via APN match",1,,"2026-04-25 18:51:20","2026-04-25 18:51:20"
87,94,1,"{""type"": ""MultiPolygon"", ""coordinates"": [[[[-122.27445386177686, 37.86900812604266], [-122.27445050088112, 37.86893949897281], [-122.27444895306671, 37.86887566082511], [-122.27448522059987, 37.868870307125206], [-122.2746078207512, 37.86885335396828], [-122.27473906049022, 37.86883558686147], [-122.27474106322583, 37.868846546293355], [-122.27488447141253, 37.8688306556655], [-122.27490004288916, 37.86897463385072], [-122.27445610923624, 37.86902937163162], [-122.27445386177686, 37.86900812604266]]]]}",10.5,,,parcel_import_2026-04-25,parcel_import_script,"Imported from berkeley_parcels.csv via APN match",1,,"2026-04-25 18:51:20","2026-04-25 18:51:20"
88,95,1,"{""type"": ""MultiPolygon"", ""coordinates"": [[[[-122.26799608539054, 37.85627626657994], [-122.26824996570706, 37.856244989744695], [-122.26816683055199, 37.85646323598519], [-122.26801481484412, 37.85648130295828], [-122.26799608539054, 37.85627626657994]]]]}",10.5,,,parcel_import_2026-04-25,parcel_import_script,"Imported from berkeley_parcels.csv via APN match",1,,"2026-04-25 18:51:20","2026-04-25 18:51:20"
89,96,1,"{""type"": ""MultiPolygon"", ""coordinates"": [[[[-122.27245934190269, 37.87072941316434], [-122.2727754389462, 37.87068964799388], [-122.2728190673195, 37.871065301893694], [-122.2725081437602, 37.87110430329983], [-122.27245934190269, 37.87072941316434]]]]}",10.5,,,parcel_import_2026-04-25,parcel_import_script,"Imported from berkeley_parcels.csv via APN match",1,,"2026-04-25 18:51:20","2026-04-25 18:51:20"
90,97,1,"{""type"": ""MultiPolygon"", ""coordinates"": [[[[-122.27456090177918, 37.87913113776579], [-122.27488383042717, 37.87908508216814], [-122.274895157545, 37.87919684257528], [-122.27457392261779, 37.87924081944644], [-122.27456090177918, 37.87913113776579]]]]}",10.5,,,parcel_import_2026-04-25,parcel_import_script,"Imported from berkeley_parcels.csv via APN match",1,,"2026-04-25 18:51:20","2026-04-25 18:51:20"
91,98,1,"{""type"": ""MultiPolygon"", ""coordinates"": [[[[-122.29993747129286, 37.87816806786761], [-122.3003254464991, 37.878090062013264], [-122.30043747503042, 37.87842277636735], [-122.30004435379011, 37.87850224452324], [-122.29993747129286, 37.87816806786761]]]]}",10.5,,,parcel_import_2026-04-25,parcel_import_script,"Imported from berkeley_parcels.csv via APN match",1,,"2026-04-25 18:51:20","2026-04-25 18:51:20"
92,99,1,"{""type"": ""MultiPolygon"", ""coordinates"": [[[[-122.2953972903953, 37.86404590457778], [-122.29556969944933, 37.86401169742307], [-122.295736952491, 37.863978940000464], [-122.2958213849067, 37.8639604799748], [-122.29586272310841, 37.86409376269392], [-122.29543849833824, 37.86417368786754], [-122.2953972903953, 37.86404590457778]]]]}",10.5,,,parcel_import_2026-04-25,parcel_import_script,"Imported from berkeley_parcels.csv via APN match",1,,"2026-04-25 18:51:20","2026-04-25 18:51:20"
93,100,1,"{""type"": ""MultiPolygon"", ""coordinates"": [[[[-122.27125291406851, 37.897913096806406], [-122.27154473569288, 37.897722627000206], [-122.27167798632638, 37.897786555243336], [-122.27174513526884, 37.89784047476088], [-122.27176301051229, 37.89786355647407], [-122.2713292502223, 37.89798886387032], [-122.27125291406851, 37.897913096806406]]]]}",10.5,,,parcel_import_2026-04-25,parcel_import_script,"Imported from berkeley_parcels.csv via APN match",1,,"2026-04-25 18:51:20","2026-04-25 18:51:20"
94,101,1,"{""type"": ""MultiPolygon"", ""coordinates"": [[[[-122.27457740107057, 37.90321182490683], [-122.27472525859199, 37.90316153129197], [-122.27476881080555, 37.903243279605256], [-122.27484500389122, 37.90338566390554], [-122.27470062729033, 37.90343589439705], [-122.27457740107057, 37.90321182490683]]]]}",10.5,,,parcel_import_2026-04-25,parcel_import_script,"Imported from berkeley_parcels.csv via APN match",1,,"2026-04-25 18:51:20","2026-04-25 18:51:20"
95,102,1,"{""type"": ""MultiPolygon"", ""coordinates"": [[[[-122.28934772724791, 37.876393951364314], [-122.28931212272468, 37.876282567503985], [-122.28930643450647, 37.87626204409984], [-122.28938758674713, 37.87625051434158], [-122.28946951099456, 37.87623922442375], [-122.28947330252596, 37.87625040890446], [-122.28951012415305, 37.87635928365621], [-122.28951521979248, 37.87637012450193], [-122.28956759553176, 37.87653000887555], [-122.28961634243288, 37.87668309811826], [-122.28944529878575, 37.87670354547467], [-122.28934772724791, 37.876393951364314]]]]}",10.5,,,parcel_import_2026-04-25,parcel_import_script,"Imported from berkeley_parcels.csv via APN match",1,,"2026-04-25 18:51:20","2026-04-25 18:51:20"
96,103,1,"{""type"": ""MultiPolygon"", ""coordinates"": [[[[-122.280728665981, 37.863873955687204], [-122.28072831844264, 37.86385953377377], [-122.28088221257528, 37.86384760153801], [-122.28090094961274, 37.86397848010414], [-122.28074209063982, 37.864000106987326], [-122.280728665981, 37.863873955687204]]]]}",10.5,,,parcel_import_2026-04-25,parcel_import_script,"Imported from berkeley_parcels.csv via APN match",1,,"2026-04-25 18:51:20","2026-04-25 18:51:20"
97,104,1,"{""type"": ""MultiPolygon"", ""coordinates"": [[[[-122.28399018545272, 37.878116240282665], [-122.28388719187318, 37.87793993774438], [-122.28402455079761, 37.87788773311364], [-122.28415300925812, 37.87811377221383], [-122.2840894629358, 37.87813671211288], [-122.28401732328275, 37.87816321028743], [-122.28399018545272, 37.878116240282665]]]]}",10.5,,,parcel_import_2026-04-25,parcel_import_script,"Imported from berkeley_parcels.csv via APN match",1,,"2026-04-25 18:51:20","2026-04-25 18:51:20"
98,105,1,"{""type"": ""MultiPolygon"", ""coordinates"": [[[[-122.26952357399013, 37.886016686543165], [-122.26992826024204, 37.88598315540745], [-122.26993971188685, 37.88609971717542], [-122.26954016350717, 37.88613111533204], [-122.26952357399013, 37.886016686543165]]]]}",10.5,,,parcel_import_2026-04-25,parcel_import_script,"Imported from berkeley_parcels.csv via APN match",1,,"2026-04-25 18:51:20","2026-04-25 18:51:20"
99,106,1,"{""type"": ""MultiPolygon"", ""coordinates"": [[[[-122.27021930526284, 37.874146374614], [-122.27035747978249, 37.874128504922005], [-122.27043186664639, 37.874486530647815], [-122.27029195273317, 37.87450442299006], [-122.27021930526284, 37.874146374614]]]]}",10.5,,,parcel_import_2026-04-25,parcel_import_script,"Imported from berkeley_parcels.csv via APN match",1,,"2026-04-25 18:51:20","2026-04-25 18:51:20"
100,107,1,"{""type"": ""MultiPolygon"", ""coordinates"": [[[[-122.28819917683482, 37.860839377950114], [-122.28811731354378, 37.86084986980362], [-122.28806239312246, 37.86085690852195], [-122.28799066983797, 37.86050514318767], [-122.28812745177777, 37.860487612684885], [-122.28819917683482, 37.860839377950114]]]]}",10.5,,,parcel_import_2026-04-25,parcel_import_script,"Imported from berkeley_parcels.csv via APN match",1,,"2026-04-25 18:51:20","2026-04-25 18:51:20"
101,108,1,"{""type"": ""MultiPolygon"", ""coordinates"": [[[[-122.295591700343, 37.86327453181551], [-122.29555043352629, 37.86314399836062], [-122.295943441451, 37.86306247736043], [-122.29606918183646, 37.86346228794463], [-122.2957554360562, 37.86352542839894], [-122.29567443119174, 37.86325679446211], [-122.295591700343, 37.86327453181551]]]]}",10.5,,,parcel_import_2026-04-25,parcel_import_script,"Imported from berkeley_parcels.csv via APN match",1,,"2026-04-25 18:51:20","2026-04-25 18:51:20"
102,109,1,"{""type"": ""MultiPolygon"", ""coordinates"": [[[[-122.25797083719793, 37.88654290907646], [-122.2579067509549, 37.88625133656897], [-122.25797520061973, 37.88621338127207], [-122.25832408552269, 37.88601988672094], [-122.25835381955811, 37.88605009238004], [-122.2584307602861, 37.88612825196846], [-122.25843076590851, 37.886128258312915], [-122.25848597673009, 37.88618433459213], [-122.2585260406167, 37.88622504129849], [-122.25853744661507, 37.88623662890824], [-122.25859090136605, 37.886290928452276], [-122.25869376131304, 37.88677454261325], [-122.25858959346078, 37.886766482494124], [-122.25849736324892, 37.886750005537706], [-122.25836821002115, 37.886711411703914], [-122.25830001497258, 37.886684959136744], [-122.25821224754476, 37.88663819793578], [-122.25810548907592, 37.88659378471049], [-122.25797475819753, 37.886561391283145], [-122.25797083719793, 37.88654290907646]]]]}",10.5,,,parcel_import_2026-04-25,parcel_import_script,"Imported from berkeley_parcels.csv via APN match",1,,"2026-04-25 18:51:20","2026-04-25 18:51:20"
103,110,1,"{""type"": ""MultiPolygon"", ""coordinates"": [[[[-122.26539792017589, 37.86339077239495], [-122.2655101559326, 37.863375362895965], [-122.2655632483527, 37.863641001257974], [-122.2654492678771, 37.86365576180536], [-122.26539792017589, 37.86339077239495]]]]}",10.5,,,parcel_import_2026-04-25,parcel_import_script,"Imported from berkeley_parcels.csv via APN match",1,,"2026-04-25 18:51:20","2026-04-25 18:51:20"
104,111,1,"{""type"": ""MultiPolygon"", ""coordinates"": [[[[-122.27212237240308, 37.9044153763826], [-122.27229334721905, 37.9041717856449], [-122.27244242900665, 37.90424507791309], [-122.27227831082925, 37.90448513585587], [-122.27212237240308, 37.9044153763826]]]]}",10.5,,,parcel_import_2026-04-25,parcel_import_script,"Imported from berkeley_parcels.csv via APN match",1,,"2026-04-25 18:51:20","2026-04-25 18:51:20"
105,112,1,"{""type"": ""MultiPolygon"", ""coordinates"": [[[[-122.28211753207576, 37.876040484923195], [-122.2823869444151, 37.87600414521808], [-122.28239852809521, 37.87612551523691], [-122.28212904531634, 37.8761591092028], [-122.28211753207576, 37.876040484923195]]]]}",10.5,,,parcel_import_2026-04-25,parcel_import_script,"Imported from berkeley_parcels.csv via APN match",1,,"2026-04-25 18:51:20","2026-04-25 18:51:20"
106,113,1,"{""type"": ""MultiPolygon"", ""coordinates"": [[[[-122.26689246837125, 37.86817183885958], [-122.26705825120678, 37.86814945366185], [-122.26711745398454, 37.86845276803579], [-122.26712941589538, 37.86851851692969], [-122.26696193335101, 37.86854231117494], [-122.26689246837125, 37.86817183885958]]]]}",28.0,,,parcel_import_2026-04-25,parcel_import_script,"Imported from berkeley_parcels.csv via APN match",1,,"2026-04-25 18:51:20","2026-04-25 18:51:20"
107,114,1,"{""type"": ""MultiPolygon"", ""coordinates"": [[[[-122.25266758637845, 37.86679147643808], [-122.25284034920797, 37.86677106089854], [-122.25291904632024, 37.867168857630844], [-122.25275499003358, 37.867191205027964], [-122.25266758637845, 37.86679147643808]]]]}",21.0,,,parcel_import_2026-04-25,parcel_import_script,"Imported from berkeley_parcels.csv via APN match",1,,"2026-04-25 18:51:20","2026-04-25 18:51:20"
108,115,1,"{""type"": ""MultiPolygon"", ""coordinates"": [[[[-122.25813409474087, 37.86579825469264], [-122.25847597731523, 37.86575058138047], [-122.2585151687762, 37.865942274304494], [-122.25812491970417, 37.86599615931336], [-122.25808746666563, 37.865804440266764], [-122.25813409474087, 37.86579825469264]]]]}",28.0,,,parcel_import_2026-04-25,parcel_import_script,"Imported from berkeley_parcels.csv via APN match",0,24,"2026-04-25 18:51:20","2026-04-25 18:51:20"
109,116,1,"{""type"": ""MultiPolygon"", ""coordinates"": [[[[-122.25988664722365, 37.86817378183533], [-122.26007987117404, 37.868148517285], [-122.26014711812886, 37.86850180182801], [-122.25996288683038, 37.868525890942735], [-122.25988664722365, 37.86817378183533]]]]}",26.8,,,parcel_import_2026-04-25,parcel_import_script,"Imported from berkeley_parcels.csv via APN match",1,,"2026-04-25 18:51:20","2026-04-25 18:51:20"
110,117,1,"{""type"": ""MultiPolygon"", ""coordinates"": [[[[-122.26248062648926, 37.866525197048865], [-122.26263610266395, 37.8665070815042], [-122.26270679876866, 37.86685691545285], [-122.26261520897306, 37.86686652375656], [-122.2625460924277, 37.866874426007044], [-122.26248062648926, 37.866525197048865]]]]}",15.2,,,parcel_import_2026-04-25,parcel_import_script,"Imported from berkeley_parcels.csv via APN match",1,,"2026-04-25 18:51:20","2026-04-25 18:51:20"
111,118,1,"{""type"": ""MultiPolygon"", ""coordinates"": [[[[-122.26689246837125, 37.86817183885958], [-122.26705825120678, 37.86814945366185], [-122.26711745398454, 37.86845276803579], [-122.26712941589538, 37.86851851692969], [-122.26696193335101, 37.86854231117494], [-122.26689246837125, 37.86817183885958]]]]}",28.0,,,parcel_import_2026-04-25,parcel_import_script,"Imported from berkeley_parcels.csv via APN match",0,106,"2026-04-25 18:51:20","2026-04-25 18:51:20"
112,119,1,"{""type"": ""MultiPolygon"", ""coordinates"": [[[[-122.26861578654514, 37.87258414350609], [-122.26876257925683, 37.872564086797134], [-122.26890591382205, 37.8725447664162], [-122.26896635827721, 37.8725370103022], [-122.26899546537227, 37.87266704007619], [-122.26898164204404, 37.87266861802857], [-122.26862413405016, 37.87271654999075], [-122.26861578654514, 37.87258414350609]]]]}",98.0,,,parcel_import_2026-04-25,parcel_import_script,"Imported from berkeley_parcels.csv via APN match",1,,"2026-04-25 18:51:20","2026-04-25 18:51:20"
113,120,1,"{""type"": ""MultiPolygon"", ""coordinates"": [[[[-122.26809410570006, 37.86799728196314], [-122.26808449132832, 37.86788481305854], [-122.268447246836, 37.86784023737008], [-122.26839820987634, 37.86760063152184], [-122.26879025142163, 37.867548756921884], [-122.26885786624739, 37.86791442273089], [-122.26884579381257, 37.867916663179415], [-122.26885982286495, 37.86799611537222], [-122.2684332273109, 37.868051249068806], [-122.2684171238047, 37.86795742455347], [-122.26809410570006, 37.86799728196314]]]]}",59.5,,,parcel_import_2026-04-25,parcel_import_script,"Imported from berkeley_parcels.csv via APN match",1,,"2026-04-25 18:51:20","2026-04-25 18:51:20"
114,121,1,"{""type"": ""MultiPolygon"", ""coordinates"": [[[[-122.27105896681327, 37.87055306217254], [-122.2710220155198, 37.87037003609498], [-122.2710215970311, 37.870367967743064], [-122.2713999675061, 37.870319965563304], [-122.27140043655491, 37.87031990267174], [-122.27153797075826, 37.87030245299931], [-122.27154176841871, 37.87030197087215], [-122.27158559358782, 37.87053711325723], [-122.27160826866718, 37.87065877831867], [-122.27161028922558, 37.87066961713597], [-122.27109619591256, 37.87073745180535], [-122.27105896681327, 37.87055306217254]]]]}",52.5,,,parcel_import_2026-04-25,parcel_import_script,"Imported from berkeley_parcels.csv via APN match",1,,"2026-04-25 18:51:20","2026-04-25 18:51:20"
115,122,1,"{""type"": ""MultiPolygon"", ""coordinates"": [[[[-122.25800675303839, 37.86839309275174], [-122.25821572191657, 37.8683652725858], [-122.25839705772249, 37.86834128423369], [-122.25841779529007, 37.868338911969516], [-122.25848876174013, 37.86870179976934], [-122.25807769476411, 37.86875462148472], [-122.25800675303839, 37.86839309275174]]]]}",42.0,,,parcel_import_2026-04-25,parcel_import_script,"Imported from berkeley_parcels.csv via APN match",1,,"2026-04-25 18:51:20","2026-04-25 18:51:20"
116,123,1,"{""type"": ""MultiPolygon"", ""coordinates"": [[[[-122.26834072600992, 37.86671496660818], [-122.26867929584796, 37.866673497141136], [-122.26874837082353, 37.86702749408837], [-122.26857562398996, 37.86704861446543], [-122.26841151195394, 37.86706823711974], [-122.26834072600992, 37.86671496660818]]]]}",27.4,,,parcel_import_2026-04-25,parcel_import_script,"Imported from berkeley_parcels.csv via APN match",1,,"2026-04-25 18:51:20","2026-04-25 18:51:20"
117,124,1,"{""type"": ""MultiPolygon"", ""coordinates"": [[[[-122.25901422686232, 37.865655353443124], [-122.25899365024874, 37.865518324014225], [-122.25915768759043, 37.865495271075254], [-122.25922697322375, 37.865860251645536], [-122.2590576934881, 37.865881312276805], [-122.25901422686232, 37.865655353443124]]]]}",25.9,,,parcel_import_2026-04-25,parcel_import_script,"Imported from berkeley_parcels.csv via APN match",1,,"2026-04-25 18:51:20","2026-04-25 18:51:20"
118,126,1,"{""type"": ""MultiPolygon"", ""coordinates"": [[[[-122.28929177722608, 37.86193637886238], [-122.2892600231865, 37.8618407230334], [-122.2892469620572, 37.861801781296606], [-122.28957962824481, 37.8617328697494], [-122.28962991203038, 37.86187837700161], [-122.28929547315306, 37.86194525007528], [-122.28929177722608, 37.86193637886238]]]]}",21.3,,,parcel_import_2026-04-25,parcel_import_script,"Imported from berkeley_parcels.csv via APN match",1,,"2026-04-25 18:51:20","2026-04-25 18:51:20"
119,132,1,"{""type"": ""MultiPolygon"", ""coordinates"": [[[[-122.27953744380063, 37.87834412351837], [-122.27947613526518, 37.8782441051763], [-122.27937140432965, 37.878067830460495], [-122.27949925031538, 37.87805216981601], [-122.27968287834075, 37.87841198209196], [-122.27965368812832, 37.87842272172306], [-122.27959702047286, 37.87844416637996], [-122.27953744380063, 37.87834412351837]]]]}",10.5,,,parcel_import_2026-04-25,parcel_import_script,"Imported from berkeley_parcels.csv via APN match",1,,"2026-04-25 18:51:20","2026-04-25 18:51:20"
120,134,1,"{""type"": ""MultiPolygon"", ""coordinates"": [[[[-122.2595587597614, 37.868308179338456], [-122.25953932075286, 37.86821919875468], [-122.25970722876374, 37.86819724196478], [-122.25978774005284, 37.8685487922007], [-122.25961313505856, 37.86857162269864], [-122.2595587597614, 37.868308179338456]]]]}",28.0,,,parcel_import_2026-04-25,parcel_import_script,"Imported from berkeley_parcels.csv via APN match",1,,"2026-04-25 18:51:20","2026-04-25 18:51:20"
121,135,1,"{""type"": ""MultiPolygon"", ""coordinates"": [[[[-122.26671284786879, 37.86819513897487], [-122.26689246837125, 37.86817183885958], [-122.26696193335101, 37.86854231117494], [-122.26678756792572, 37.86856826056821], [-122.26671284786879, 37.86819513897487]]]]}",10.5,,,parcel_import_2026-04-25,parcel_import_script,"Imported from berkeley_parcels.csv via APN match",1,,"2026-04-25 18:51:20","2026-04-25 18:51:20"
122,136,1,"{""type"": ""MultiPolygon"", ""coordinates"": [[[[-122.26831682172471, 37.87299924843254], [-122.26789110985354, 37.87305507407676], [-122.2678486751289, 37.87268818744872], [-122.26784862374527, 37.872687750002925], [-122.26785070147159, 37.87268747721464], [-122.26808832685522, 37.87265631716893], [-122.2682871983009, 37.87263023881466], [-122.26829253320255, 37.872629539221805], [-122.26832246990735, 37.872998490398984], [-122.26831682172471, 37.87299924843254]]]]}",10.5,,,parcel_import_2026-04-25,parcel_import_script,"Imported from berkeley_parcels.csv via APN match",1,,"2026-04-25 18:51:20","2026-04-25 18:51:20"
123,137,1,"{""type"": ""MultiPolygon"", ""coordinates"": [[[[-122.27039695789797, 37.87149925005609], [-122.2705802418811, 37.87148413456205], [-122.27060710792944, 37.87173850398432], [-122.27042742639472, 37.87175973367047], [-122.27039695789797, 37.87149925005609]]]]}",10.5,,,parcel_import_2026-04-25,parcel_import_script,"Imported from berkeley_parcels.csv via APN match",1,,"2026-04-25 18:51:20","2026-04-25 18:51:20"
124,138,1,"{""type"": ""MultiPolygon"", ""coordinates"": [[[[-122.27245934190269, 37.87072941316434], [-122.2727754389462, 37.87068964799388], [-122.2728190673195, 37.871065301893694], [-122.2725081437602, 37.87110430329983], [-122.27245934190269, 37.87072941316434]]]]}",10.5,,,parcel_import_2026-04-25,parcel_import_script,"Imported from berkeley_parcels.csv via APN match",1,,"2026-04-25 18:51:20","2026-04-25 18:51:20"
125,139,1,"{""type"": ""MultiPolygon"", ""coordinates"": [[[[-122.25706973713083, 37.86759881421826], [-122.25723553734598, 37.86757712164093], [-122.2573078261212, 37.86792282007067], [-122.25714041107342, 37.86794934609672], [-122.25706973713083, 37.86759881421826]]]]}",28.0,,,parcel_import_2026-04-25,parcel_import_script,"Imported from berkeley_parcels.csv via APN match",1,,"2026-04-25 18:51:20","2026-04-25 18:51:20"
126,140,1,"{""type"": ""MultiPolygon"", ""coordinates"": [[[[-122.29187722898011, 37.86663262718028], [-122.29198639746271, 37.86661157786645], [-122.2920209372054, 37.86671787770789], [-122.29210195454256, 37.86696815199153], [-122.29214119844286, 37.86708938296112], [-122.29168772360184, 37.86717867955219], [-122.29153238681103, 37.86670036502953], [-122.29187722898011, 37.86663262718028]]]]}",21.0,,,parcel_import_2026-04-25,parcel_import_script,"Imported from berkeley_parcels.csv via APN match",1,,"2026-04-25 18:51:20","2026-04-25 18:51:20"
127,141,1,"{""type"": ""MultiPolygon"", ""coordinates"": [[[[-122.26811485831125, 37.85469499081151], [-122.26827015905893, 37.85467000413911], [-122.26833051542134, 37.85494926659176], [-122.2681716565586, 37.85497018712021], [-122.26811485831125, 37.85469499081151]]]]}",24.5,,,parcel_import_2026-04-25,parcel_import_script,"Imported from berkeley_parcels.csv via APN match",1,,"2026-04-25 18:51:20","2026-04-25 18:51:20"
128,142,1,"{""type"": ""MultiPolygon"", ""coordinates"": [[[[-122.25904553804656, 37.867560456707004], [-122.2593771610291, 37.8675177463639], [-122.25940284232045, 37.86765127202843], [-122.2590694132677, 37.86769058131705], [-122.25904553804656, 37.867560456707004]]]]}",28.0,,,parcel_import_2026-04-25,parcel_import_script,"Imported from berkeley_parcels.csv via APN match",1,,"2026-04-25 18:51:20","2026-04-25 18:51:20"
129,143,1,"{""type"": ""MultiPolygon"", ""coordinates"": [[[[-122.2689516184713, 37.85608056732554], [-122.26920058901027, 37.85613382815464], [-122.26921717188063, 37.856321047781094], [-122.2690220622034, 37.856347320755305], [-122.2689806274467, 37.85635275338876], [-122.26894938605128, 37.8563504612152], [-122.26890891240284, 37.85632361094098], [-122.26889273607873, 37.85629913501145], [-122.26888705037702, 37.85627861690572], [-122.26888659803465, 37.856260078990346], [-122.2688946630166, 37.856234553954096], [-122.2689516184713, 37.85608056732554]]]]}",21.0,,,parcel_import_2026-04-25,parcel_import_script,"Imported from berkeley_parcels.csv via APN match",1,,"2026-04-25 18:51:20","2026-04-25 18:51:20"
130,144,1,"{""type"": ""MultiPolygon"", ""coordinates"": [[[[-122.26712252700682, 37.86409385677063], [-122.26716342944428, 37.86446417845478], [-122.26659348664707, 37.86453717007876], [-122.2665189076699, 37.86417116561537], [-122.26712252700682, 37.86409385677063]]]]}",21.0,,,parcel_import_2026-04-25,parcel_import_script,"Imported from berkeley_parcels.csv via APN match",1,,"2026-04-25 18:51:20","2026-04-25 18:51:20"
131,145,1,"{""type"": ""MultiPolygon"", ""coordinates"": [[[[-122.27323452444641, 37.84923034250092], [-122.27322214858485, 37.84912023331194], [-122.27281227053048, 37.84917477286226], [-122.27277837371086, 37.848873188483175], [-122.27298331308677, 37.84884592254835], [-122.27318825232626, 37.848818655353924], [-122.27316511586814, 37.84861281266259], [-122.27357499163948, 37.84855827815998], [-122.27365831685873, 37.84929958645437], [-122.27324843703113, 37.8493541211987], [-122.27323452444641, 37.84923034250092]]]]}",17.5,,,parcel_import_2026-04-25,parcel_import_script,"Imported from berkeley_parcels.csv via APN match",1,,"2026-04-25 18:51:20","2026-04-25 18:51:20"
132,146,1,"{""type"": ""MultiPolygon"", ""coordinates"": [[[[-122.25943410773516, 37.859254599492445], [-122.25962061785957, 37.859230531710985], [-122.25965582567575, 37.85940030160218], [-122.25940877030206, 37.85942870509926], [-122.25943410773516, 37.859254599492445]]]]}",14.0,,,parcel_import_2026-04-25,parcel_import_script,"Imported from berkeley_parcels.csv via APN match",1,,"2026-04-25 18:51:20","2026-04-25 18:51:20"
133,147,1,"{""type"": ""MultiPolygon"", ""coordinates"": [[[[-122.26378897336537, 37.867852247630935], [-122.26413959257442, 37.86780718302568], [-122.26417669281781, 37.867983117228995], [-122.26382768758215, 37.86802334758866], [-122.26378897336537, 37.867852247630935]]]]}",24.5,,,parcel_import_2026-04-25,parcel_import_script,"Imported from berkeley_parcels.csv via APN match",1,,"2026-04-25 18:51:20","2026-04-25 18:51:20"
134,148,1,"{""type"": ""MultiPolygon"", ""coordinates"": [[[[-122.26873899422633, 37.86241989428217], [-122.2688511845325, 37.862403114042905], [-122.26886674445971, 37.862401507222074], [-122.26892849358116, 37.862739114769084], [-122.2688077024503, 37.86275877898005], [-122.26873899422633, 37.86241989428217]]]]}",21.0,,,parcel_import_2026-04-25,parcel_import_script,"Imported from berkeley_parcels.csv via APN match",1,,"2026-04-25 18:51:20","2026-04-25 18:51:20"
135,149,1,"{""type"": ""MultiPolygon"", ""coordinates"": [[[[-122.29178949134955, 37.86637095150585], [-122.29187722898011, 37.86663262718028], [-122.29153238681103, 37.86670036502953], [-122.29144809912512, 37.866438630553766], [-122.29178949134955, 37.86637095150585]]]]}",24.5,,,parcel_import_2026-04-25,parcel_import_script,"Imported from berkeley_parcels.csv via APN match",1,,"2026-04-25 18:51:20","2026-04-25 18:51:20"
136,150,1,"{""type"": ""MultiPolygon"", ""coordinates"": [[[[-122.26008147422328, 37.85463378766737], [-122.26062199493607, 37.85456460900806], [-122.26063375288217, 37.85462211326826], [-122.2606396300726, 37.85465155667876], [-122.26061027309375, 37.854654739572574], [-122.2606240064243, 37.854722511155664], [-122.26068078914706, 37.85499840756434], [-122.26001933715119, 37.85508106339045], [-122.2600756468561, 37.854634522556275], [-122.26008147422328, 37.85463378766737]]]]}",35.0,,,parcel_import_2026-04-25,parcel_import_script,"Imported from berkeley_parcels.csv via APN match",1,,"2026-04-25 18:51:20","2026-04-25 18:51:20"
137,151,1,"{""type"": ""MultiPolygon"", ""coordinates"": [[[[-122.28755363243624, 37.85428954733504], [-122.2869060695018, 37.8522866296952], [-122.28890695408803, 37.85186900838737], [-122.28930579741785, 37.85310864425001], [-122.28925350212391, 37.85316301019162], [-122.28922469236595, 37.85319296749443], [-122.28946178909911, 37.85390285071467], [-122.28755363243624, 37.85428954733504]], [[-122.28887122496863, 37.85326012582978], [-122.28886079987059, 37.85318680108658], [-122.28850063442277, 37.85326368879762], [-122.28859637292173, 37.85357056250449], [-122.28866698940203, 37.85355368695596], [-122.288721567525, 37.853518527250365], [-122.28875541194913, 37.85348574518118], [-122.28880915796672, 37.85341626629729], [-122.28885209904458, 37.85332908558792], [-122.28887122496863, 37.85326012582978]]]]}",70.0,,,parcel_import_2026-04-25,parcel_import_script,"Imported from berkeley_parcels.csv via APN match",1,,"2026-04-25 18:51:20","2026-04-25 18:51:20"
138,152,1,"{""type"": ""MultiPolygon"", ""coordinates"": [[[[-122.27982789959513, 37.870158458631515], [-122.28000409055281, 37.87013657132588], [-122.28013881797791, 37.870119429710435], [-122.28018605026783, 37.870499160719106], [-122.27986992450103, 37.870537567558266], [-122.27982789959513, 37.870158458631515]]]]}",28.0,,,parcel_import_2026-04-25,parcel_import_script,"Imported from berkeley_parcels.csv via APN match",1,,"2026-04-25 18:51:20","2026-04-25 18:51:20"
139,153,1,"{""type"": ""MultiPolygon"", ""coordinates"": [[[[-122.29329535431697, 37.872120473947774], [-122.29317937306163, 37.8717658364801], [-122.2935069934474, 37.87170112169829], [-122.29359649475589, 37.87196344821051], [-122.29370777790587, 37.87194068856764], [-122.2937078408349, 37.87194088542696], [-122.2937362662525, 37.87202966473449], [-122.29373647493694, 37.872030314917076], [-122.29329535431697, 37.872120473947774]]]]}",35.0,,,parcel_import_2026-04-25,parcel_import_script,"Imported from berkeley_parcels.csv via APN match",1,,"2026-04-25 18:51:20","2026-04-25 18:51:20"
140,154,1,"{""type"": ""MultiPolygon"", ""coordinates"": [[[[-122.26801435446409, 37.85560352017218], [-122.26805884192954, 37.855597879726716], [-122.26804503831112, 37.85548857423015], [-122.26811344306456, 37.85547990177098], [-122.26807893164928, 37.85520663937028], [-122.26858714428717, 37.85514220475695], [-122.26859649231442, 37.85514167517936], [-122.26860581891533, 37.85514239376007], [-122.26861486057186, 37.85514433993507], [-122.2686233597965, 37.85514745802748], [-122.26863107419884, 37.85515166000763], [-122.26863778445087, 37.855156824641256], [-122.26864330100928, 37.85516280744558], [-122.2686474652964, 37.85516943618993], [-122.26865015866888, 37.855176523569725], [-122.2686513058279, 37.855183867227495], [-122.26865087472105, 37.85519125966661], [-122.26864887426922, 37.855198488237114], [-122.26847150790736, 37.85565661552959], [-122.2680281580558, 37.85571282566998], [-122.26802801158169, 37.85571165938652], [-122.26801435446409, 37.85560352017218]]]]}",3.5,,,parcel_import_2026-04-25,parcel_import_script,"Imported from berkeley_parcels.csv via APN match",1,,"2026-04-25 18:51:20","2026-04-25 18:51:20"
141,155,1,"{""type"": ""MultiPolygon"", ""coordinates"": [[[[-122.28208013961356, 37.874556417336635], [-122.28222349090716, 37.87453776763364], [-122.28225611172685, 37.874813329143876], [-122.2821214290198, 37.87483252745301], [-122.28211517795165, 37.87478867304238], [-122.28208013961356, 37.874556417336635]]]]}",24.5,,,parcel_import_2026-04-25,parcel_import_script,"Imported from berkeley_parcels.csv via APN match",1,,"2026-04-25 18:51:20","2026-04-25 18:51:20"
142,156,1,"{""type"": ""MultiPolygon"", ""coordinates"": [[[[-122.26751151180275, 37.86266901739254], [-122.26797609185039, 37.862609868022666], [-122.26802191273097, 37.86286051489864], [-122.26753839663859, 37.86292543298442], [-122.26751151180275, 37.86266901739254]]]]}",24.5,,,parcel_import_2026-04-25,parcel_import_script,"Imported from berkeley_parcels.csv via APN match",1,,"2026-04-25 18:51:20","2026-04-25 18:51:20"
143,157,1,"{""type"": ""MultiPolygon"", ""coordinates"": [[[[-122.25812878616863, 37.863884127698384], [-122.25812018030621, 37.86379282035163], [-122.25811157644763, 37.8637015418569], [-122.25809892704267, 37.86356734717831], [-122.25829482779483, 37.86355573440175], [-122.25829614971663, 37.86356937026654], [-122.258492600615, 37.863544490000585], [-122.25841376640629, 37.86409671989505], [-122.25815029750429, 37.86411233880385], [-122.25813739005689, 37.86397540709073], [-122.25812878616863, 37.863884127698384]]]]}",28.0,,,parcel_import_2026-04-25,parcel_import_script,"Imported from berkeley_parcels.csv via APN match",1,,"2026-04-25 18:51:20","2026-04-25 18:51:20"
144,158,1,"{""type"": ""MultiPolygon"", ""coordinates"": [[[[-122.28507555435668, 37.87015337570012], [-122.28524829277372, 37.870132230178875], [-122.28530864562822, 37.87040805047056], [-122.28512728303906, 37.87043139514015], [-122.28507555435668, 37.87015337570012]]]]}",14.0,,,parcel_import_2026-04-25,parcel_import_script,"Imported from berkeley_parcels.csv via APN match",1,,"2026-04-25 18:51:20","2026-04-25 18:51:20"
145,159,1,"{""type"": ""MultiPolygon"", ""coordinates"": [[[[-122.28951510425468, 37.862648535716694], [-122.28986047195664, 37.86260279299499], [-122.2899278240271, 37.86280982982716], [-122.28958250602045, 37.862857641510324], [-122.28951510425468, 37.862648535716694]]]]}",14.0,,,parcel_import_2026-04-25,parcel_import_script,"Imported from berkeley_parcels.csv via APN match",1,,"2026-04-25 18:51:20","2026-04-25 18:51:20"
146,160,1,"{""type"": ""MultiPolygon"", ""coordinates"": [[[[-122.26592819629349, 37.86609048144079], [-122.26595040612291, 37.866223371233076], [-122.26578465108499, 37.86624645176639], [-122.26575729064567, 37.86611638692021], [-122.26592819629349, 37.86609048144079]]]]}",14.0,,,parcel_import_2026-04-25,parcel_import_script,"Imported from berkeley_parcels.csv via APN match",1,,"2026-04-25 18:51:20","2026-04-25 18:51:20"
147,161,1,"{""type"": ""MultiPolygon"", ""coordinates"": [[[[-122.25345277579832, 37.86402343221996], [-122.25362919192915, 37.864011880322586], [-122.25366044359352, 37.86423390797881], [-122.25347877433568, 37.86424345729067], [-122.25345277579832, 37.86402343221996]]]]}",14.3,,,parcel_import_2026-04-25,parcel_import_script,"Imported from berkeley_parcels.csv via APN match",1,,"2026-04-25 18:51:20","2026-04-25 18:51:20"
148,162,1,"{""type"": ""MultiPolygon"", ""coordinates"": [[[[-122.2878720031796, 37.85528180888238], [-122.28832881788608, 37.855189734684664], [-122.28836663474193, 37.85532169289956], [-122.28791503199007, 37.85541368519503], [-122.2878720031796, 37.85528180888238]]]]}",7.0,,,parcel_import_2026-04-25,parcel_import_script,"Imported from berkeley_parcels.csv via APN match",1,,"2026-04-25 18:51:20","2026-04-25 18:51:20"
149,163,1,"{""type"": ""MultiPolygon"", ""coordinates"": [[[[-122.26419851657487, 37.862636179995675], [-122.26436773075416, 37.862613046652854], [-122.26439328315065, 37.86274038949876], [-122.26441683567595, 37.86285677634831], [-122.26444057131724, 37.86298071085767], [-122.26427307092966, 37.86300313397537], [-122.26419851657487, 37.862636179995675]]]]}",10.5,,,parcel_import_2026-04-25,parcel_import_script,"Imported from berkeley_parcels.csv via APN match",1,,"2026-04-25 18:51:20","2026-04-25 18:51:20"
150,164,1,"{""type"": ""MultiPolygon"", ""coordinates"": [[[[-122.26891952595507, 37.87529478389757], [-122.26926483928594, 37.87524428965758], [-122.26926953086924, 37.87529572390658], [-122.2692716275741, 37.87531080199859], [-122.26921982126885, 37.87531775114409], [-122.26924642398214, 37.87556182091574], [-122.2689561563897, 37.875595690117436], [-122.26891952595507, 37.87529478389757]]]]}",24.5,,,parcel_import_2026-04-25,parcel_import_script,"Imported from berkeley_parcels.csv via APN match",1,,"2026-04-25 18:51:20","2026-04-25 18:51:20"
151,73,1,"{""type"": ""MultiPolygon"", ""coordinates"": [[[[-122.26005531229625, 37.882372480563724], [-122.2604015434318, 37.882359075731564], [-122.26042595283587, 37.88251184622342], [-122.26017330992129, 37.882525911428694], [-122.26009373461838, 37.88253122371832], [-122.2600833587867, 37.882532065200046], [-122.26007328051445, 37.882472481604395], [-122.26005531229625, 37.882372480563724]]]]}",10.5,,,le_roy_recovery_2026-04-25,manual,"APN recovered via Accela investigation (B2025-01348). Vacant lot at Le Roy/Ridge corner, SB 9 SFR project.",1,,"2026-04-25 19:14:15","2026-04-25 19:14:15"
152,130,9,"{""type"": ""Polygon"", ""coordinates"": [[[-122.26389530268007, 37.8891697231143], [-122.2639501342187, 37.88956364621551], [-122.26434405731992, 37.8894756568857], [-122.26428922578128, 37.889081733784494], [-122.26389530268007, 37.8891697231143]]]}",,,,synthetic_fallback_2026-04-25,synthetic_footprint_script,,1,,"2026-04-25 19:26:51","2026-04-25 19:26:51"
153,129,9,"{""type"": ""Polygon"", ""coordinates"": [[[-122.29953424341068, 37.873183136533896], [-122.29958907494931, 37.8735770596351], [-122.29998299805052, 37.8734890703053], [-122.29992816651189, 37.87309514720409], [-122.29953424341068, 37.873183136533896]]]}",,,,synthetic_fallback_2026-04-25,synthetic_footprint_script,,1,,"2026-04-25 19:26:51","2026-04-25 19:26:51"
154,47,9,"{""type"": ""Polygon"", ""coordinates"": [[[-122.27453862268007, 37.882855033114296], [-122.2745934542187, 37.8832489562155], [-122.27498737731992, 37.8831609668857], [-122.27493254578128, 37.88276704378449], [-122.27453862268007, 37.882855033114296]]]}",,,,synthetic_fallback_2026-04-25,synthetic_footprint_script,,1,,"2026-04-25 19:26:51","2026-04-25 19:26:51"
155,4,9,"{""type"": ""Polygon"", ""coordinates"": [[[-122.29907154636064, 37.86807704770219], [-122.29912637789927, 37.86847097080339], [-122.29952030100048, 37.86838298147359], [-122.29946546946185, 37.86798905837238], [-122.29907154636064, 37.86807704770219]]]}",,,,synthetic_fallback_2026-04-25,synthetic_footprint_script,,1,,"2026-04-25 19:26:51","2026-04-25 19:26:51"
156,170,9,"{""type"": ""Polygon"", ""coordinates"": [[[-122.26577562268008, 37.8723470331143], [-122.26583045421872, 37.87274095621551], [-122.26622437731993, 37.8726529668857], [-122.2661695457813, 37.872259043784496], [-122.26577562268008, 37.8723470331143]]]}",,,,synthetic_fallback_2026-04-25,synthetic_footprint_script,,1,,"2026-04-25 19:26:51","2026-04-25 19:26:51"
157,133,9,"{""type"": ""Polygon"", ""coordinates"": [[[-122.26596420268008, 37.8701123031143], [-122.26601903421871, 37.870506226215504], [-122.26641295731993, 37.8704182368857], [-122.2663581257813, 37.87002431378449], [-122.26596420268008, 37.8701123031143]]]}",,,,synthetic_fallback_2026-04-25,synthetic_footprint_script,,1,,"2026-04-25 19:26:51","2026-04-25 19:26:51"
158,165,9,"{""type"": ""Polygon"", ""coordinates"": [[[-122.26536115268007, 37.8672850931143], [-122.2654159842187, 37.867679016215504], [-122.26580990731992, 37.8675910268857], [-122.26575507578129, 37.86719710378449], [-122.26536115268007, 37.8672850931143]]]}",,,,synthetic_fallback_2026-04-25,synthetic_footprint_script,,1,,"2026-04-25 19:26:51","2026-04-25 19:26:51"
159,55,9,"{""type"": ""Polygon"", ""coordinates"": [[[-122.29712296306715, 37.864193172108905], [-122.29717779460579, 37.86458709521011], [-122.297571717707, 37.864499105880306], [-122.29751688616837, 37.8641051827791], [-122.29712296306715, 37.864193172108905]]]}",,,,synthetic_fallback_2026-04-25,synthetic_footprint_script,,1,,"2026-04-25 19:26:51","2026-04-25 19:26:51"
160,171,8,"{""type"": ""Polygon"", ""coordinates"": [[[-122.2566210475748, 37.86683078872532], [-122.25668958699809, 37.86732319260183], [-122.25737895242521, 37.86716921127467], [-122.25731041300192, 37.866676807398164], [-122.2566210475748, 37.86683078872532]]]}",,,,synthetic_fallback_2026-04-25,synthetic_footprint_script,,1,,"2026-04-25 19:26:51","2026-04-25 19:26:51"
161,177,8,"{""type"": ""Polygon"", ""coordinates"": [[[-122.25596, 37.86538], [-122.25596, 37.86612], [-122.2575, 37.86612], [-122.2575, 37.86538], [-122.25596, 37.86538]]]}",,,,synthetic_fallback_2026-04-25,synthetic_footprint_script,,1,,"2026-04-25 19:26:51","2026-04-25 19:26:51"
162,37,9,"{""type"": ""Polygon"", ""coordinates"": [[[-122.25891545717856, 37.86252976273843], [-122.2589702887172, 37.86292368583964], [-122.25936421181841, 37.86283569650983], [-122.25930938027977, 37.86244177340863], [-122.25891545717856, 37.86252976273843]]]}",,,,synthetic_fallback_2026-04-25,synthetic_footprint_script,,1,,"2026-04-25 19:26:51","2026-04-25 19:26:51"
163,127,9,"{""type"": ""Polygon"", ""coordinates"": [[[-122.28789594268008, 37.8551487031143], [-122.28795077421871, 37.85554262621551], [-122.28834469731993, 37.8554546368857], [-122.2882898657813, 37.855060713784496], [-122.28789594268008, 37.8551487031143]]]}",,,,synthetic_fallback_2026-04-25,synthetic_footprint_script,,1,,"2026-04-25 19:26:51","2026-04-25 19:26:51"
164,128,9,"{""type"": ""Polygon"", ""coordinates"": [[[-122.29539243053752, 37.86391082406296], [-122.29544726207615, 37.86430474716417], [-122.29584118517737, 37.86421675783436], [-122.29578635363873, 37.863822834733156], [-122.29539243053752, 37.86391082406296]]]}",,,,synthetic_fallback_2026-04-25,synthetic_footprint_script,,1,,"2026-04-25 19:26:51","2026-04-25 19:26:51"
165,131,9,"{""type"": ""Polygon"", ""coordinates"": [[[-122.29996366268007, 37.8739986131143], [-122.3000184942187, 37.87439253621551], [-122.30041241731992, 37.8743045468857], [-122.30035758578128, 37.8739106237845], [-122.29996366268007, 37.8739986131143]]]}",,,,synthetic_fallback_2026-04-25,synthetic_footprint_script,,1,,"2026-04-25 19:26:51","2026-04-25 19:26:51"
